2026-01-12 20:46:11,297 - [INFO] - 🕵️‍♂️ JOB BAŞLADI: Yeni talep var mı diye bakılıyor...
2026-01-12 20:46:11,298 - [INFO] - 📝 Yeni Talep Bulundu: Ahmet, 2 gün izin istiyor.
2026-01-12 20:46:11,298 - [INFO] - 🤖 AI Düşünüyor: 'Ahmet, 2 gün izin istiyor.' talebi analiz ediliyor...
2026-01-12 20:46:13,301 - [INFO] - ⚖️ Karar Verildi: ONAY
2026-01-12 20:46:13,302 - [INFO] - ✅ Veritabanı güncellendi. İşlem tamam.
2026-01-12 20:46:23,330 - [INFO] - 🕵️‍♂️ JOB BAŞLADI: Yeni talep var mı diye bakılıyor...
2026-01-12 20:46:23,331 - [INFO] - 📝 Yeni Talep Bulundu: Ahmet, 2 gün izin istiyor.
2026-01-12 20:46:23,332 - [INFO] - 🤖 AI Düşünüyor: 'Ahmet, 2 gün izin istiyor.' talebi analiz ediliyor...
2026-01-12 20:46:25,337 - [INFO] - ⚖️ Karar Verildi: ONAY
2026-01-12 20:46:25,339 - [INFO] - ✅ Veritabanı güncellendi. İşlem tamam.
2026-01-12 20:46:35,370 - [INFO] - 🕵️‍♂️ JOB BAŞLADI: Yeni talep var mı diye bakılıyor...
2026-01-12 20:46:35,371 - [INFO] - 📝 Yeni Talep Bulundu: Ahmet, 2 gün izin istiyor.
2026-01-12 20:46:35,371 - [INFO] - 🤖 AI Düşünüyor: 'Ahmet, 2 gün izin istiyor.' talebi analiz ediliyor...
2026-01-12 20:46:37,376 - [INFO] - ⚖️ Karar Verildi: ONAY
2026-01-12 20:46:37,377 - [INFO] - ✅ Veritabanı güncellendi. İşlem tamam.
2026-01-12 20:46:47,418 - [INFO] - 🕵️‍♂️ JOB BAŞLADI: Yeni talep var mı diye bakılıyor...
2026-01-12 20:46:47,418 - [INFO] - 📝 Yeni Talep Bulundu: Ahmet, 2 gün izin istiyor.
2026-01-12 20:46:47,419 - [INFO] - 🤖 AI Düşünüyor: 'Ahmet, 2 gün izin istiyor.' talebi analiz ediliyor...
2026-01-12 20:46:49,422 - [INFO] - ⚖️ Karar Verildi: ONAY
2026-01-12 20:46:49,423 - [INFO] - ✅ Veritabanı güncellendi. İşlem tamam.
2026-01-12 20:46:59,460 - [INFO] - 🕵️‍♂️ JOB BAŞLADI: Yeni talep var mı diye bakılıyor...
2026-01-12 20:46:59,462 - [INFO] - 📝 Yeni Talep Bulundu: Ahmet, 2 gün izin istiyor.
2026-01-12 20:46:59,462 - [INFO] - 🤖 AI Düşünüyor: 'Ahmet, 2 gün izin istiyor.' talebi analiz ediliyor...
2026-01-12 20:47:01,463 - [INFO] - ⚖️ Karar Verildi: ONAY
2026-01-12 20:47:01,463 - [INFO] - ✅ Veritabanı güncellendi. İşlem tamam.
2026-01-12 20:47:11,500 - [INFO] - 🕵️‍♂️ JOB BAŞLADI: Yeni talep var mı diye bakılıyor...
2026-01-12 20:47:11,501 - [INFO] - 📝 Yeni Talep Bulundu: Ahmet, 2 gün izin istiyor.
2026-01-12 20:47:11,501 - [INFO] - 🤖 AI Düşünüyor: 'Ahmet, 2 gün izin istiyor.' talebi analiz ediliyor...
2026-01-12 20:47:13,506 - [INFO] - ⚖️ Karar Verildi: ONAY
2026-01-12 20:47:13,506 - [INFO] - ✅ Veritabanı güncellendi. İşlem tamam.
2026-01-12 20:47:23,541 - [INFO] - 🕵️‍♂️ JOB BAŞLADI: Yeni talep var mı diye bakılıyor...
2026-01-12 20:47:23,541 - [INFO] - 📝 Yeni Talep Bulundu: Ahmet, 2 gün izin istiyor.
2026-01-12 20:47:23,541 - [INFO] - 🤖 AI Düşünüyor: 'Ahmet, 2 gün izin istiyor.' talebi analiz ediliyor...
2026-01-12 20:47:25,547 - [INFO] - ⚖️ Karar Verildi: ONAY
2026-01-12 20:47:25,548 - [INFO] - ✅ Veritabanı güncellendi. İşlem tamam.
2026-01-12 20:47:35,588 - [INFO] - 🕵️‍♂️ JOB BAŞLADI: Yeni talep var mı diye bakılıyor...
2026-01-12 20:47:35,589 - [INFO] - 📝 Yeni Talep Bulundu: Ahmet, 2 gün izin istiyor.
2026-01-12 20:47:35,589 - [INFO] - 🤖 AI Düşünüyor: 'Ahmet, 2 gün izin istiyor.' talebi analiz ediliyor...
2026-01-12 20:47:37,594 - [INFO] - ⚖️ Karar Verildi: ONAY
2026-01-12 20:47:37,595 - [INFO] - ✅ Veritabanı güncellendi. İşlem tamam.
2026-01-12 20:47:47,655 - [INFO] - 🕵️‍♂️ JOB BAŞLADI: Yeni talep var mı diye bakılıyor...
2026-01-12 20:47:47,656 - [INFO] - 📝 Yeni Talep Bulundu: Ahmet, 2 gün izin istiyor.
2026-01-12 20:47:47,656 - [INFO] - 🤖 AI Düşünüyor: 'Ahmet, 2 gün izin istiyor.' talebi analiz ediliyor...
2026-01-12 20:47:49,659 - [INFO] - ⚖️ Karar Verildi: ONAY
2026-01-12 20:47:49,659 - [INFO] - ✅ Veritabanı güncellendi. İşlem tamam.
2026-01-12 20:47:59,698 - [INFO] - 🕵️‍♂️ JOB BAŞLADI: Yeni talep var mı diye bakılıyor...
2026-01-12 20:47:59,699 - [INFO] - 📝 Yeni Talep Bulundu: Ahmet, 2 gün izin istiyor.
2026-01-12 20:47:59,700 - [INFO] - 🤖 AI Düşünüyor: 'Ahmet, 2 gün izin istiyor.' talebi analiz ediliyor...
2026-01-12 20:48:01,703 - [INFO] - ⚖️ Karar Verildi: ONAY
2026-01-12 20:48:01,704 - [INFO] - ✅ Veritabanı güncellendi. İşlem tamam.
2026-01-12 20:48:11,751 - [INFO] - 🕵️‍♂️ JOB BAŞLADI: Yeni talep var mı diye bakılıyor...
2026-01-12 20:48:11,752 - [INFO] - 📝 Yeni Talep Bulundu: Ahmet, 2 gün izin istiyor.
2026-01-12 20:48:11,753 - [INFO] - 🤖 AI Düşünüyor: 'Ahmet, 2 gün izin istiyor.' talebi analiz ediliyor...
2026-01-12 20:48:13,754 - [INFO] - ⚖️ Karar Verildi: ONAY
2026-01-12 20:48:13,754 - [INFO] - ✅ Veritabanı güncellendi. İşlem tamam.
2026-01-12 20:48:23,783 - [INFO] - 🕵️‍♂️ JOB BAŞLADI: Yeni talep var mı diye bakılıyor...
2026-01-12 20:48:23,784 - [INFO] - 📝 Yeni Talep Bulundu: Ahmet, 2 gün izin istiyor.
2026-01-12 20:48:23,784 - [INFO] - 🤖 AI Düşünüyor: 'Ahmet, 2 gün izin istiyor.' talebi analiz ediliyor...
2026-01-12 20:48:25,789 - [INFO] - ⚖️ Karar Verildi: ONAY
2026-01-12 20:48:25,790 - [INFO] - ✅ Veritabanı güncellendi. İşlem tamam.
2026-01-12 20:48:35,826 - [INFO] - 🕵️‍♂️ JOB BAŞLADI: Yeni talep var mı diye bakılıyor...
2026-01-12 20:48:35,826 - [INFO] - 📝 Yeni Talep Bulundu: Ahmet, 2 gün izin istiyor.
2026-01-12 20:48:35,826 - [INFO] - 🤖 AI Düşünüyor: 'Ahmet, 2 gün izin istiyor.' talebi analiz ediliyor...
2026-01-12 20:48:37,829 - [INFO] - ⚖️ Karar Verildi: ONAY
2026-01-12 20:48:37,829 - [INFO] - ✅ Veritabanı güncellendi. İşlem tamam.
2026-01-12 20:48:47,871 - [INFO] - 🕵️‍♂️ JOB BAŞLADI: Yeni talep var mı diye bakılıyor...
2026-01-12 20:48:47,871 - [INFO] - 📝 Yeni Talep Bulundu: Ahmet, 2 gün izin istiyor.
2026-01-12 20:48:47,871 - [INFO] - 🤖 AI Düşünüyor: 'Ahmet, 2 gün izin istiyor.' talebi analiz ediliyor...
2026-01-12 20:48:49,877 - [INFO] - ⚖️ Karar Verildi: ONAY
2026-01-12 20:48:49,877 - [INFO] - ✅ Veritabanı güncellendi. İşlem tamam.
2026-01-12 20:48:59,917 - [INFO] - 🕵️‍♂️ JOB BAŞLADI: Yeni talep var mı diye bakılıyor...
2026-01-12 20:48:59,919 - [INFO] - 📝 Yeni Talep Bulundu: Ahmet, 2 gün izin istiyor.
2026-01-12 20:48:59,919 - [INFO] - 🤖 AI Düşünüyor: 'Ahmet, 2 gün izin istiyor.' talebi analiz ediliyor...
2026-01-12 20:49:01,921 - [INFO] - ⚖️ Karar Verildi: ONAY
2026-01-12 20:49:01,922 - [INFO] - ✅ Veritabanı güncellendi. İşlem tamam.
2026-01-12 20:49:11,967 - [INFO] - 🕵️‍♂️ JOB BAŞLADI: Yeni talep var mı diye bakılıyor...
2026-01-12 20:49:11,968 - [INFO] - 📝 Yeni Talep Bulundu: Ahmet, 2 gün izin istiyor.
2026-01-12 20:49:11,968 - [INFO] - 🤖 AI Düşünüyor: 'Ahmet, 2 gün izin istiyor.' talebi analiz ediliyor...
2026-01-12 20:49:13,973 - [INFO] - ⚖️ Karar Verildi: ONAY
2026-01-12 20:49:13,974 - [INFO] - ✅ Veritabanı güncellendi. İşlem tamam.
2026-01-12 20:49:24,021 - [INFO] - 🕵️‍♂️ JOB BAŞLADI: Yeni talep var mı diye bakılıyor...
2026-01-12 20:49:24,021 - [INFO] - 📝 Yeni Talep Bulundu: Ahmet, 2 gün izin istiyor.
2026-01-12 20:49:24,022 - [INFO] - 🤖 AI Düşünüyor: 'Ahmet, 2 gün izin istiyor.' talebi analiz ediliyor...
2026-01-12 20:49:26,027 - [INFO] - ⚖️ Karar Verildi: ONAY
2026-01-12 20:49:26,028 - [INFO] - ✅ Veritabanı güncellendi. İşlem tamam.
2026-01-12 20:49:36,073 - [INFO] - 🕵️‍♂️ JOB BAŞLADI: Yeni talep var mı diye bakılıyor...
2026-01-12 20:49:36,075 - [INFO] - 📝 Yeni Talep Bulundu: Ahmet, 2 gün izin istiyor.
2026-01-12 20:49:36,075 - [INFO] - 🤖 AI Düşünüyor: 'Ahmet, 2 gün izin istiyor.' talebi analiz ediliyor...
2026-01-12 20:49:38,080 - [INFO] - ⚖️ Karar Verildi: ONAY
2026-01-12 20:49:38,081 - [INFO] - ✅ Veritabanı güncellendi. İşlem tamam.
2026-01-12 20:49:48,112 - [INFO] - 🕵️‍♂️ JOB BAŞLADI: Yeni talep var mı diye bakılıyor...
2026-01-12 20:49:48,113 - [INFO] - 📝 Yeni Talep Bulundu: Ahmet, 2 gün izin istiyor.
2026-01-12 20:49:48,113 - [INFO] - 🤖 AI Düşünüyor: 'Ahmet, 2 gün izin istiyor.' talebi analiz ediliyor...
2026-01-12 20:49:50,116 - [INFO] - ⚖️ Karar Verildi: ONAY
2026-01-12 20:49:50,117 - [INFO] - ✅ Veritabanı güncellendi. İşlem tamam.
2026-01-12 20:50:00,160 - [INFO] - 🕵️‍♂️ JOB BAŞLADI: Yeni talep var mı diye bakılıyor...
2026-01-12 20:50:00,161 - [INFO] - 📝 Yeni Talep Bulundu: Ahmet, 2 gün izin istiyor.
2026-01-12 20:50:00,161 - [INFO] - 🤖 AI Düşünüyor: 'Ahmet, 2 gün izin istiyor.' talebi analiz ediliyor...
2026-01-12 20:50:02,162 - [INFO] - ⚖️ Karar Verildi: ONAY
2026-01-12 20:50:02,162 - [INFO] - ✅ Veritabanı güncellendi. İşlem tamam.
2026-01-12 20:50:12,207 - [INFO] - 🕵️‍♂️ JOB BAŞLADI: Yeni talep var mı diye bakılıyor...
2026-01-12 20:50:12,207 - [INFO] - 📝 Yeni Talep Bulundu: Ahmet, 2 gün izin istiyor.
2026-01-12 20:50:12,208 - [INFO] - 🤖 AI Düşünüyor: 'Ahmet, 2 gün izin istiyor.' talebi analiz ediliyor...
2026-01-12 20:50:14,211 - [INFO] - ⚖️ Karar Verildi: ONAY
2026-01-12 20:50:14,212 - [INFO] - ✅ Veritabanı güncellendi. İşlem tamam.
2026-01-12 20:50:24,251 - [INFO] - 🕵️‍♂️ JOB BAŞLADI: Yeni talep var mı diye bakılıyor...
2026-01-12 20:50:24,252 - [INFO] - 📝 Yeni Talep Bulundu: Ahmet, 2 gün izin istiyor.
2026-01-12 20:50:24,252 - [INFO] - 🤖 AI Düşünüyor: 'Ahmet, 2 gün izin istiyor.' talebi analiz ediliyor...
2026-01-12 20:50:26,257 - [INFO] - ⚖️ Karar Verildi: ONAY
2026-01-12 20:50:26,258 - [INFO] - ✅ Veritabanı güncellendi. İşlem tamam.
2026-01-12 20:50:36,292 - [INFO] - 🕵️‍♂️ JOB BAŞLADI: Yeni talep var mı diye bakılıyor...
2026-01-12 20:50:36,293 - [INFO] - 📝 Yeni Talep Bulundu: Ahmet, 2 gün izin istiyor.
2026-01-12 20:50:36,293 - [INFO] - 🤖 AI Düşünüyor: 'Ahmet, 2 gün izin istiyor.' talebi analiz ediliyor...
2026-01-12 20:50:38,297 - [INFO] - ⚖️ Karar Verildi: ONAY
2026-01-12 20:50:38,298 - [INFO] - ✅ Veritabanı güncellendi. İşlem tamam.
2026-01-12 20:50:48,335 - [INFO] - 🕵️‍♂️ JOB BAŞLADI: Yeni talep var mı diye bakılıyor...
2026-01-12 20:50:48,337 - [INFO] - 📝 Yeni Talep Bulundu: Ahmet, 2 gün izin istiyor.
2026-01-12 20:50:48,337 - [INFO] - 🤖 AI Düşünüyor: 'Ahmet, 2 gün izin istiyor.' talebi analiz ediliyor...
2026-01-12 20:50:50,343 - [INFO] - ⚖️ Karar Verildi: ONAY
2026-01-12 20:50:50,343 - [INFO] - ✅ Veritabanı güncellendi. İşlem tamam.
2026-01-12 20:51:00,388 - [INFO] - 🕵️‍♂️ JOB BAŞLADI: Yeni talep var mı diye bakılıyor...
2026-01-12 20:51:00,388 - [INFO] - 📝 Yeni Talep Bulundu: Ahmet, 2 gün izin istiyor.
2026-01-12 20:51:00,389 - [INFO] - 🤖 AI Düşünüyor: 'Ahmet, 2 gün izin istiyor.' talebi analiz ediliyor...
2026-01-12 20:51:02,392 - [INFO] - ⚖️ Karar Verildi: ONAY
2026-01-12 20:51:02,392 - [INFO] - ✅ Veritabanı güncellendi. İşlem tamam.
2026-01-12 20:51:12,438 - [INFO] - 🕵️‍♂️ JOB BAŞLADI: Yeni talep var mı diye bakılıyor...
2026-01-12 20:51:12,439 - [INFO] - 📝 Yeni Talep Bulundu: Ahmet, 2 gün izin istiyor.
2026-01-12 20:51:12,440 - [INFO] - 🤖 AI Düşünüyor: 'Ahmet, 2 gün izin istiyor.' talebi analiz ediliyor...
2026-01-12 20:51:14,441 - [INFO] - ⚖️ Karar Verildi: ONAY
2026-01-12 20:51:14,441 - [INFO] - ✅ Veritabanı güncellendi. İşlem tamam.
2026-01-12 20:51:24,476 - [INFO] - 🕵️‍♂️ JOB BAŞLADI: Yeni talep var mı diye bakılıyor...
2026-01-12 20:51:24,477 - [INFO] - 📝 Yeni Talep Bulundu: Ahmet, 2 gün izin istiyor.
2026-01-12 20:51:24,477 - [INFO] - 🤖 AI Düşünüyor: 'Ahmet, 2 gün izin istiyor.' talebi analiz ediliyor...
2026-01-12 20:51:26,483 - [INFO] - ⚖️ Karar Verildi: ONAY
2026-01-12 20:51:26,483 - [INFO] - ✅ Veritabanı güncellendi. İşlem tamam.
2026-01-12 20:51:36,534 - [INFO] - 🕵️‍♂️ JOB BAŞLADI: Yeni talep var mı diye bakılıyor...
2026-01-12 20:51:36,535 - [INFO] - 📝 Yeni Talep Bulundu: Ahmet, 2 gün izin istiyor.
2026-01-12 20:51:36,535 - [INFO] - 🤖 AI Düşünüyor: 'Ahmet, 2 gün izin istiyor.' talebi analiz ediliyor...
2026-01-12 20:51:38,537 - [INFO] - ⚖️ Karar Verildi: ONAY
2026-01-12 20:51:38,538 - [INFO] - ✅ Veritabanı güncellendi. İşlem tamam.
2026-01-12 20:51:48,580 - [INFO] - 🕵️‍♂️ JOB BAŞLADI: Yeni talep var mı diye bakılıyor...
2026-01-12 20:51:48,581 - [INFO] - 📝 Yeni Talep Bulundu: Ahmet, 2 gün izin istiyor.
2026-01-12 20:51:48,581 - [INFO] - 🤖 AI Düşünüyor: 'Ahmet, 2 gün izin istiyor.' talebi analiz ediliyor...
2026-01-12 20:51:50,585 - [INFO] - ⚖️ Karar Verildi: ONAY
2026-01-12 20:51:50,585 - [INFO] - ✅ Veritabanı güncellendi. İşlem tamam.
2026-01-12 20:52:00,621 - [INFO] - 🕵️‍♂️ JOB BAŞLADI: Yeni talep var mı diye bakılıyor...
2026-01-12 20:52:00,623 - [INFO] - 📝 Yeni Talep Bulundu: Ahmet, 2 gün izin istiyor.
2026-01-12 20:52:00,623 - [INFO] - 🤖 AI Düşünüyor: 'Ahmet, 2 gün izin istiyor.' talebi analiz ediliyor...
2026-01-12 20:52:02,624 - [INFO] - ⚖️ Karar Verildi: ONAY
2026-01-12 20:52:02,625 - [INFO] - ✅ Veritabanı güncellendi. İşlem tamam.
2026-01-12 20:52:12,662 - [INFO] - 🕵️‍♂️ JOB BAŞLADI: Yeni talep var mı diye bakılıyor...
2026-01-12 20:52:12,662 - [INFO] - 📝 Yeni Talep Bulundu: Ahmet, 2 gün izin istiyor.
2026-01-12 20:52:12,662 - [INFO] - 🤖 AI Düşünüyor: 'Ahmet, 2 gün izin istiyor.' talebi analiz ediliyor...
2026-01-12 20:52:14,668 - [INFO] - ⚖️ Karar Verildi: ONAY
2026-01-12 20:52:14,671 - [INFO] - ✅ Veritabanı güncellendi. İşlem tamam.
2026-01-12 20:52:24,708 - [INFO] - 🕵️‍♂️ JOB BAŞLADI: Yeni talep var mı diye bakılıyor...
2026-01-12 20:52:24,708 - [INFO] - 📝 Yeni Talep Bulundu: Ahmet, 2 gün izin istiyor.
2026-01-12 20:52:24,708 - [INFO] - 🤖 AI Düşünüyor: 'Ahmet, 2 gün izin istiyor.' talebi analiz ediliyor...
2026-01-12 20:52:26,713 - [INFO] - ⚖️ Karar Verildi: ONAY
2026-01-12 20:52:26,714 - [INFO] - ✅ Veritabanı güncellendi. İşlem tamam.
2026-01-12 20:52:36,759 - [INFO] - 🕵️‍♂️ JOB BAŞLADI: Yeni talep var mı diye bakılıyor...
2026-01-12 20:52:36,760 - [INFO] - 📝 Yeni Talep Bulundu: Ahmet, 2 gün izin istiyor.
2026-01-12 20:52:36,760 - [INFO] - 🤖 AI Düşünüyor: 'Ahmet, 2 gün izin istiyor.' talebi analiz ediliyor...
2026-01-12 20:52:38,766 - [INFO] - ⚖️ Karar Verildi: ONAY
2026-01-12 20:52:38,766 - [INFO] - ✅ Veritabanı güncellendi. İşlem tamam.
2026-01-12 20:52:48,804 - [INFO] - 🕵️‍♂️ JOB BAŞLADI: Yeni talep var mı diye bakılıyor...
2026-01-12 20:52:48,804 - [INFO] - 📝 Yeni Talep Bulundu: Ahmet, 2 gün izin istiyor.
2026-01-12 20:52:48,804 - [INFO] - 🤖 AI Düşünüyor: 'Ahmet, 2 gün izin istiyor.' talebi analiz ediliyor...
2026-01-12 20:52:50,808 - [INFO] - ⚖️ Karar Verildi: ONAY
2026-01-12 20:52:50,808 - [INFO] - ✅ Veritabanı güncellendi. İşlem tamam.
2026-01-12 20:53:00,838 - [INFO] - 🕵️‍♂️ JOB BAŞLADI: Yeni talep var mı diye bakılıyor...
2026-01-12 20:53:00,839 - [INFO] - 📝 Yeni Talep Bulundu: Ahmet, 2 gün izin istiyor.
2026-01-12 20:53:00,839 - [INFO] - 🤖 AI Düşünüyor: 'Ahmet, 2 gün izin istiyor.' talebi analiz ediliyor...
2026-01-12 20:53:02,844 - [INFO] - ⚖️ Karar Verildi: ONAY
2026-01-12 20:53:02,844 - [INFO] - ✅ Veritabanı güncellendi. İşlem tamam.
2026-01-12 20:53:12,881 - [INFO] - 🕵️‍♂️ JOB BAŞLADI: Yeni talep var mı diye bakılıyor...
2026-01-12 20:53:12,884 - [INFO] - 📝 Yeni Talep Bulundu: Ahmet, 2 gün izin istiyor.
2026-01-12 20:53:12,884 - [INFO] - 🤖 AI Düşünüyor: 'Ahmet, 2 gün izin istiyor.' talebi analiz ediliyor...
2026-01-12 20:53:14,889 - [INFO] - ⚖️ Karar Verildi: ONAY
2026-01-12 20:53:14,889 - [INFO] - ✅ Veritabanı güncellendi. İşlem tamam.
2026-01-12 20:53:24,939 - [INFO] - 🕵️‍♂️ JOB BAŞLADI: Yeni talep var mı diye bakılıyor...
2026-01-12 20:53:24,940 - [INFO] - 📝 Yeni Talep Bulundu: Ahmet, 2 gün izin istiyor.
2026-01-12 20:53:24,940 - [INFO] - 🤖 AI Düşünüyor: 'Ahmet, 2 gün izin istiyor.' talebi analiz ediliyor...
2026-01-12 20:53:26,945 - [INFO] - ⚖️ Karar Verildi: ONAY
2026-01-12 20:53:26,946 - [INFO] - ✅ Veritabanı güncellendi. İşlem tamam.
2026-01-12 20:53:36,981 - [INFO] - 🕵️‍♂️ JOB BAŞLADI: Yeni talep var mı diye bakılıyor...
2026-01-12 20:53:36,981 - [INFO] - 📝 Yeni Talep Bulundu: Ahmet, 2 gün izin istiyor.
2026-01-12 20:53:36,982 - [INFO] - 🤖 AI Düşünüyor: 'Ahmet, 2 gün izin istiyor.' talebi analiz ediliyor...
2026-01-12 20:53:38,987 - [INFO] - ⚖️ Karar Verildi: ONAY
2026-01-12 20:53:38,987 - [INFO] - ✅ Veritabanı güncellendi. İşlem tamam.
2026-01-12 20:53:49,036 - [INFO] - 🕵️‍♂️ JOB BAŞLADI: Yeni talep var mı diye bakılıyor...
2026-01-12 20:53:49,037 - [INFO] - 📝 Yeni Talep Bulundu: Ahmet, 2 gün izin istiyor.
2026-01-12 20:53:49,037 - [INFO] - 🤖 AI Düşünüyor: 'Ahmet, 2 gün izin istiyor.' talebi analiz ediliyor...
2026-01-12 20:53:51,041 - [INFO] - ⚖️ Karar Verildi: ONAY
2026-01-12 20:53:51,041 - [INFO] - ✅ Veritabanı güncellendi. İşlem tamam.
2026-01-12 20:54:01,076 - [INFO] - 🕵️‍♂️ JOB BAŞLADI: Yeni talep var mı diye bakılıyor...
2026-01-12 20:54:01,078 - [INFO] - 📝 Yeni Talep Bulundu: Ahmet, 2 gün izin istiyor.
2026-01-12 20:54:01,078 - [INFO] - 🤖 AI Düşünüyor: 'Ahmet, 2 gün izin istiyor.' talebi analiz ediliyor...
2026-01-12 20:54:03,083 - [INFO] - ⚖️ Karar Verildi: ONAY
2026-01-12 20:54:03,084 - [INFO] - ✅ Veritabanı güncellendi. İşlem tamam.
2026-01-12 20:54:13,126 - [INFO] - 🕵️‍♂️ JOB BAŞLADI: Yeni talep var mı diye bakılıyor...
2026-01-12 20:54:13,127 - [INFO] - 📝 Yeni Talep Bulundu: Ahmet, 2 gün izin istiyor.
2026-01-12 20:54:13,127 - [INFO] - 🤖 AI Düşünüyor: 'Ahmet, 2 gün izin istiyor.' talebi analiz ediliyor...
2026-01-12 20:54:15,131 - [INFO] - ⚖️ Karar Verildi: ONAY
2026-01-12 20:54:15,132 - [INFO] - ✅ Veritabanı güncellendi. İşlem tamam.
2026-01-12 20:54:25,177 - [INFO] - 🕵️‍♂️ JOB BAŞLADI: Yeni talep var mı diye bakılıyor...
2026-01-12 20:54:25,177 - [INFO] - 📝 Yeni Talep Bulundu: Ahmet, 2 gün izin istiyor.
2026-01-12 20:54:25,177 - [INFO] - 🤖 AI Düşünüyor: 'Ahmet, 2 gün izin istiyor.' talebi analiz ediliyor...
2026-01-12 20:54:27,182 - [INFO] - ⚖️ Karar Verildi: ONAY
2026-01-12 20:54:27,183 - [INFO] - ✅ Veritabanı güncellendi. İşlem tamam.
2026-01-12 20:54:37,216 - [INFO] - 🕵️‍♂️ JOB BAŞLADI: Yeni talep var mı diye bakılıyor...
2026-01-12 20:54:37,217 - [INFO] - 📝 Yeni Talep Bulundu: Ahmet, 2 gün izin istiyor.
2026-01-12 20:54:37,217 - [INFO] - 🤖 AI Düşünüyor: 'Ahmet, 2 gün izin istiyor.' talebi analiz ediliyor...
2026-01-12 20:54:39,220 - [INFO] - ⚖️ Karar Verildi: ONAY
2026-01-12 20:54:39,221 - [INFO] - ✅ Veritabanı güncellendi. İşlem tamam.
2026-01-12 20:54:49,264 - [INFO] - 🕵️‍♂️ JOB BAŞLADI: Yeni talep var mı diye bakılıyor...
2026-01-12 20:54:49,265 - [INFO] - 📝 Yeni Talep Bulundu: Ahmet, 2 gün izin istiyor.
2026-01-12 20:54:49,265 - [INFO] - 🤖 AI Düşünüyor: 'Ahmet, 2 gün izin istiyor.' talebi analiz ediliyor...
2026-01-12 20:54:51,269 - [INFO] - ⚖️ Karar Verildi: ONAY
2026-01-12 20:54:51,270 - [INFO] - ✅ Veritabanı güncellendi. İşlem tamam.
2026-01-12 20:55:01,312 - [INFO] - 🕵️‍♂️ JOB BAŞLADI: Yeni talep var mı diye bakılıyor...
2026-01-12 20:55:01,312 - [INFO] - 📝 Yeni Talep Bulundu: Ahmet, 2 gün izin istiyor.
2026-01-12 20:55:01,313 - [INFO] - 🤖 AI Düşünüyor: 'Ahmet, 2 gün izin istiyor.' talebi analiz ediliyor...
2026-01-12 20:55:03,318 - [INFO] - ⚖️ Karar Verildi: ONAY
2026-01-12 20:55:03,319 - [INFO] - ✅ Veritabanı güncellendi. İşlem tamam.
2026-01-12 20:55:13,360 - [INFO] - 🕵️‍♂️ JOB BAŞLADI: Yeni talep var mı diye bakılıyor...
2026-01-12 20:55:13,362 - [INFO] - 📝 Yeni Talep Bulundu: Ahmet, 2 gün izin istiyor.
2026-01-12 20:55:13,362 - [INFO] - 🤖 AI Düşünüyor: 'Ahmet, 2 gün izin istiyor.' talebi analiz ediliyor...
2026-01-12 20:55:15,366 - [INFO] - ⚖️ Karar Verildi: ONAY
2026-01-12 20:55:15,366 - [INFO] - ✅ Veritabanı güncellendi. İşlem tamam.
2026-01-12 20:55:25,407 - [INFO] - 🕵️‍♂️ JOB BAŞLADI: Yeni talep var mı diye bakılıyor...
2026-01-12 20:55:25,407 - [INFO] - 📝 Yeni Talep Bulundu: Ahmet, 2 gün izin istiyor.
2026-01-12 20:55:25,407 - [INFO] - 🤖 AI Düşünüyor: 'Ahmet, 2 gün izin istiyor.' talebi analiz ediliyor...
2026-01-12 20:55:27,410 - [INFO] - ⚖️ Karar Verildi: ONAY
2026-01-12 20:55:27,411 - [INFO] - ✅ Veritabanı güncellendi. İşlem tamam.
2026-01-12 20:55:37,451 - [INFO] - 🕵️‍♂️ JOB BAŞLADI: Yeni talep var mı diye bakılıyor...
2026-01-12 20:55:37,453 - [INFO] - 📝 Yeni Talep Bulundu: Ahmet, 2 gün izin istiyor.
2026-01-12 20:55:37,453 - [INFO] - 🤖 AI Düşünüyor: 'Ahmet, 2 gün izin istiyor.' talebi analiz ediliyor...
2026-01-12 20:55:39,454 - [INFO] - ⚖️ Karar Verildi: ONAY
2026-01-12 20:55:39,455 - [INFO] - ✅ Veritabanı güncellendi. İşlem tamam.
2026-01-12 20:55:49,497 - [INFO] - 🕵️‍♂️ JOB BAŞLADI: Yeni talep var mı diye bakılıyor...
2026-01-12 20:55:49,499 - [INFO] - 📝 Yeni Talep Bulundu: Ahmet, 2 gün izin istiyor.
2026-01-12 20:55:49,499 - [INFO] - 🤖 AI Düşünüyor: 'Ahmet, 2 gün izin istiyor.' talebi analiz ediliyor...
2026-01-12 20:55:51,501 - [INFO] - ⚖️ Karar Verildi: ONAY
2026-01-12 20:55:51,501 - [INFO] - ✅ Veritabanı güncellendi. İşlem tamam.
2026-01-12 20:56:01,536 - [INFO] - 🕵️‍♂️ JOB BAŞLADI: Yeni talep var mı diye bakılıyor...
2026-01-12 20:56:01,537 - [INFO] - 📝 Yeni Talep Bulundu: Ahmet, 2 gün izin istiyor.
2026-01-12 20:56:01,537 - [INFO] - 🤖 AI Düşünüyor: 'Ahmet, 2 gün izin istiyor.' talebi analiz ediliyor...
2026-01-12 20:56:03,538 - [INFO] - ⚖️ Karar Verildi: ONAY
2026-01-12 20:56:03,538 - [INFO] - ✅ Veritabanı güncellendi. İşlem tamam.
2026-01-12 20:56:13,573 - [INFO] - 🕵️‍♂️ JOB BAŞLADI: Yeni talep var mı diye bakılıyor...
2026-01-12 20:56:13,574 - [INFO] - 📝 Yeni Talep Bulundu: Ahmet, 2 gün izin istiyor.
2026-01-12 20:56:13,574 - [INFO] - 🤖 AI Düşünüyor: 'Ahmet, 2 gün izin istiyor.' talebi analiz ediliyor...
2026-01-12 20:56:15,579 - [INFO] - ⚖️ Karar Verildi: ONAY
2026-01-12 20:56:15,580 - [INFO] - ✅ Veritabanı güncellendi. İşlem tamam.
2026-01-12 20:56:25,621 - [INFO] - 🕵️‍♂️ JOB BAŞLADI: Yeni talep var mı diye bakılıyor...
2026-01-12 20:56:25,621 - [INFO] - 📝 Yeni Talep Bulundu: Ahmet, 2 gün izin istiyor.
2026-01-12 20:56:25,621 - [INFO] - 🤖 AI Düşünüyor: 'Ahmet, 2 gün izin istiyor.' talebi analiz ediliyor...
2026-01-12 20:56:27,626 - [INFO] - ⚖️ Karar Verildi: ONAY
2026-01-12 20:56:27,626 - [INFO] - ✅ Veritabanı güncellendi. İşlem tamam.
2026-01-12 20:56:37,669 - [INFO] - 🕵️‍♂️ JOB BAŞLADI: Yeni talep var mı diye bakılıyor...
2026-01-12 20:56:37,670 - [INFO] - 📝 Yeni Talep Bulundu: Ahmet, 2 gün izin istiyor.
2026-01-12 20:56:37,670 - [INFO] - 🤖 AI Düşünüyor: 'Ahmet, 2 gün izin istiyor.' talebi analiz ediliyor...
2026-01-12 20:56:39,675 - [INFO] - ⚖️ Karar Verildi: ONAY
2026-01-12 20:56:39,676 - [INFO] - ✅ Veritabanı güncellendi. İşlem tamam.
2026-01-12 20:56:49,703 - [INFO] - 🕵️‍♂️ JOB BAŞLADI: Yeni talep var mı diye bakılıyor...
2026-01-12 20:56:49,703 - [INFO] - 📝 Yeni Talep Bulundu: Ahmet, 2 gün izin istiyor.
2026-01-12 20:56:49,703 - [INFO] - 🤖 AI Düşünüyor: 'Ahmet, 2 gün izin istiyor.' talebi analiz ediliyor...
2026-01-12 20:56:51,709 - [INFO] - ⚖️ Karar Verildi: ONAY
2026-01-12 20:56:51,709 - [INFO] - ✅ Veritabanı güncellendi. İşlem tamam.
2026-01-12 20:56:51,802 - [INFO] - 🕵️‍♂️ JOB BAŞLADI: Gerçek veritabanı kontrol ediliyor...
2026-01-12 20:56:51,808 - [ERROR] - Bir hata oluştu: no such table: izin_talepleri
2026-01-12 20:57:01,741 - [INFO] - 🕵️‍♂️ JOB BAŞLADI: Yeni talep var mı diye bakılıyor...
2026-01-12 20:57:01,742 - [INFO] - 📝 Yeni Talep Bulundu: Ahmet, 2 gün izin istiyor.
2026-01-12 20:57:01,742 - [INFO] - 🤖 AI Düşünüyor: 'Ahmet, 2 gün izin istiyor.' talebi analiz ediliyor...
2026-01-12 20:57:01,840 - [INFO] - 🕵️‍♂️ JOB BAŞLADI: Gerçek veritabanı kontrol ediliyor...
2026-01-12 20:57:01,841 - [ERROR] - Bir hata oluştu: no such table: izin_talepleri
2026-01-12 20:57:03,748 - [INFO] - ⚖️ Karar Verildi: ONAY
2026-01-12 20:57:03,748 - [INFO] - ✅ Veritabanı güncellendi. İşlem tamam.
2026-01-12 20:57:11,876 - [INFO] - 🕵️‍♂️ JOB BAŞLADI: Gerçek veritabanı kontrol ediliyor...
2026-01-12 20:57:11,878 - [ERROR] - Bir hata oluştu: no such table: izin_talepleri
2026-01-12 20:57:13,785 - [INFO] - 🕵️‍♂️ JOB BAŞLADI: Yeni talep var mı diye bakılıyor...
2026-01-12 20:57:13,787 - [INFO] - 📝 Yeni Talep Bulundu: Ahmet, 2 gün izin istiyor.
2026-01-12 20:57:13,787 - [INFO] - 🤖 AI Düşünüyor: 'Ahmet, 2 gün izin istiyor.' talebi analiz ediliyor...
2026-01-12 20:57:15,789 - [INFO] - ⚖️ Karar Verildi: ONAY
2026-01-12 20:57:15,790 - [INFO] - ✅ Veritabanı güncellendi. İşlem tamam.
2026-01-12 20:57:21,923 - [INFO] - 🕵️‍♂️ JOB BAŞLADI: Gerçek veritabanı kontrol ediliyor...
2026-01-12 20:57:21,924 - [ERROR] - Bir hata oluştu: no such table: izin_talepleri
2026-01-12 20:57:25,826 - [INFO] - 🕵️‍♂️ JOB BAŞLADI: Yeni talep var mı diye bakılıyor...
2026-01-12 20:57:25,828 - [INFO] - 📝 Yeni Talep Bulundu: Ahmet, 2 gün izin istiyor.
2026-01-12 20:57:25,828 - [INFO] - 🤖 AI Düşünüyor: 'Ahmet, 2 gün izin istiyor.' talebi analiz ediliyor...
2026-01-12 20:57:27,829 - [INFO] - ⚖️ Karar Verildi: ONAY
2026-01-12 20:57:27,830 - [INFO] - ✅ Veritabanı güncellendi. İşlem tamam.
2026-01-12 20:57:31,962 - [INFO] - 🕵️‍♂️ JOB BAŞLADI: Gerçek veritabanı kontrol ediliyor...
2026-01-12 20:57:31,963 - [ERROR] - Bir hata oluştu: no such table: izin_talepleri
2026-01-12 20:57:37,861 - [INFO] - 🕵️‍♂️ JOB BAŞLADI: Yeni talep var mı diye bakılıyor...
2026-01-12 20:57:37,861 - [INFO] - 📝 Yeni Talep Bulundu: Ahmet, 2 gün izin istiyor.
2026-01-12 20:57:37,862 - [INFO] - 🤖 AI Düşünüyor: 'Ahmet, 2 gün izin istiyor.' talebi analiz ediliyor...
2026-01-12 20:57:39,867 - [INFO] - ⚖️ Karar Verildi: ONAY
2026-01-12 20:57:39,868 - [INFO] - ✅ Veritabanı güncellendi. İşlem tamam.
2026-01-12 20:57:42,004 - [INFO] - 🕵️‍♂️ JOB BAŞLADI: Gerçek veritabanı kontrol ediliyor...
2026-01-12 20:57:42,006 - [ERROR] - Bir hata oluştu: no such table: izin_talepleri
2026-01-12 20:57:49,898 - [INFO] - 🕵️‍♂️ JOB BAŞLADI: Yeni talep var mı diye bakılıyor...
2026-01-12 20:57:49,898 - [INFO] - 📝 Yeni Talep Bulundu: Ahmet, 2 gün izin istiyor.
2026-01-12 20:57:49,899 - [INFO] - 🤖 AI Düşünüyor: 'Ahmet, 2 gün izin istiyor.' talebi analiz ediliyor...
2026-01-12 20:57:51,904 - [INFO] - ⚖️ Karar Verildi: ONAY
2026-01-12 20:57:51,904 - [INFO] - ✅ Veritabanı güncellendi. İşlem tamam.
2026-01-12 20:57:52,051 - [INFO] - 🕵️‍♂️ JOB BAŞLADI: Gerçek veritabanı kontrol ediliyor...
2026-01-12 20:57:52,052 - [ERROR] - Bir hata oluştu: no such table: izin_talepleri
2026-01-12 20:58:01,944 - [INFO] - 🕵️‍♂️ JOB BAŞLADI: Yeni talep var mı diye bakılıyor...
2026-01-12 20:58:01,944 - [INFO] - 📝 Yeni Talep Bulundu: Ahmet, 2 gün izin istiyor.
2026-01-12 20:58:01,945 - [INFO] - 🤖 AI Düşünüyor: 'Ahmet, 2 gün izin istiyor.' talebi analiz ediliyor...
2026-01-12 20:58:02,096 - [INFO] - 🕵️‍♂️ JOB BAŞLADI: Gerçek veritabanı kontrol ediliyor...
2026-01-12 20:58:02,098 - [ERROR] - Bir hata oluştu: no such table: izin_talepleri
2026-01-12 20:58:03,950 - [INFO] - ⚖️ Karar Verildi: ONAY
2026-01-12 20:58:03,950 - [INFO] - ✅ Veritabanı güncellendi. İşlem tamam.
2026-01-12 20:58:12,133 - [INFO] - 🕵️‍♂️ JOB BAŞLADI: Gerçek veritabanı kontrol ediliyor...
2026-01-12 20:58:12,135 - [ERROR] - Bir hata oluştu: no such table: izin_talepleri
2026-01-12 20:58:13,990 - [INFO] - 🕵️‍♂️ JOB BAŞLADI: Yeni talep var mı diye bakılıyor...
2026-01-12 20:58:13,991 - [INFO] - 📝 Yeni Talep Bulundu: Ahmet, 2 gün izin istiyor.
2026-01-12 20:58:13,991 - [INFO] - 🤖 AI Düşünüyor: 'Ahmet, 2 gün izin istiyor.' talebi analiz ediliyor...
2026-01-12 20:58:15,993 - [INFO] - ⚖️ Karar Verildi: ONAY
2026-01-12 20:58:15,993 - [INFO] - ✅ Veritabanı güncellendi. İşlem tamam.
2026-01-12 20:58:22,179 - [INFO] - 🕵️‍♂️ JOB BAŞLADI: Gerçek veritabanı kontrol ediliyor...
2026-01-12 20:58:22,181 - [ERROR] - Bir hata oluştu: no such table: izin_talepleri
2026-01-12 20:58:26,032 - [INFO] - 🕵️‍♂️ JOB BAŞLADI: Yeni talep var mı diye bakılıyor...
2026-01-12 20:58:26,032 - [INFO] - 📝 Yeni Talep Bulundu: Ahmet, 2 gün izin istiyor.
2026-01-12 20:58:26,032 - [INFO] - 🤖 AI Düşünüyor: 'Ahmet, 2 gün izin istiyor.' talebi analiz ediliyor...
2026-01-12 20:58:28,034 - [INFO] - ⚖️ Karar Verildi: ONAY
2026-01-12 20:58:28,034 - [INFO] - ✅ Veritabanı güncellendi. İşlem tamam.
2026-01-12 20:58:32,219 - [INFO] - 🕵️‍♂️ JOB BAŞLADI: Gerçek veritabanı kontrol ediliyor...
2026-01-12 20:58:32,219 - [ERROR] - Bir hata oluştu: no such table: izin_talepleri
2026-01-12 20:58:38,072 - [INFO] - 🕵️‍♂️ JOB BAŞLADI: Yeni talep var mı diye bakılıyor...
2026-01-12 20:58:38,072 - [INFO] - 📝 Yeni Talep Bulundu: Ahmet, 2 gün izin istiyor.
2026-01-12 20:58:38,073 - [INFO] - 🤖 AI Düşünüyor: 'Ahmet, 2 gün izin istiyor.' talebi analiz ediliyor...
2026-01-12 20:58:40,077 - [INFO] - ⚖️ Karar Verildi: ONAY
2026-01-12 20:58:40,077 - [INFO] - ✅ Veritabanı güncellendi. İşlem tamam.
2026-01-12 20:58:42,264 - [INFO] - 🕵️‍♂️ JOB BAŞLADI: Gerçek veritabanı kontrol ediliyor...
2026-01-12 20:58:42,266 - [ERROR] - Bir hata oluştu: no such table: izin_talepleri
2026-01-12 20:58:50,115 - [INFO] - 🕵️‍♂️ JOB BAŞLADI: Yeni talep var mı diye bakılıyor...
2026-01-12 20:58:50,116 - [INFO] - 📝 Yeni Talep Bulundu: Ahmet, 2 gün izin istiyor.
2026-01-12 20:58:50,116 - [INFO] - 🤖 AI Düşünüyor: 'Ahmet, 2 gün izin istiyor.' talebi analiz ediliyor...
2026-01-12 20:58:52,121 - [INFO] - ⚖️ Karar Verildi: ONAY
2026-01-12 20:58:52,121 - [INFO] - ✅ Veritabanı güncellendi. İşlem tamam.
2026-01-12 20:58:52,313 - [INFO] - 🕵️‍♂️ JOB BAŞLADI: Gerçek veritabanı kontrol ediliyor...
2026-01-12 20:58:52,315 - [ERROR] - Bir hata oluştu: no such table: izin_talepleri
2026-01-12 20:59:02,169 - [INFO] - 🕵️‍♂️ JOB BAŞLADI: Yeni talep var mı diye bakılıyor...
2026-01-12 20:59:02,170 - [INFO] - 📝 Yeni Talep Bulundu: Ahmet, 2 gün izin istiyor.
2026-01-12 20:59:02,170 - [INFO] - 🤖 AI Düşünüyor: 'Ahmet, 2 gün izin istiyor.' talebi analiz ediliyor...
2026-01-12 20:59:02,356 - [INFO] - 🕵️‍♂️ JOB BAŞLADI: Gerçek veritabanı kontrol ediliyor...
2026-01-12 20:59:02,358 - [ERROR] - Bir hata oluştu: no such table: izin_talepleri
2026-01-12 20:59:04,175 - [INFO] - ⚖️ Karar Verildi: ONAY
2026-01-12 20:59:04,176 - [INFO] - ✅ Veritabanı güncellendi. İşlem tamam.
2026-01-12 20:59:12,397 - [INFO] - 🕵️‍♂️ JOB BAŞLADI: Gerçek veritabanı kontrol ediliyor...
2026-01-12 20:59:12,399 - [ERROR] - Bir hata oluştu: no such table: izin_talepleri
2026-01-12 20:59:14,217 - [INFO] - 🕵️‍♂️ JOB BAŞLADI: Yeni talep var mı diye bakılıyor...
2026-01-12 20:59:14,218 - [INFO] - 📝 Yeni Talep Bulundu: Ahmet, 2 gün izin istiyor.
2026-01-12 20:59:14,218 - [INFO] - 🤖 AI Düşünüyor: 'Ahmet, 2 gün izin istiyor.' talebi analiz ediliyor...
2026-01-12 20:59:16,221 - [INFO] - ⚖️ Karar Verildi: ONAY
2026-01-12 20:59:16,221 - [INFO] - ✅ Veritabanı güncellendi. İşlem tamam.
2026-01-12 20:59:22,439 - [INFO] - 🕵️‍♂️ JOB BAŞLADI: Gerçek veritabanı kontrol ediliyor...
2026-01-12 20:59:22,440 - [ERROR] - Bir hata oluştu: no such table: izin_talepleri
2026-01-12 20:59:26,265 - [INFO] - 🕵️‍♂️ JOB BAŞLADI: Yeni talep var mı diye bakılıyor...
2026-01-12 20:59:26,266 - [INFO] - 📝 Yeni Talep Bulundu: Ahmet, 2 gün izin istiyor.
2026-01-12 20:59:26,266 - [INFO] - 🤖 AI Düşünüyor: 'Ahmet, 2 gün izin istiyor.' talebi analiz ediliyor...
2026-01-12 20:59:28,269 - [INFO] - ⚖️ Karar Verildi: ONAY
2026-01-12 20:59:28,269 - [INFO] - ✅ Veritabanı güncellendi. İşlem tamam.
2026-01-12 20:59:32,488 - [INFO] - 🕵️‍♂️ JOB BAŞLADI: Gerçek veritabanı kontrol ediliyor...
2026-01-12 20:59:32,489 - [ERROR] - Bir hata oluştu: no such table: izin_talepleri
2026-01-12 20:59:38,309 - [INFO] - 🕵️‍♂️ JOB BAŞLADI: Yeni talep var mı diye bakılıyor...
2026-01-12 20:59:38,309 - [INFO] - 📝 Yeni Talep Bulundu: Ahmet, 2 gün izin istiyor.
2026-01-12 20:59:38,310 - [INFO] - 🤖 AI Düşünüyor: 'Ahmet, 2 gün izin istiyor.' talebi analiz ediliyor...
2026-01-12 20:59:40,311 - [INFO] - ⚖️ Karar Verildi: ONAY
2026-01-12 20:59:40,312 - [INFO] - ✅ Veritabanı güncellendi. İşlem tamam.
2026-01-12 20:59:42,537 - [INFO] - 🕵️‍♂️ JOB BAŞLADI: Gerçek veritabanı kontrol ediliyor...
2026-01-12 20:59:42,550 - [ERROR] - Bir hata oluştu: no such table: izin_talepleri
2026-01-12 20:59:50,361 - [INFO] - 🕵️‍♂️ JOB BAŞLADI: Yeni talep var mı diye bakılıyor...
2026-01-12 20:59:50,363 - [INFO] - 📝 Yeni Talep Bulundu: Ahmet, 2 gün izin istiyor.
2026-01-12 20:59:50,363 - [INFO] - 🤖 AI Düşünüyor: 'Ahmet, 2 gün izin istiyor.' talebi analiz ediliyor...
2026-01-12 20:59:52,373 - [INFO] - ⚖️ Karar Verildi: ONAY
2026-01-12 20:59:52,373 - [INFO] - ✅ Veritabanı güncellendi. İşlem tamam.
2026-01-12 20:59:52,584 - [INFO] - 🕵️‍♂️ JOB BAŞLADI: Gerçek veritabanı kontrol ediliyor...
2026-01-12 20:59:52,588 - [ERROR] - Bir hata oluştu: no such table: izin_talepleri
2026-01-12 21:00:02,413 - [INFO] - 🕵️‍♂️ JOB BAŞLADI: Yeni talep var mı diye bakılıyor...
2026-01-12 21:00:02,413 - [INFO] - 📝 Yeni Talep Bulundu: Ahmet, 2 gün izin istiyor.
2026-01-12 21:00:02,413 - [INFO] - 🤖 AI Düşünüyor: 'Ahmet, 2 gün izin istiyor.' talebi analiz ediliyor...
2026-01-12 21:00:02,624 - [INFO] - 🕵️‍♂️ JOB BAŞLADI: Gerçek veritabanı kontrol ediliyor...
2026-01-12 21:00:02,627 - [ERROR] - Bir hata oluştu: no such table: izin_talepleri
2026-01-12 21:00:04,417 - [INFO] - ⚖️ Karar Verildi: ONAY
2026-01-12 21:00:04,418 - [INFO] - ✅ Veritabanı güncellendi. İşlem tamam.
2026-01-12 21:00:12,663 - [INFO] - 🕵️‍♂️ JOB BAŞLADI: Gerçek veritabanı kontrol ediliyor...
2026-01-12 21:00:12,665 - [ERROR] - Bir hata oluştu: no such table: izin_talepleri
2026-01-12 21:00:14,456 - [INFO] - 🕵️‍♂️ JOB BAŞLADI: Yeni talep var mı diye bakılıyor...
2026-01-12 21:00:14,456 - [INFO] - 📝 Yeni Talep Bulundu: Ahmet, 2 gün izin istiyor.
2026-01-12 21:00:14,457 - [INFO] - 🤖 AI Düşünüyor: 'Ahmet, 2 gün izin istiyor.' talebi analiz ediliyor...
2026-01-12 21:00:16,458 - [INFO] - ⚖️ Karar Verildi: ONAY
2026-01-12 21:00:16,459 - [INFO] - ✅ Veritabanı güncellendi. İşlem tamam.
2026-01-12 21:00:22,707 - [INFO] - 🕵️‍♂️ JOB BAŞLADI: Gerçek veritabanı kontrol ediliyor...
2026-01-12 21:00:22,709 - [ERROR] - Bir hata oluştu: no such table: izin_talepleri
2026-01-12 21:00:26,502 - [INFO] - 🕵️‍♂️ JOB BAŞLADI: Yeni talep var mı diye bakılıyor...
2026-01-12 21:00:26,503 - [INFO] - 📝 Yeni Talep Bulundu: Ahmet, 2 gün izin istiyor.
2026-01-12 21:00:26,503 - [INFO] - 🤖 AI Düşünüyor: 'Ahmet, 2 gün izin istiyor.' talebi analiz ediliyor...
2026-01-12 21:00:28,505 - [INFO] - ⚖️ Karar Verildi: ONAY
2026-01-12 21:00:28,505 - [INFO] - ✅ Veritabanı güncellendi. İşlem tamam.
2026-01-12 21:00:32,738 - [INFO] - 🕵️‍♂️ JOB BAŞLADI: Gerçek veritabanı kontrol ediliyor...
2026-01-12 21:00:32,740 - [ERROR] - Bir hata oluştu: no such table: izin_talepleri
2026-01-12 21:00:38,539 - [INFO] - 🕵️‍♂️ JOB BAŞLADI: Yeni talep var mı diye bakılıyor...
2026-01-12 21:00:38,539 - [INFO] - 📝 Yeni Talep Bulundu: Ahmet, 2 gün izin istiyor.
2026-01-12 21:00:38,540 - [INFO] - 🤖 AI Düşünüyor: 'Ahmet, 2 gün izin istiyor.' talebi analiz ediliyor...
2026-01-12 21:00:40,542 - [INFO] - ⚖️ Karar Verildi: ONAY
2026-01-12 21:00:40,542 - [INFO] - ✅ Veritabanı güncellendi. İşlem tamam.
2026-01-12 21:00:42,783 - [INFO] - 🕵️‍♂️ JOB BAŞLADI: Gerçek veritabanı kontrol ediliyor...
2026-01-12 21:00:42,786 - [ERROR] - Bir hata oluştu: no such table: izin_talepleri
2026-01-12 21:00:50,573 - [INFO] - 🕵️‍♂️ JOB BAŞLADI: Yeni talep var mı diye bakılıyor...
2026-01-12 21:00:50,573 - [INFO] - 📝 Yeni Talep Bulundu: Ahmet, 2 gün izin istiyor.
2026-01-12 21:00:50,573 - [INFO] - 🤖 AI Düşünüyor: 'Ahmet, 2 gün izin istiyor.' talebi analiz ediliyor...
2026-01-12 21:00:52,575 - [INFO] - ⚖️ Karar Verildi: ONAY
2026-01-12 21:00:52,576 - [INFO] - ✅ Veritabanı güncellendi. İşlem tamam.
2026-01-12 21:00:52,819 - [INFO] - 🕵️‍♂️ JOB BAŞLADI: Gerçek veritabanı kontrol ediliyor...
2026-01-12 21:00:52,821 - [ERROR] - Bir hata oluştu: no such table: izin_talepleri
2026-01-12 21:01:02,613 - [INFO] - 🕵️‍♂️ JOB BAŞLADI: Yeni talep var mı diye bakılıyor...
2026-01-12 21:01:02,614 - [INFO] - 📝 Yeni Talep Bulundu: Ahmet, 2 gün izin istiyor.
2026-01-12 21:01:02,614 - [INFO] - 🤖 AI Düşünüyor: 'Ahmet, 2 gün izin istiyor.' talebi analiz ediliyor...
2026-01-12 21:01:02,852 - [INFO] - 🕵️‍♂️ JOB BAŞLADI: Gerçek veritabanı kontrol ediliyor...
2026-01-12 21:01:02,855 - [ERROR] - Bir hata oluştu: no such table: izin_talepleri
2026-01-12 21:01:04,615 - [INFO] - ⚖️ Karar Verildi: ONAY
2026-01-12 21:01:04,616 - [INFO] - ✅ Veritabanı güncellendi. İşlem tamam.
2026-01-12 21:01:12,893 - [INFO] - 🕵️‍♂️ JOB BAŞLADI: Gerçek veritabanı kontrol ediliyor...
2026-01-12 21:01:12,895 - [ERROR] - Bir hata oluştu: no such table: izin_talepleri
2026-01-12 21:01:14,656 - [INFO] - 🕵️‍♂️ JOB BAŞLADI: Yeni talep var mı diye bakılıyor...
2026-01-12 21:01:14,656 - [INFO] - 📝 Yeni Talep Bulundu: Ahmet, 2 gün izin istiyor.
2026-01-12 21:01:14,657 - [INFO] - 🤖 AI Düşünüyor: 'Ahmet, 2 gün izin istiyor.' talebi analiz ediliyor...
2026-01-12 21:01:16,662 - [INFO] - ⚖️ Karar Verildi: ONAY
2026-01-12 21:01:16,662 - [INFO] - ✅ Veritabanı güncellendi. İşlem tamam.
2026-01-12 21:01:22,932 - [INFO] - 🕵️‍♂️ JOB BAŞLADI: Gerçek veritabanı kontrol ediliyor...
2026-01-12 21:01:22,934 - [ERROR] - Bir hata oluştu: no such table: izin_talepleri
2026-01-12 21:01:26,700 - [INFO] - 🕵️‍♂️ JOB BAŞLADI: Yeni talep var mı diye bakılıyor...
2026-01-12 21:01:26,701 - [INFO] - 📝 Yeni Talep Bulundu: Ahmet, 2 gün izin istiyor.
2026-01-12 21:01:26,701 - [INFO] - 🤖 AI Düşünüyor: 'Ahmet, 2 gün izin istiyor.' talebi analiz ediliyor...
2026-01-12 21:01:28,705 - [INFO] - ⚖️ Karar Verildi: ONAY
2026-01-12 21:01:28,707 - [INFO] - ✅ Veritabanı güncellendi. İşlem tamam.
2026-01-12 21:01:32,968 - [INFO] - 🕵️‍♂️ JOB BAŞLADI: Gerçek veritabanı kontrol ediliyor...
2026-01-12 21:01:32,969 - [ERROR] - Bir hata oluştu: no such table: izin_talepleri
2026-01-12 21:01:38,747 - [INFO] - 🕵️‍♂️ JOB BAŞLADI: Yeni talep var mı diye bakılıyor...
2026-01-12 21:01:38,748 - [INFO] - 📝 Yeni Talep Bulundu: Ahmet, 2 gün izin istiyor.
2026-01-12 21:01:38,748 - [INFO] - 🤖 AI Düşünüyor: 'Ahmet, 2 gün izin istiyor.' talebi analiz ediliyor...
2026-01-12 21:01:40,753 - [INFO] - ⚖️ Karar Verildi: ONAY
2026-01-12 21:01:40,754 - [INFO] - ✅ Veritabanı güncellendi. İşlem tamam.
2026-01-12 21:01:43,008 - [INFO] - 🕵️‍♂️ JOB BAŞLADI: Gerçek veritabanı kontrol ediliyor...
2026-01-12 21:01:43,011 - [ERROR] - Bir hata oluştu: no such table: izin_talepleri
2026-01-12 21:01:50,798 - [INFO] - 🕵️‍♂️ JOB BAŞLADI: Yeni talep var mı diye bakılıyor...
2026-01-12 21:01:50,799 - [INFO] - 📝 Yeni Talep Bulundu: Ahmet, 2 gün izin istiyor.
2026-01-12 21:01:50,799 - [INFO] - 🤖 AI Düşünüyor: 'Ahmet, 2 gün izin istiyor.' talebi analiz ediliyor...
2026-01-12 21:01:52,802 - [INFO] - ⚖️ Karar Verildi: ONAY
2026-01-12 21:01:52,803 - [INFO] - ✅ Veritabanı güncellendi. İşlem tamam.
2026-01-12 21:01:53,052 - [INFO] - 🕵️‍♂️ JOB BAŞLADI: Gerçek veritabanı kontrol ediliyor...
2026-01-12 21:01:53,054 - [ERROR] - Bir hata oluştu: no such table: izin_talepleri
2026-01-12 21:02:02,841 - [INFO] - 🕵️‍♂️ JOB BAŞLADI: Yeni talep var mı diye bakılıyor...
2026-01-12 21:02:02,841 - [INFO] - 📝 Yeni Talep Bulundu: Ahmet, 2 gün izin istiyor.
2026-01-12 21:02:02,841 - [INFO] - 🤖 AI Düşünüyor: 'Ahmet, 2 gün izin istiyor.' talebi analiz ediliyor...
2026-01-12 21:02:03,090 - [INFO] - 🕵️‍♂️ JOB BAŞLADI: Gerçek veritabanı kontrol ediliyor...
2026-01-12 21:02:03,092 - [ERROR] - Bir hata oluştu: no such table: izin_talepleri
2026-01-12 21:02:04,842 - [INFO] - ⚖️ Karar Verildi: ONAY
2026-01-12 21:02:04,843 - [INFO] - ✅ Veritabanı güncellendi. İşlem tamam.
2026-01-12 21:02:13,132 - [INFO] - 🕵️‍♂️ JOB BAŞLADI: Gerçek veritabanı kontrol ediliyor...
2026-01-12 21:02:13,136 - [ERROR] - Bir hata oluştu: no such table: izin_talepleri
2026-01-12 21:02:14,879 - [INFO] - 🕵️‍♂️ JOB BAŞLADI: Yeni talep var mı diye bakılıyor...
2026-01-12 21:02:14,880 - [INFO] - 📝 Yeni Talep Bulundu: Ahmet, 2 gün izin istiyor.
2026-01-12 21:02:14,880 - [INFO] - 🤖 AI Düşünüyor: 'Ahmet, 2 gün izin istiyor.' talebi analiz ediliyor...
2026-01-12 21:02:16,885 - [INFO] - ⚖️ Karar Verildi: ONAY
2026-01-12 21:02:16,886 - [INFO] - ✅ Veritabanı güncellendi. İşlem tamam.
2026-01-12 21:02:23,170 - [INFO] - 🕵️‍♂️ JOB BAŞLADI: Gerçek veritabanı kontrol ediliyor...
2026-01-12 21:02:23,174 - [ERROR] - Bir hata oluştu: no such table: izin_talepleri
2026-01-12 21:02:26,924 - [INFO] - 🕵️‍♂️ JOB BAŞLADI: Yeni talep var mı diye bakılıyor...
2026-01-12 21:02:26,924 - [INFO] - 📝 Yeni Talep Bulundu: Ahmet, 2 gün izin istiyor.
2026-01-12 21:02:26,924 - [INFO] - 🤖 AI Düşünüyor: 'Ahmet, 2 gün izin istiyor.' talebi analiz ediliyor...
2026-01-12 21:02:28,930 - [INFO] - ⚖️ Karar Verildi: ONAY
2026-01-12 21:02:28,930 - [INFO] - ✅ Veritabanı güncellendi. İşlem tamam.
2026-01-12 21:02:33,217 - [INFO] - 🕵️‍♂️ JOB BAŞLADI: Gerçek veritabanı kontrol ediliyor...
2026-01-12 21:02:33,222 - [ERROR] - Bir hata oluştu: no such table: izin_talepleri
2026-01-12 21:02:38,966 - [INFO] - 🕵️‍♂️ JOB BAŞLADI: Yeni talep var mı diye bakılıyor...
2026-01-12 21:02:38,969 - [INFO] - 📝 Yeni Talep Bulundu: Ahmet, 2 gün izin istiyor.
2026-01-12 21:02:38,969 - [INFO] - 🤖 AI Düşünüyor: 'Ahmet, 2 gün izin istiyor.' talebi analiz ediliyor...
2026-01-12 21:02:40,972 - [INFO] - ⚖️ Karar Verildi: ONAY
2026-01-12 21:02:40,973 - [INFO] - ✅ Veritabanı güncellendi. İşlem tamam.
2026-01-12 21:02:43,267 - [INFO] - 🕵️‍♂️ JOB BAŞLADI: Gerçek veritabanı kontrol ediliyor...
2026-01-12 21:02:43,269 - [ERROR] - Bir hata oluştu: no such table: izin_talepleri
2026-01-12 21:02:51,004 - [INFO] - 🕵️‍♂️ JOB BAŞLADI: Yeni talep var mı diye bakılıyor...
2026-01-12 21:02:51,005 - [INFO] - 📝 Yeni Talep Bulundu: Ahmet, 2 gün izin istiyor.
2026-01-12 21:02:51,005 - [INFO] - 🤖 AI Düşünüyor: 'Ahmet, 2 gün izin istiyor.' talebi analiz ediliyor...
2026-01-12 21:02:53,011 - [INFO] - ⚖️ Karar Verildi: ONAY
2026-01-12 21:02:53,011 - [INFO] - ✅ Veritabanı güncellendi. İşlem tamam.
2026-01-12 21:02:53,295 - [INFO] - 🕵️‍♂️ JOB BAŞLADI: Gerçek veritabanı kontrol ediliyor...
2026-01-12 21:02:53,297 - [ERROR] - Bir hata oluştu: no such table: izin_talepleri
2026-01-12 21:03:03,055 - [INFO] - 🕵️‍♂️ JOB BAŞLADI: Yeni talep var mı diye bakılıyor...
2026-01-12 21:03:03,056 - [INFO] - 📝 Yeni Talep Bulundu: Ahmet, 2 gün izin istiyor.
2026-01-12 21:03:03,057 - [INFO] - 🤖 AI Düşünüyor: 'Ahmet, 2 gün izin istiyor.' talebi analiz ediliyor...
2026-01-12 21:03:03,339 - [INFO] - 🕵️‍♂️ JOB BAŞLADI: Gerçek veritabanı kontrol ediliyor...
2026-01-12 21:03:03,341 - [ERROR] - Bir hata oluştu: no such table: izin_talepleri
2026-01-12 21:03:05,058 - [INFO] - ⚖️ Karar Verildi: ONAY
2026-01-12 21:03:05,058 - [INFO] - ✅ Veritabanı güncellendi. İşlem tamam.
2026-01-12 21:03:13,372 - [INFO] - 🕵️‍♂️ JOB BAŞLADI: Gerçek veritabanı kontrol ediliyor...
2026-01-12 21:03:13,374 - [ERROR] - Bir hata oluştu: no such table: izin_talepleri
2026-01-12 21:03:15,100 - [INFO] - 🕵️‍♂️ JOB BAŞLADI: Yeni talep var mı diye bakılıyor...
2026-01-12 21:03:15,101 - [INFO] - 📝 Yeni Talep Bulundu: Ahmet, 2 gün izin istiyor.
2026-01-12 21:03:15,101 - [INFO] - 🤖 AI Düşünüyor: 'Ahmet, 2 gün izin istiyor.' talebi analiz ediliyor...
2026-01-12 21:03:17,106 - [INFO] - ⚖️ Karar Verildi: ONAY
2026-01-12 21:03:17,107 - [INFO] - ✅ Veritabanı güncellendi. İşlem tamam.
2026-01-12 21:03:23,414 - [INFO] - 🕵️‍♂️ JOB BAŞLADI: Gerçek veritabanı kontrol ediliyor...
2026-01-12 21:03:23,415 - [ERROR] - Bir hata oluştu: no such table: izin_talepleri
2026-01-12 21:03:27,144 - [INFO] - 🕵️‍♂️ JOB BAŞLADI: Yeni talep var mı diye bakılıyor...
2026-01-12 21:03:27,145 - [INFO] - 📝 Yeni Talep Bulundu: Ahmet, 2 gün izin istiyor.
2026-01-12 21:03:27,145 - [INFO] - 🤖 AI Düşünüyor: 'Ahmet, 2 gün izin istiyor.' talebi analiz ediliyor...
2026-01-12 21:03:29,150 - [INFO] - ⚖️ Karar Verildi: ONAY
2026-01-12 21:03:29,151 - [INFO] - ✅ Veritabanı güncellendi. İşlem tamam.
2026-01-12 21:03:33,450 - [INFO] - 🕵️‍♂️ JOB BAŞLADI: Gerçek veritabanı kontrol ediliyor...
2026-01-12 21:03:33,452 - [ERROR] - Bir hata oluştu: no such table: izin_talepleri
2026-01-12 21:03:39,188 - [INFO] - 🕵️‍♂️ JOB BAŞLADI: Yeni talep var mı diye bakılıyor...
2026-01-12 21:03:39,188 - [INFO] - 📝 Yeni Talep Bulundu: Ahmet, 2 gün izin istiyor.
2026-01-12 21:03:39,189 - [INFO] - 🤖 AI Düşünüyor: 'Ahmet, 2 gün izin istiyor.' talebi analiz ediliyor...
2026-01-12 21:03:41,192 - [INFO] - ⚖️ Karar Verildi: ONAY
2026-01-12 21:03:41,192 - [INFO] - ✅ Veritabanı güncellendi. İşlem tamam.
2026-01-12 21:03:43,499 - [INFO] - 🕵️‍♂️ JOB BAŞLADI: Gerçek veritabanı kontrol ediliyor...
2026-01-12 21:03:43,500 - [ERROR] - Bir hata oluştu: no such table: izin_talepleri
2026-01-12 21:03:51,224 - [INFO] - 🕵️‍♂️ JOB BAŞLADI: Yeni talep var mı diye bakılıyor...
2026-01-12 21:03:51,225 - [INFO] - 📝 Yeni Talep Bulundu: Ahmet, 2 gün izin istiyor.
2026-01-12 21:03:51,225 - [INFO] - 🤖 AI Düşünüyor: 'Ahmet, 2 gün izin istiyor.' talebi analiz ediliyor...
2026-01-12 21:03:53,230 - [INFO] - ⚖️ Karar Verildi: ONAY
2026-01-12 21:03:53,232 - [INFO] - ✅ Veritabanı güncellendi. İşlem tamam.
2026-01-12 21:03:53,543 - [INFO] - 🕵️‍♂️ JOB BAŞLADI: Gerçek veritabanı kontrol ediliyor...
2026-01-12 21:03:53,546 - [ERROR] - Bir hata oluştu: no such table: izin_talepleri
2026-01-12 21:04:03,268 - [INFO] - 🕵️‍♂️ JOB BAŞLADI: Yeni talep var mı diye bakılıyor...
2026-01-12 21:04:03,268 - [INFO] - 📝 Yeni Talep Bulundu: Ahmet, 2 gün izin istiyor.
2026-01-12 21:04:03,268 - [INFO] - 🤖 AI Düşünüyor: 'Ahmet, 2 gün izin istiyor.' talebi analiz ediliyor...
2026-01-12 21:04:03,580 - [INFO] - 🕵️‍♂️ JOB BAŞLADI: Gerçek veritabanı kontrol ediliyor...
2026-01-12 21:04:03,581 - [ERROR] - Bir hata oluştu: no such table: izin_talepleri
2026-01-12 21:04:05,270 - [INFO] - ⚖️ Karar Verildi: ONAY
2026-01-12 21:04:05,271 - [INFO] - ✅ Veritabanı güncellendi. İşlem tamam.
2026-01-12 21:04:13,610 - [INFO] - 🕵️‍♂️ JOB BAŞLADI: Gerçek veritabanı kontrol ediliyor...
2026-01-12 21:04:13,612 - [ERROR] - Bir hata oluştu: no such table: izin_talepleri
2026-01-12 21:04:15,303 - [INFO] - 🕵️‍♂️ JOB BAŞLADI: Yeni talep var mı diye bakılıyor...
2026-01-12 21:04:15,304 - [INFO] - 📝 Yeni Talep Bulundu: Ahmet, 2 gün izin istiyor.
2026-01-12 21:04:15,304 - [INFO] - 🤖 AI Düşünüyor: 'Ahmet, 2 gün izin istiyor.' talebi analiz ediliyor...
2026-01-12 21:04:17,309 - [INFO] - ⚖️ Karar Verildi: ONAY
2026-01-12 21:04:17,310 - [INFO] - ✅ Veritabanı güncellendi. İşlem tamam.
2026-01-12 21:04:23,649 - [INFO] - 🕵️‍♂️ JOB BAŞLADI: Gerçek veritabanı kontrol ediliyor...
2026-01-12 21:04:23,651 - [ERROR] - Bir hata oluştu: no such table: izin_talepleri
2026-01-12 21:04:27,340 - [INFO] - 🕵️‍♂️ JOB BAŞLADI: Yeni talep var mı diye bakılıyor...
2026-01-12 21:04:27,341 - [INFO] - 📝 Yeni Talep Bulundu: Ahmet, 2 gün izin istiyor.
2026-01-12 21:04:27,341 - [INFO] - 🤖 AI Düşünüyor: 'Ahmet, 2 gün izin istiyor.' talebi analiz ediliyor...
2026-01-12 21:04:29,346 - [INFO] - ⚖️ Karar Verildi: ONAY
2026-01-12 21:04:29,346 - [INFO] - ✅ Veritabanı güncellendi. İşlem tamam.
2026-01-12 21:04:33,686 - [INFO] - 🕵️‍♂️ JOB BAŞLADI: Gerçek veritabanı kontrol ediliyor...
2026-01-12 21:04:33,688 - [ERROR] - Bir hata oluştu: no such table: izin_talepleri
2026-01-12 21:04:39,406 - [INFO] - 🕵️‍♂️ JOB BAŞLADI: Yeni talep var mı diye bakılıyor...
2026-01-12 21:04:39,406 - [INFO] - 📝 Yeni Talep Bulundu: Ahmet, 2 gün izin istiyor.
2026-01-12 21:04:39,406 - [INFO] - 🤖 AI Düşünüyor: 'Ahmet, 2 gün izin istiyor.' talebi analiz ediliyor...
2026-01-12 21:04:41,411 - [INFO] - ⚖️ Karar Verildi: ONAY
2026-01-12 21:04:41,413 - [INFO] - ✅ Veritabanı güncellendi. İşlem tamam.
2026-01-12 21:04:43,738 - [INFO] - 🕵️‍♂️ JOB BAŞLADI: Gerçek veritabanı kontrol ediliyor...
2026-01-12 21:04:43,740 - [ERROR] - Bir hata oluştu: no such table: izin_talepleri
2026-01-12 21:04:51,452 - [INFO] - 🕵️‍♂️ JOB BAŞLADI: Yeni talep var mı diye bakılıyor...
2026-01-12 21:04:51,453 - [INFO] - 📝 Yeni Talep Bulundu: Ahmet, 2 gün izin istiyor.
2026-01-12 21:04:51,453 - [INFO] - 🤖 AI Düşünüyor: 'Ahmet, 2 gün izin istiyor.' talebi analiz ediliyor...
2026-01-12 21:04:53,458 - [INFO] - ⚖️ Karar Verildi: ONAY
2026-01-12 21:04:53,459 - [INFO] - ✅ Veritabanı güncellendi. İşlem tamam.
2026-01-12 21:04:53,784 - [INFO] - 🕵️‍♂️ JOB BAŞLADI: Gerçek veritabanı kontrol ediliyor...
2026-01-12 21:04:53,786 - [ERROR] - Bir hata oluştu: no such table: izin_talepleri
2026-01-12 21:05:03,497 - [INFO] - 🕵️‍♂️ JOB BAŞLADI: Yeni talep var mı diye bakılıyor...
2026-01-12 21:05:03,498 - [INFO] - 📝 Yeni Talep Bulundu: Ahmet, 2 gün izin istiyor.
2026-01-12 21:05:03,498 - [INFO] - 🤖 AI Düşünüyor: 'Ahmet, 2 gün izin istiyor.' talebi analiz ediliyor...
2026-01-12 21:05:03,818 - [INFO] - 🕵️‍♂️ JOB BAŞLADI: Gerçek veritabanı kontrol ediliyor...
2026-01-12 21:05:03,820 - [ERROR] - Bir hata oluştu: no such table: izin_talepleri
2026-01-12 21:05:05,499 - [INFO] - ⚖️ Karar Verildi: ONAY
2026-01-12 21:05:05,500 - [INFO] - ✅ Veritabanı güncellendi. İşlem tamam.
2026-01-12 21:05:13,862 - [INFO] - 🕵️‍♂️ JOB BAŞLADI: Gerçek veritabanı kontrol ediliyor...
2026-01-12 21:05:13,864 - [ERROR] - Bir hata oluştu: no such table: izin_talepleri
2026-01-12 21:05:15,542 - [INFO] - 🕵️‍♂️ JOB BAŞLADI: Yeni talep var mı diye bakılıyor...
2026-01-12 21:05:15,543 - [INFO] - 📝 Yeni Talep Bulundu: Ahmet, 2 gün izin istiyor.
2026-01-12 21:05:15,543 - [INFO] - 🤖 AI Düşünüyor: 'Ahmet, 2 gün izin istiyor.' talebi analiz ediliyor...
2026-01-12 21:05:17,548 - [INFO] - ⚖️ Karar Verildi: ONAY
2026-01-12 21:05:17,549 - [INFO] - ✅ Veritabanı güncellendi. İşlem tamam.
2026-01-12 21:05:23,894 - [INFO] - 🕵️‍♂️ JOB BAŞLADI: Gerçek veritabanı kontrol ediliyor...
2026-01-12 21:05:23,896 - [ERROR] - Bir hata oluştu: no such table: izin_talepleri
2026-01-12 21:05:27,589 - [INFO] - 🕵️‍♂️ JOB BAŞLADI: Yeni talep var mı diye bakılıyor...
2026-01-12 21:05:27,590 - [INFO] - 📝 Yeni Talep Bulundu: Ahmet, 2 gün izin istiyor.
2026-01-12 21:05:27,590 - [INFO] - 🤖 AI Düşünüyor: 'Ahmet, 2 gün izin istiyor.' talebi analiz ediliyor...
2026-01-12 21:05:29,595 - [INFO] - ⚖️ Karar Verildi: ONAY
2026-01-12 21:05:29,596 - [INFO] - ✅ Veritabanı güncellendi. İşlem tamam.
2026-01-12 21:05:33,938 - [INFO] - 🕵️‍♂️ JOB BAŞLADI: Gerçek veritabanı kontrol ediliyor...
2026-01-12 21:05:33,938 - [ERROR] - Bir hata oluştu: no such table: izin_talepleri
2026-01-12 21:05:39,633 - [INFO] - 🕵️‍♂️ JOB BAŞLADI: Yeni talep var mı diye bakılıyor...
2026-01-12 21:05:39,634 - [INFO] - 📝 Yeni Talep Bulundu: Ahmet, 2 gün izin istiyor.
2026-01-12 21:05:39,634 - [INFO] - 🤖 AI Düşünüyor: 'Ahmet, 2 gün izin istiyor.' talebi analiz ediliyor...
2026-01-12 21:05:41,640 - [INFO] - ⚖️ Karar Verildi: ONAY
2026-01-12 21:05:41,640 - [INFO] - ✅ Veritabanı güncellendi. İşlem tamam.
2026-01-12 21:05:43,983 - [INFO] - 🕵️‍♂️ JOB BAŞLADI: Gerçek veritabanı kontrol ediliyor...
2026-01-12 21:05:43,986 - [ERROR] - Bir hata oluştu: no such table: izin_talepleri
2026-01-12 21:05:51,676 - [INFO] - 🕵️‍♂️ JOB BAŞLADI: Yeni talep var mı diye bakılıyor...
2026-01-12 21:05:51,678 - [INFO] - 📝 Yeni Talep Bulundu: Ahmet, 2 gün izin istiyor.
2026-01-12 21:05:51,678 - [INFO] - 🤖 AI Düşünüyor: 'Ahmet, 2 gün izin istiyor.' talebi analiz ediliyor...
2026-01-12 21:05:53,682 - [INFO] - ⚖️ Karar Verildi: ONAY
2026-01-12 21:05:53,683 - [INFO] - ✅ Veritabanı güncellendi. İşlem tamam.
2026-01-12 21:05:54,030 - [INFO] - 🕵️‍♂️ JOB BAŞLADI: Gerçek veritabanı kontrol ediliyor...
2026-01-12 21:05:54,032 - [ERROR] - Bir hata oluştu: no such table: izin_talepleri
2026-01-12 21:07:53,686 - [INFO] - 🕵️‍♂️ JOB BAŞLADI: Gerçek veritabanı kontrol ediliyor...
2026-01-12 21:07:53,694 - [INFO] - 📝 2 adet yeni talep bulundu!
2026-01-12 21:07:53,694 - [INFO] - --- İşleniyor: Mehmet -> Yarın doktora gideceğim, izin lazım.
2026-01-12 21:07:53,695 - [INFO] - 🤖 AI Düşünüyor: 'Yarın doktora gideceğim, izin lazım.' talebi analiz ediliyor...
2026-01-12 21:07:54,700 - [INFO] - ✅ Mehmet için karar (ONAY) veritabanına işlendi.
2026-01-12 21:07:54,700 - [INFO] - --- İşleniyor: Ayşe -> Yıllık izin kullanmak istiyorum.
2026-01-12 21:07:54,700 - [INFO] - 🤖 AI Düşünüyor: 'Yıllık izin kullanmak istiyorum.' talebi analiz ediliyor...
2026-01-12 21:07:55,702 - [INFO] - ✅ Ayşe için karar (ONAY) veritabanına işlendi.
2026-01-12 21:08:05,737 - [INFO] - 🕵️‍♂️ JOB BAŞLADI: Gerçek veritabanı kontrol ediliyor...
2026-01-12 21:08:05,739 - [INFO] - 💤 Bekleyen talep yok.
2026-01-12 21:08:15,787 - [INFO] - 🕵️‍♂️ JOB BAŞLADI: Gerçek veritabanı kontrol ediliyor...
2026-01-12 21:08:15,790 - [INFO] - 💤 Bekleyen talep yok.
2026-01-12 21:08:25,829 - [INFO] - 🕵️‍♂️ JOB BAŞLADI: Gerçek veritabanı kontrol ediliyor...
2026-01-12 21:08:25,832 - [INFO] - 💤 Bekleyen talep yok.
2026-01-12 21:08:35,873 - [INFO] - 🕵️‍♂️ JOB BAŞLADI: Gerçek veritabanı kontrol ediliyor...
2026-01-12 21:08:35,875 - [INFO] - 💤 Bekleyen talep yok.
2026-01-12 21:08:45,918 - [INFO] - 🕵️‍♂️ JOB BAŞLADI: Gerçek veritabanı kontrol ediliyor...
2026-01-12 21:08:45,921 - [INFO] - 💤 Bekleyen talep yok.
2026-01-12 21:08:55,953 - [INFO] - 🕵️‍♂️ JOB BAŞLADI: Gerçek veritabanı kontrol ediliyor...
2026-01-12 21:08:55,956 - [INFO] - 💤 Bekleyen talep yok.
2026-01-12 21:09:05,998 - [INFO] - 🕵️‍♂️ JOB BAŞLADI: Gerçek veritabanı kontrol ediliyor...
2026-01-12 21:09:05,999 - [INFO] - 💤 Bekleyen talep yok.
2026-01-12 21:09:16,047 - [INFO] - 🕵️‍♂️ JOB BAŞLADI: Gerçek veritabanı kontrol ediliyor...
2026-01-12 21:09:16,050 - [INFO] - 💤 Bekleyen talep yok.
2026-01-12 21:09:26,087 - [INFO] - 🕵️‍♂️ JOB BAŞLADI: Gerçek veritabanı kontrol ediliyor...
2026-01-12 21:09:26,090 - [INFO] - 💤 Bekleyen talep yok.
2026-01-12 21:09:36,130 - [INFO] - 🕵️‍♂️ JOB BAŞLADI: Gerçek veritabanı kontrol ediliyor...
2026-01-12 21:09:36,133 - [INFO] - 💤 Bekleyen talep yok.
2026-01-12 21:09:46,172 - [INFO] - 🕵️‍♂️ JOB BAŞLADI: Gerçek veritabanı kontrol ediliyor...
2026-01-12 21:09:46,174 - [INFO] - 💤 Bekleyen talep yok.
2026-01-12 21:09:56,215 - [INFO] - 🕵️‍♂️ JOB BAŞLADI: Gerçek veritabanı kontrol ediliyor...
2026-01-12 21:09:56,217 - [INFO] - 💤 Bekleyen talep yok.
2026-01-12 21:10:06,263 - [INFO] - 🕵️‍♂️ JOB BAŞLADI: Gerçek veritabanı kontrol ediliyor...
2026-01-12 21:10:06,265 - [INFO] - 💤 Bekleyen talep yok.
2026-01-12 21:10:16,300 - [INFO] - 🕵️‍♂️ JOB BAŞLADI: Gerçek veritabanı kontrol ediliyor...
2026-01-12 21:10:16,302 - [INFO] - 💤 Bekleyen talep yok.
2026-01-12 21:10:26,347 - [INFO] - 🕵️‍♂️ JOB BAŞLADI: Gerçek veritabanı kontrol ediliyor...
2026-01-12 21:10:26,351 - [INFO] - 💤 Bekleyen talep yok.
2026-01-12 21:10:36,392 - [INFO] - 🕵️‍♂️ JOB BAŞLADI: Gerçek veritabanı kontrol ediliyor...
2026-01-12 21:10:36,394 - [INFO] - 💤 Bekleyen talep yok.
2026-01-12 21:10:46,429 - [INFO] - 🕵️‍♂️ JOB BAŞLADI: Gerçek veritabanı kontrol ediliyor...
2026-01-12 21:10:46,430 - [INFO] - 💤 Bekleyen talep yok.
2026-01-12 21:10:56,467 - [INFO] - 🕵️‍♂️ JOB BAŞLADI: Gerçek veritabanı kontrol ediliyor...
2026-01-12 21:10:56,468 - [INFO] - 💤 Bekleyen talep yok.
2026-01-12 21:11:06,506 - [INFO] - 🕵️‍♂️ JOB BAŞLADI: Gerçek veritabanı kontrol ediliyor...
2026-01-12 21:11:06,508 - [INFO] - 💤 Bekleyen talep yok.
2026-01-12 21:11:16,548 - [INFO] - 🕵️‍♂️ JOB BAŞLADI: Gerçek veritabanı kontrol ediliyor...
2026-01-12 21:11:16,548 - [INFO] - 💤 Bekleyen talep yok.
2026-01-12 21:11:26,577 - [INFO] - 🕵️‍♂️ JOB BAŞLADI: Gerçek veritabanı kontrol ediliyor...
2026-01-12 21:11:26,579 - [INFO] - 💤 Bekleyen talep yok.
2026-01-12 21:11:36,617 - [INFO] - 🕵️‍♂️ JOB BAŞLADI: Gerçek veritabanı kontrol ediliyor...
2026-01-12 21:11:36,620 - [INFO] - 💤 Bekleyen talep yok.
2026-01-12 21:11:46,656 - [INFO] - 🕵️‍♂️ JOB BAŞLADI: Gerçek veritabanı kontrol ediliyor...
2026-01-12 21:11:46,660 - [INFO] - 💤 Bekleyen talep yok.
2026-01-12 21:11:56,697 - [INFO] - 🕵️‍♂️ JOB BAŞLADI: Gerçek veritabanı kontrol ediliyor...
2026-01-12 21:11:56,699 - [INFO] - 💤 Bekleyen talep yok.
2026-01-12 21:12:06,744 - [INFO] - 🕵️‍♂️ JOB BAŞLADI: Gerçek veritabanı kontrol ediliyor...
2026-01-12 21:12:06,746 - [INFO] - 💤 Bekleyen talep yok.
2026-01-12 21:12:16,786 - [INFO] - 🕵️‍♂️ JOB BAŞLADI: Gerçek veritabanı kontrol ediliyor...
2026-01-12 21:12:16,788 - [INFO] - 💤 Bekleyen talep yok.
2026-01-12 21:12:26,825 - [INFO] - 🕵️‍♂️ JOB BAŞLADI: Gerçek veritabanı kontrol ediliyor...
2026-01-12 21:12:26,827 - [INFO] - 💤 Bekleyen talep yok.
2026-01-12 21:12:36,871 - [INFO] - 🕵️‍♂️ JOB BAŞLADI: Gerçek veritabanı kontrol ediliyor...
2026-01-12 21:12:36,874 - [INFO] - 💤 Bekleyen talep yok.
2026-01-12 21:12:46,913 - [INFO] - 🕵️‍♂️ JOB BAŞLADI: Gerçek veritabanı kontrol ediliyor...
2026-01-12 21:12:46,914 - [INFO] - 💤 Bekleyen talep yok.
2026-01-12 21:12:56,953 - [INFO] - 🕵️‍♂️ JOB BAŞLADI: Gerçek veritabanı kontrol ediliyor...
2026-01-12 21:12:56,958 - [INFO] - 💤 Bekleyen talep yok.
2026-01-12 21:13:06,997 - [INFO] - 🕵️‍♂️ JOB BAŞLADI: Gerçek veritabanı kontrol ediliyor...
2026-01-12 21:13:06,998 - [INFO] - 💤 Bekleyen talep yok.
2026-01-12 21:13:17,041 - [INFO] - 🕵️‍♂️ JOB BAŞLADI: Gerçek veritabanı kontrol ediliyor...
2026-01-12 21:13:17,045 - [INFO] - 💤 Bekleyen talep yok.
2026-01-12 21:13:27,085 - [INFO] - 🕵️‍♂️ JOB BAŞLADI: Gerçek veritabanı kontrol ediliyor...
2026-01-12 21:13:27,087 - [INFO] - 💤 Bekleyen talep yok.
2026-01-12 21:13:37,132 - [INFO] - 🕵️‍♂️ JOB BAŞLADI: Gerçek veritabanı kontrol ediliyor...
2026-01-12 21:13:37,135 - [INFO] - 💤 Bekleyen talep yok.
2026-01-12 21:13:47,170 - [INFO] - 🕵️‍♂️ JOB BAŞLADI: Gerçek veritabanı kontrol ediliyor...
2026-01-12 21:13:47,174 - [INFO] - 💤 Bekleyen talep yok.
2026-01-12 21:13:57,212 - [INFO] - 🕵️‍♂️ JOB BAŞLADI: Gerçek veritabanı kontrol ediliyor...
2026-01-12 21:13:57,215 - [INFO] - 💤 Bekleyen talep yok.
2026-01-12 21:14:07,258 - [INFO] - 🕵️‍♂️ JOB BAŞLADI: Gerçek veritabanı kontrol ediliyor...
2026-01-12 21:14:07,260 - [INFO] - 💤 Bekleyen talep yok.
2026-01-12 21:14:17,306 - [INFO] - 🕵️‍♂️ JOB BAŞLADI: Gerçek veritabanı kontrol ediliyor...
2026-01-12 21:14:17,309 - [INFO] - 💤 Bekleyen talep yok.
2026-01-12 21:14:27,353 - [INFO] - 🕵️‍♂️ JOB BAŞLADI: Gerçek veritabanı kontrol ediliyor...
2026-01-12 21:14:27,356 - [INFO] - 💤 Bekleyen talep yok.
2026-01-12 21:14:37,397 - [INFO] - 🕵️‍♂️ JOB BAŞLADI: Gerçek veritabanı kontrol ediliyor...
2026-01-12 21:14:37,398 - [INFO] - 💤 Bekleyen talep yok.
2026-01-12 21:14:47,439 - [INFO] - 🕵️‍♂️ JOB BAŞLADI: Gerçek veritabanı kontrol ediliyor...
2026-01-12 21:14:47,441 - [INFO] - 💤 Bekleyen talep yok.
2026-01-12 21:14:57,479 - [INFO] - 🕵️‍♂️ JOB BAŞLADI: Gerçek veritabanı kontrol ediliyor...
2026-01-12 21:14:57,481 - [INFO] - 💤 Bekleyen talep yok.
2026-01-12 21:15:07,517 - [INFO] - 🕵️‍♂️ JOB BAŞLADI: Gerçek veritabanı kontrol ediliyor...
2026-01-12 21:15:07,519 - [INFO] - 💤 Bekleyen talep yok.
2026-01-12 21:15:17,553 - [INFO] - 🕵️‍♂️ JOB BAŞLADI: Gerçek veritabanı kontrol ediliyor...
2026-01-12 21:15:17,557 - [INFO] - 💤 Bekleyen talep yok.
2026-01-12 21:15:27,598 - [INFO] - 🕵️‍♂️ JOB BAŞLADI: Gerçek veritabanı kontrol ediliyor...
2026-01-12 21:15:27,600 - [INFO] - 💤 Bekleyen talep yok.
2026-01-12 21:15:37,643 - [INFO] - 🕵️‍♂️ JOB BAŞLADI: Gerçek veritabanı kontrol ediliyor...
2026-01-12 21:15:37,645 - [INFO] - 💤 Bekleyen talep yok.
2026-01-12 21:15:47,689 - [INFO] - 🕵️‍♂️ JOB BAŞLADI: Gerçek veritabanı kontrol ediliyor...
2026-01-12 21:15:47,691 - [INFO] - 💤 Bekleyen talep yok.
2026-01-12 21:15:57,731 - [INFO] - 🕵️‍♂️ JOB BAŞLADI: Gerçek veritabanı kontrol ediliyor...
2026-01-12 21:15:57,733 - [INFO] - 💤 Bekleyen talep yok.
2026-01-12 21:16:07,766 - [INFO] - 🕵️‍♂️ JOB BAŞLADI: Gerçek veritabanı kontrol ediliyor...
2026-01-12 21:16:07,769 - [INFO] - 💤 Bekleyen talep yok.
2026-01-12 21:16:17,813 - [INFO] - 🕵️‍♂️ JOB BAŞLADI: Gerçek veritabanı kontrol ediliyor...
2026-01-12 21:16:17,815 - [INFO] - 💤 Bekleyen talep yok.
2026-01-12 21:16:27,851 - [INFO] - 🕵️‍♂️ JOB BAŞLADI: Gerçek veritabanı kontrol ediliyor...
2026-01-12 21:16:27,853 - [INFO] - 💤 Bekleyen talep yok.
2026-01-12 21:16:37,893 - [INFO] - 🕵️‍♂️ JOB BAŞLADI: Gerçek veritabanı kontrol ediliyor...
2026-01-12 21:16:37,899 - [INFO] - 💤 Bekleyen talep yok.
2026-01-12 21:16:47,942 - [INFO] - 🕵️‍♂️ JOB BAŞLADI: Gerçek veritabanı kontrol ediliyor...
2026-01-12 21:16:47,944 - [INFO] - 💤 Bekleyen talep yok.
2026-01-12 21:16:57,975 - [INFO] - 🕵️‍♂️ JOB BAŞLADI: Gerçek veritabanı kontrol ediliyor...
2026-01-12 21:16:57,977 - [INFO] - 💤 Bekleyen talep yok.
2026-01-12 21:17:08,017 - [INFO] - 🕵️‍♂️ JOB BAŞLADI: Gerçek veritabanı kontrol ediliyor...
2026-01-12 21:17:08,020 - [INFO] - 💤 Bekleyen talep yok.
2026-01-12 21:17:18,059 - [INFO] - 🕵️‍♂️ JOB BAŞLADI: Gerçek veritabanı kontrol ediliyor...
2026-01-12 21:17:18,061 - [INFO] - 💤 Bekleyen talep yok.
2026-01-12 21:17:28,096 - [INFO] - 🕵️‍♂️ JOB BAŞLADI: Gerçek veritabanı kontrol ediliyor...
2026-01-12 21:17:28,100 - [INFO] - 💤 Bekleyen talep yok.
2026-01-12 21:17:38,141 - [INFO] - 🕵️‍♂️ JOB BAŞLADI: Gerçek veritabanı kontrol ediliyor...
2026-01-12 21:17:38,144 - [INFO] - 💤 Bekleyen talep yok.
2026-01-12 21:17:48,186 - [INFO] - 🕵️‍♂️ JOB BAŞLADI: Gerçek veritabanı kontrol ediliyor...
2026-01-12 21:17:48,190 - [INFO] - 💤 Bekleyen talep yok.
2026-01-12 21:17:58,236 - [INFO] - 🕵️‍♂️ JOB BAŞLADI: Gerçek veritabanı kontrol ediliyor...
2026-01-12 21:17:58,239 - [INFO] - 💤 Bekleyen talep yok.
2026-01-12 21:18:08,281 - [INFO] - 🕵️‍♂️ JOB BAŞLADI: Gerçek veritabanı kontrol ediliyor...
2026-01-12 21:18:08,283 - [INFO] - 💤 Bekleyen talep yok.
2026-01-12 21:18:18,325 - [INFO] - 🕵️‍♂️ JOB BAŞLADI: Gerçek veritabanı kontrol ediliyor...
2026-01-12 21:18:18,327 - [INFO] - 💤 Bekleyen talep yok.
2026-01-12 21:18:28,370 - [INFO] - 🕵️‍♂️ JOB BAŞLADI: Gerçek veritabanı kontrol ediliyor...
2026-01-12 21:18:28,373 - [INFO] - 💤 Bekleyen talep yok.
2026-01-12 21:19:55,819 - [INFO] - 🕵️‍♂️ JOB BAŞLADI: Gerçek veritabanı kontrol ediliyor...
2026-01-12 21:19:55,825 - [INFO] - 📝 2 adet yeni talep bulundu!
2026-01-12 21:19:55,826 - [INFO] - --- İşleniyor: Mehmet -> Yarın doktora gideceğim, izin lazım.
2026-01-12 21:19:55,826 - [INFO] - 🤖 AI Düşünüyor: 'Yarın doktora gideceğim, izin lazım.' talebi analiz ediliyor...
2026-01-12 21:19:55,827 - [INFO] - ✅ Mehmet için karar (HATA - API Key Yok) veritabanına işlendi.
2026-01-12 21:19:55,827 - [INFO] - --- İşleniyor: Ayşe -> Yıllık izin kullanmak istiyorum.
2026-01-12 21:19:55,827 - [INFO] - 🤖 AI Düşünüyor: 'Yıllık izin kullanmak istiyorum.' talebi analiz ediliyor...
2026-01-12 21:19:55,827 - [INFO] - ✅ Ayşe için karar (HATA - API Key Yok) veritabanına işlendi.
2026-01-12 21:20:05,870 - [INFO] - 🕵️‍♂️ JOB BAŞLADI: Gerçek veritabanı kontrol ediliyor...
2026-01-12 21:20:05,874 - [INFO] - 💤 Bekleyen talep yok.
2026-01-12 21:20:15,913 - [INFO] - 🕵️‍♂️ JOB BAŞLADI: Gerçek veritabanı kontrol ediliyor...
2026-01-12 21:20:15,915 - [INFO] - 💤 Bekleyen talep yok.
2026-01-12 21:20:25,954 - [INFO] - 🕵️‍♂️ JOB BAŞLADI: Gerçek veritabanı kontrol ediliyor...
2026-01-12 21:20:25,957 - [INFO] - 💤 Bekleyen talep yok.
2026-01-12 21:20:36,006 - [INFO] - 🕵️‍♂️ JOB BAŞLADI: Gerçek veritabanı kontrol ediliyor...
2026-01-12 21:20:36,008 - [INFO] - 💤 Bekleyen talep yok.
2026-01-12 21:20:46,043 - [INFO] - 🕵️‍♂️ JOB BAŞLADI: Gerçek veritabanı kontrol ediliyor...
2026-01-12 21:20:46,045 - [INFO] - 💤 Bekleyen talep yok.
2026-01-12 21:20:56,084 - [INFO] - 🕵️‍♂️ JOB BAŞLADI: Gerçek veritabanı kontrol ediliyor...
2026-01-12 21:20:56,087 - [INFO] - 💤 Bekleyen talep yok.
2026-01-12 21:21:06,124 - [INFO] - 🕵️‍♂️ JOB BAŞLADI: Gerçek veritabanı kontrol ediliyor...
2026-01-12 21:21:06,127 - [INFO] - 💤 Bekleyen talep yok.
2026-01-12 21:21:16,159 - [INFO] - 🕵️‍♂️ JOB BAŞLADI: Gerçek veritabanı kontrol ediliyor...
2026-01-12 21:21:16,160 - [INFO] - 💤 Bekleyen talep yok.
2026-01-12 21:21:26,207 - [INFO] - 🕵️‍♂️ JOB BAŞLADI: Gerçek veritabanı kontrol ediliyor...
2026-01-12 21:21:26,209 - [INFO] - 💤 Bekleyen talep yok.
2026-01-12 21:21:36,253 - [INFO] - 🕵️‍♂️ JOB BAŞLADI: Gerçek veritabanı kontrol ediliyor...
2026-01-12 21:21:36,256 - [INFO] - 💤 Bekleyen talep yok.
2026-01-12 21:21:46,292 - [INFO] - 🕵️‍♂️ JOB BAŞLADI: Gerçek veritabanı kontrol ediliyor...
2026-01-12 21:21:46,295 - [INFO] - 💤 Bekleyen talep yok.
2026-01-12 21:21:56,341 - [INFO] - 🕵️‍♂️ JOB BAŞLADI: Gerçek veritabanı kontrol ediliyor...
2026-01-12 21:21:56,343 - [INFO] - 💤 Bekleyen talep yok.
2026-01-12 21:22:06,385 - [INFO] - 🕵️‍♂️ JOB BAŞLADI: Gerçek veritabanı kontrol ediliyor...
2026-01-12 21:22:06,387 - [INFO] - 💤 Bekleyen talep yok.
2026-01-12 21:22:16,432 - [INFO] - 🕵️‍♂️ JOB BAŞLADI: Gerçek veritabanı kontrol ediliyor...
2026-01-12 21:22:16,434 - [INFO] - 💤 Bekleyen talep yok.
2026-01-12 21:22:26,470 - [INFO] - 🕵️‍♂️ JOB BAŞLADI: Gerçek veritabanı kontrol ediliyor...
2026-01-12 21:22:26,473 - [INFO] - 💤 Bekleyen talep yok.
2026-01-12 21:22:36,511 - [INFO] - 🕵️‍♂️ JOB BAŞLADI: Gerçek veritabanı kontrol ediliyor...
2026-01-12 21:22:36,518 - [INFO] - 💤 Bekleyen talep yok.
2026-01-12 21:22:46,561 - [INFO] - 🕵️‍♂️ JOB BAŞLADI: Gerçek veritabanı kontrol ediliyor...
2026-01-12 21:22:46,563 - [INFO] - 💤 Bekleyen talep yok.
2026-01-12 21:22:56,604 - [INFO] - 🕵️‍♂️ JOB BAŞLADI: Gerçek veritabanı kontrol ediliyor...
2026-01-12 21:22:56,606 - [INFO] - 💤 Bekleyen talep yok.
2026-01-12 21:23:06,642 - [INFO] - 🕵️‍♂️ JOB BAŞLADI: Gerçek veritabanı kontrol ediliyor...
2026-01-12 21:23:06,645 - [INFO] - 💤 Bekleyen talep yok.
2026-01-12 21:23:16,690 - [INFO] - 🕵️‍♂️ JOB BAŞLADI: Gerçek veritabanı kontrol ediliyor...
2026-01-12 21:23:16,693 - [INFO] - 💤 Bekleyen talep yok.
2026-01-12 21:23:26,726 - [INFO] - 🕵️‍♂️ JOB BAŞLADI: Gerçek veritabanı kontrol ediliyor...
2026-01-12 21:23:26,728 - [INFO] - 💤 Bekleyen talep yok.
2026-01-12 21:23:36,767 - [INFO] - 🕵️‍♂️ JOB BAŞLADI: Gerçek veritabanı kontrol ediliyor...
2026-01-12 21:23:36,769 - [INFO] - 💤 Bekleyen talep yok.
2026-01-12 21:23:46,805 - [INFO] - 🕵️‍♂️ JOB BAŞLADI: Gerçek veritabanı kontrol ediliyor...
2026-01-12 21:23:46,807 - [INFO] - 💤 Bekleyen talep yok.
2026-01-12 21:23:56,852 - [INFO] - 🕵️‍♂️ JOB BAŞLADI: Gerçek veritabanı kontrol ediliyor...
2026-01-12 21:23:56,854 - [INFO] - 💤 Bekleyen talep yok.
2026-01-12 21:24:06,885 - [INFO] - 🕵️‍♂️ JOB BAŞLADI: Gerçek veritabanı kontrol ediliyor...
2026-01-12 21:24:06,887 - [INFO] - 💤 Bekleyen talep yok.
2026-01-12 21:24:16,916 - [INFO] - 🕵️‍♂️ JOB BAŞLADI: Gerçek veritabanı kontrol ediliyor...
2026-01-12 21:24:16,918 - [INFO] - 💤 Bekleyen talep yok.
2026-01-12 21:24:26,957 - [INFO] - 🕵️‍♂️ JOB BAŞLADI: Gerçek veritabanı kontrol ediliyor...
2026-01-12 21:24:26,960 - [INFO] - 💤 Bekleyen talep yok.
2026-01-12 21:24:36,994 - [INFO] - 🕵️‍♂️ JOB BAŞLADI: Gerçek veritabanı kontrol ediliyor...
2026-01-12 21:24:36,997 - [INFO] - 💤 Bekleyen talep yok.
2026-01-12 21:24:47,036 - [INFO] - 🕵️‍♂️ JOB BAŞLADI: Gerçek veritabanı kontrol ediliyor...
2026-01-12 21:24:47,038 - [INFO] - 💤 Bekleyen talep yok.
2026-01-12 21:24:57,079 - [INFO] - 🕵️‍♂️ JOB BAŞLADI: Gerçek veritabanı kontrol ediliyor...
2026-01-12 21:24:57,081 - [INFO] - 💤 Bekleyen talep yok.
2026-01-12 21:25:07,128 - [INFO] - 🕵️‍♂️ JOB BAŞLADI: Gerçek veritabanı kontrol ediliyor...
2026-01-12 21:25:07,131 - [INFO] - 💤 Bekleyen talep yok.
2026-01-12 21:25:17,174 - [INFO] - 🕵️‍♂️ JOB BAŞLADI: Gerçek veritabanı kontrol ediliyor...
2026-01-12 21:25:17,177 - [INFO] - 💤 Bekleyen talep yok.
2026-01-12 21:25:27,220 - [INFO] - 🕵️‍♂️ JOB BAŞLADI: Gerçek veritabanı kontrol ediliyor...
2026-01-12 21:25:27,223 - [INFO] - 💤 Bekleyen talep yok.
2026-01-12 21:25:37,265 - [INFO] - 🕵️‍♂️ JOB BAŞLADI: Gerçek veritabanı kontrol ediliyor...
2026-01-12 21:25:37,267 - [INFO] - 💤 Bekleyen talep yok.
2026-01-12 21:25:47,308 - [INFO] - 🕵️‍♂️ JOB BAŞLADI: Gerçek veritabanı kontrol ediliyor...
2026-01-12 21:25:47,310 - [INFO] - 💤 Bekleyen talep yok.
2026-01-12 21:25:57,358 - [INFO] - 🕵️‍♂️ JOB BAŞLADI: Gerçek veritabanı kontrol ediliyor...
2026-01-12 21:25:57,360 - [INFO] - 💤 Bekleyen talep yok.
2026-01-12 21:26:07,403 - [INFO] - 🕵️‍♂️ JOB BAŞLADI: Gerçek veritabanı kontrol ediliyor...
2026-01-12 21:26:07,406 - [INFO] - 💤 Bekleyen talep yok.
2026-01-12 21:26:17,448 - [INFO] - 🕵️‍♂️ JOB BAŞLADI: Gerçek veritabanı kontrol ediliyor...
2026-01-12 21:26:17,451 - [INFO] - 💤 Bekleyen talep yok.
2026-01-12 21:26:27,497 - [INFO] - 🕵️‍♂️ JOB BAŞLADI: Gerçek veritabanı kontrol ediliyor...
2026-01-12 21:26:27,499 - [INFO] - 💤 Bekleyen talep yok.
2026-01-12 21:26:37,535 - [INFO] - 🕵️‍♂️ JOB BAŞLADI: Gerçek veritabanı kontrol ediliyor...
2026-01-12 21:26:37,538 - [INFO] - 💤 Bekleyen talep yok.
2026-01-12 21:26:47,582 - [INFO] - 🕵️‍♂️ JOB BAŞLADI: Gerçek veritabanı kontrol ediliyor...
2026-01-12 21:26:47,584 - [INFO] - 💤 Bekleyen talep yok.
2026-01-12 21:26:57,645 - [INFO] - 🕵️‍♂️ JOB BAŞLADI: Gerçek veritabanı kontrol ediliyor...
2026-01-12 21:26:57,648 - [INFO] - 💤 Bekleyen talep yok.
2026-01-12 21:27:07,713 - [INFO] - 🕵️‍♂️ JOB BAŞLADI: Gerçek veritabanı kontrol ediliyor...
2026-01-12 21:27:07,715 - [INFO] - 💤 Bekleyen talep yok.
2026-01-12 21:27:17,796 - [INFO] - 🕵️‍♂️ JOB BAŞLADI: Gerçek veritabanı kontrol ediliyor...
2026-01-12 21:27:17,798 - [INFO] - 💤 Bekleyen talep yok.
2026-01-12 21:27:27,856 - [INFO] - 🕵️‍♂️ JOB BAŞLADI: Gerçek veritabanı kontrol ediliyor...
2026-01-12 21:27:27,859 - [INFO] - 💤 Bekleyen talep yok.
2026-01-12 21:27:37,932 - [INFO] - 🕵️‍♂️ JOB BAŞLADI: Gerçek veritabanı kontrol ediliyor...
2026-01-12 21:27:37,934 - [INFO] - 💤 Bekleyen talep yok.
2026-01-12 21:27:48,014 - [INFO] - 🕵️‍♂️ JOB BAŞLADI: Gerçek veritabanı kontrol ediliyor...
2026-01-12 21:27:48,017 - [INFO] - 💤 Bekleyen talep yok.
2026-01-12 21:27:58,089 - [INFO] - 🕵️‍♂️ JOB BAŞLADI: Gerçek veritabanı kontrol ediliyor...
2026-01-12 21:27:58,091 - [INFO] - 💤 Bekleyen talep yok.
2026-01-12 21:28:08,165 - [INFO] - 🕵️‍♂️ JOB BAŞLADI: Gerçek veritabanı kontrol ediliyor...
2026-01-12 21:28:08,168 - [INFO] - 💤 Bekleyen talep yok.
2026-01-12 21:28:18,249 - [INFO] - 🕵️‍♂️ JOB BAŞLADI: Gerçek veritabanı kontrol ediliyor...
2026-01-12 21:28:18,251 - [INFO] - 💤 Bekleyen talep yok.
2026-01-12 21:28:28,308 - [INFO] - 🕵️‍♂️ JOB BAŞLADI: Gerçek veritabanı kontrol ediliyor...
2026-01-12 21:28:28,310 - [INFO] - 💤 Bekleyen talep yok.
2026-01-12 21:28:38,374 - [INFO] - 🕵️‍♂️ JOB BAŞLADI: Gerçek veritabanı kontrol ediliyor...
2026-01-12 21:28:38,376 - [INFO] - 💤 Bekleyen talep yok.
2026-01-12 21:28:48,460 - [INFO] - 🕵️‍♂️ JOB BAŞLADI: Gerçek veritabanı kontrol ediliyor...
2026-01-12 21:28:48,462 - [INFO] - 💤 Bekleyen talep yok.
2026-01-12 21:28:58,540 - [INFO] - 🕵️‍♂️ JOB BAŞLADI: Gerçek veritabanı kontrol ediliyor...
2026-01-12 21:28:58,542 - [INFO] - 💤 Bekleyen talep yok.
2026-01-12 21:29:08,591 - [INFO] - 🕵️‍♂️ JOB BAŞLADI: Gerçek veritabanı kontrol ediliyor...
2026-01-12 21:29:08,594 - [INFO] - 💤 Bekleyen talep yok.
2026-01-12 21:29:18,672 - [INFO] - 🕵️‍♂️ JOB BAŞLADI: Gerçek veritabanı kontrol ediliyor...
2026-01-12 21:29:18,674 - [INFO] - 💤 Bekleyen talep yok.
2026-01-12 21:29:28,760 - [INFO] - 🕵️‍♂️ JOB BAŞLADI: Gerçek veritabanı kontrol ediliyor...
2026-01-12 21:29:28,762 - [INFO] - 💤 Bekleyen talep yok.
2026-01-12 21:29:38,824 - [INFO] - 🕵️‍♂️ JOB BAŞLADI: Gerçek veritabanı kontrol ediliyor...
2026-01-12 21:29:38,827 - [INFO] - 💤 Bekleyen talep yok.
2026-01-12 21:29:48,889 - [INFO] - 🕵️‍♂️ JOB BAŞLADI: Gerçek veritabanı kontrol ediliyor...
2026-01-12 21:29:48,892 - [INFO] - 💤 Bekleyen talep yok.
2026-01-12 21:29:58,952 - [INFO] - 🕵️‍♂️ JOB BAŞLADI: Gerçek veritabanı kontrol ediliyor...
2026-01-12 21:29:58,955 - [INFO] - 💤 Bekleyen talep yok.
2026-01-12 21:30:09,037 - [INFO] - 🕵️‍♂️ JOB BAŞLADI: Gerçek veritabanı kontrol ediliyor...
2026-01-12 21:30:09,039 - [INFO] - 💤 Bekleyen talep yok.
2026-01-12 21:30:19,101 - [INFO] - 🕵️‍♂️ JOB BAŞLADI: Gerçek veritabanı kontrol ediliyor...
2026-01-12 21:30:19,103 - [INFO] - 💤 Bekleyen talep yok.
2026-01-12 21:30:29,160 - [INFO] - 🕵️‍♂️ JOB BAŞLADI: Gerçek veritabanı kontrol ediliyor...
2026-01-12 21:30:29,163 - [INFO] - 💤 Bekleyen talep yok.
2026-01-12 21:30:39,239 - [INFO] - 🕵️‍♂️ JOB BAŞLADI: Gerçek veritabanı kontrol ediliyor...
2026-01-12 21:30:39,241 - [INFO] - 💤 Bekleyen talep yok.
2026-01-12 21:30:49,301 - [INFO] - 🕵️‍♂️ JOB BAŞLADI: Gerçek veritabanı kontrol ediliyor...
2026-01-12 21:30:49,303 - [INFO] - 💤 Bekleyen talep yok.
2026-01-12 21:30:59,375 - [INFO] - 🕵️‍♂️ JOB BAŞLADI: Gerçek veritabanı kontrol ediliyor...
2026-01-12 21:30:59,377 - [INFO] - 💤 Bekleyen talep yok.
2026-01-12 21:31:09,448 - [INFO] - 🕵️‍♂️ JOB BAŞLADI: Gerçek veritabanı kontrol ediliyor...
2026-01-12 21:31:09,451 - [INFO] - 💤 Bekleyen talep yok.
2026-01-12 21:31:19,514 - [INFO] - 🕵️‍♂️ JOB BAŞLADI: Gerçek veritabanı kontrol ediliyor...
2026-01-12 21:31:19,517 - [INFO] - 💤 Bekleyen talep yok.
2026-01-12 21:31:29,578 - [INFO] - 🕵️‍♂️ JOB BAŞLADI: Gerçek veritabanı kontrol ediliyor...
2026-01-12 21:31:29,580 - [INFO] - 💤 Bekleyen talep yok.
2026-01-12 21:31:39,666 - [INFO] - 🕵️‍♂️ JOB BAŞLADI: Gerçek veritabanı kontrol ediliyor...
2026-01-12 21:31:39,668 - [INFO] - 💤 Bekleyen talep yok.
2026-01-12 21:31:49,726 - [INFO] - 🕵️‍♂️ JOB BAŞLADI: Gerçek veritabanı kontrol ediliyor...
2026-01-12 21:31:49,729 - [INFO] - 💤 Bekleyen talep yok.
2026-01-12 21:31:59,795 - [INFO] - 🕵️‍♂️ JOB BAŞLADI: Gerçek veritabanı kontrol ediliyor...
2026-01-12 21:31:59,798 - [INFO] - 💤 Bekleyen talep yok.
2026-01-12 21:32:09,880 - [INFO] - 🕵️‍♂️ JOB BAŞLADI: Gerçek veritabanı kontrol ediliyor...
2026-01-12 21:32:09,883 - [INFO] - 💤 Bekleyen talep yok.
2026-01-12 21:32:19,950 - [INFO] - 🕵️‍♂️ JOB BAŞLADI: Gerçek veritabanı kontrol ediliyor...
2026-01-12 21:32:19,953 - [INFO] - 💤 Bekleyen talep yok.
2026-01-12 21:32:30,014 - [INFO] - 🕵️‍♂️ JOB BAŞLADI: Gerçek veritabanı kontrol ediliyor...
2026-01-12 21:32:30,016 - [INFO] - 💤 Bekleyen talep yok.
2026-01-12 21:32:40,075 - [INFO] - 🕵️‍♂️ JOB BAŞLADI: Gerçek veritabanı kontrol ediliyor...
2026-01-12 21:32:40,078 - [INFO] - 💤 Bekleyen talep yok.
2026-01-12 21:32:50,153 - [INFO] - 🕵️‍♂️ JOB BAŞLADI: Gerçek veritabanı kontrol ediliyor...
2026-01-12 21:32:50,155 - [INFO] - 💤 Bekleyen talep yok.
2026-01-12 21:33:00,215 - [INFO] - 🕵️‍♂️ JOB BAŞLADI: Gerçek veritabanı kontrol ediliyor...
2026-01-12 21:33:00,218 - [INFO] - 💤 Bekleyen talep yok.
2026-01-12 21:33:10,304 - [INFO] - 🕵️‍♂️ JOB BAŞLADI: Gerçek veritabanı kontrol ediliyor...
2026-01-12 21:33:10,307 - [INFO] - 💤 Bekleyen talep yok.
2026-01-12 21:33:20,390 - [INFO] - 🕵️‍♂️ JOB BAŞLADI: Gerçek veritabanı kontrol ediliyor...
2026-01-12 21:33:20,392 - [INFO] - 💤 Bekleyen talep yok.
2026-01-12 21:33:30,473 - [INFO] - 🕵️‍♂️ JOB BAŞLADI: Gerçek veritabanı kontrol ediliyor...
2026-01-12 21:33:30,475 - [INFO] - 💤 Bekleyen talep yok.
2026-01-12 21:33:40,559 - [INFO] - 🕵️‍♂️ JOB BAŞLADI: Gerçek veritabanı kontrol ediliyor...
2026-01-12 21:33:40,561 - [INFO] - 💤 Bekleyen talep yok.
2026-01-12 21:33:50,635 - [INFO] - 🕵️‍♂️ JOB BAŞLADI: Gerçek veritabanı kontrol ediliyor...
2026-01-12 21:33:50,637 - [INFO] - 💤 Bekleyen talep yok.
2026-01-12 21:34:00,699 - [INFO] - 🕵️‍♂️ JOB BAŞLADI: Gerçek veritabanı kontrol ediliyor...
2026-01-12 21:34:00,702 - [INFO] - 💤 Bekleyen talep yok.
2026-01-12 21:34:10,762 - [INFO] - 🕵️‍♂️ JOB BAŞLADI: Gerçek veritabanı kontrol ediliyor...
2026-01-12 21:34:10,764 - [INFO] - 💤 Bekleyen talep yok.
2026-01-12 21:34:20,850 - [INFO] - 🕵️‍♂️ JOB BAŞLADI: Gerçek veritabanı kontrol ediliyor...
2026-01-12 21:34:20,852 - [INFO] - 💤 Bekleyen talep yok.
2026-01-12 21:34:30,924 - [INFO] - 🕵️‍♂️ JOB BAŞLADI: Gerçek veritabanı kontrol ediliyor...
2026-01-12 21:34:30,927 - [INFO] - 💤 Bekleyen talep yok.
2026-01-12 21:34:40,999 - [INFO] - 🕵️‍♂️ JOB BAŞLADI: Gerçek veritabanı kontrol ediliyor...
2026-01-12 21:34:41,002 - [INFO] - 💤 Bekleyen talep yok.
2026-01-12 21:34:51,073 - [INFO] - 🕵️‍♂️ JOB BAŞLADI: Gerçek veritabanı kontrol ediliyor...
2026-01-12 21:34:51,076 - [INFO] - 💤 Bekleyen talep yok.
2026-01-12 21:35:01,160 - [INFO] - 🕵️‍♂️ JOB BAŞLADI: Gerçek veritabanı kontrol ediliyor...
2026-01-12 21:35:01,163 - [INFO] - 💤 Bekleyen talep yok.
2026-01-12 21:35:11,231 - [INFO] - 🕵️‍♂️ JOB BAŞLADI: Gerçek veritabanı kontrol ediliyor...
2026-01-12 21:35:11,235 - [INFO] - 💤 Bekleyen talep yok.
2026-01-12 21:35:21,299 - [INFO] - 🕵️‍♂️ JOB BAŞLADI: Gerçek veritabanı kontrol ediliyor...
2026-01-12 21:35:21,301 - [INFO] - 💤 Bekleyen talep yok.
2026-01-12 21:35:31,365 - [INFO] - 🕵️‍♂️ JOB BAŞLADI: Gerçek veritabanı kontrol ediliyor...
2026-01-12 21:35:31,368 - [INFO] - 💤 Bekleyen talep yok.
2026-01-12 21:35:41,445 - [INFO] - 🕵️‍♂️ JOB BAŞLADI: Gerçek veritabanı kontrol ediliyor...
2026-01-12 21:35:41,447 - [INFO] - 💤 Bekleyen talep yok.
2026-01-12 21:35:51,525 - [INFO] - 🕵️‍♂️ JOB BAŞLADI: Gerçek veritabanı kontrol ediliyor...
2026-01-12 21:35:51,527 - [INFO] - 💤 Bekleyen talep yok.
2026-01-12 21:36:01,612 - [INFO] - 🕵️‍♂️ JOB BAŞLADI: Gerçek veritabanı kontrol ediliyor...
2026-01-12 21:36:01,614 - [INFO] - 💤 Bekleyen talep yok.
2026-01-12 21:36:11,684 - [INFO] - 🕵️‍♂️ JOB BAŞLADI: Gerçek veritabanı kontrol ediliyor...
2026-01-12 21:36:11,686 - [INFO] - 💤 Bekleyen talep yok.
2026-01-12 21:36:21,758 - [INFO] - 🕵️‍♂️ JOB BAŞLADI: Gerçek veritabanı kontrol ediliyor...
2026-01-12 21:36:21,761 - [INFO] - 💤 Bekleyen talep yok.
2026-01-12 21:36:31,852 - [INFO] - 🕵️‍♂️ JOB BAŞLADI: Gerçek veritabanı kontrol ediliyor...
2026-01-12 21:36:31,855 - [INFO] - 💤 Bekleyen talep yok.
2026-01-12 21:36:41,908 - [INFO] - 🕵️‍♂️ JOB BAŞLADI: Gerçek veritabanı kontrol ediliyor...
2026-01-12 21:36:41,911 - [INFO] - 💤 Bekleyen talep yok.
2026-01-12 21:36:51,984 - [INFO] - 🕵️‍♂️ JOB BAŞLADI: Gerçek veritabanı kontrol ediliyor...
2026-01-12 21:36:51,986 - [INFO] - 💤 Bekleyen talep yok.
2026-01-12 21:37:02,071 - [INFO] - 🕵️‍♂️ JOB BAŞLADI: Gerçek veritabanı kontrol ediliyor...
2026-01-12 21:37:02,073 - [INFO] - 💤 Bekleyen talep yok.
2026-01-12 21:37:12,136 - [INFO] - 🕵️‍♂️ JOB BAŞLADI: Gerçek veritabanı kontrol ediliyor...
2026-01-12 21:37:12,138 - [INFO] - 💤 Bekleyen talep yok.
2026-01-12 21:37:22,221 - [INFO] - 🕵️‍♂️ JOB BAŞLADI: Gerçek veritabanı kontrol ediliyor...
2026-01-12 21:37:22,223 - [INFO] - 💤 Bekleyen talep yok.
2026-01-12 21:37:32,281 - [INFO] - 🕵️‍♂️ JOB BAŞLADI: Gerçek veritabanı kontrol ediliyor...
2026-01-12 21:37:32,283 - [INFO] - 💤 Bekleyen talep yok.
2026-01-12 21:37:42,365 - [INFO] - 🕵️‍♂️ JOB BAŞLADI: Gerçek veritabanı kontrol ediliyor...
2026-01-12 21:37:42,368 - [INFO] - 💤 Bekleyen talep yok.
2026-01-12 21:37:52,460 - [INFO] - 🕵️‍♂️ JOB BAŞLADI: Gerçek veritabanı kontrol ediliyor...
2026-01-12 21:37:52,463 - [INFO] - 💤 Bekleyen talep yok.
2026-01-12 21:38:02,523 - [INFO] - 🕵️‍♂️ JOB BAŞLADI: Gerçek veritabanı kontrol ediliyor...
2026-01-12 21:38:02,525 - [INFO] - 💤 Bekleyen talep yok.
2026-01-12 21:38:12,586 - [INFO] - 🕵️‍♂️ JOB BAŞLADI: Gerçek veritabanı kontrol ediliyor...
2026-01-12 21:38:12,588 - [INFO] - 💤 Bekleyen talep yok.
2026-01-12 21:38:22,657 - [INFO] - 🕵️‍♂️ JOB BAŞLADI: Gerçek veritabanı kontrol ediliyor...
2026-01-12 21:38:22,659 - [INFO] - 💤 Bekleyen talep yok.
2026-01-12 21:38:32,725 - [INFO] - 🕵️‍♂️ JOB BAŞLADI: Gerçek veritabanı kontrol ediliyor...
2026-01-12 21:38:32,727 - [INFO] - 💤 Bekleyen talep yok.
2026-01-12 21:38:42,794 - [INFO] - 🕵️‍♂️ JOB BAŞLADI: Gerçek veritabanı kontrol ediliyor...
2026-01-12 21:38:42,796 - [INFO] - 💤 Bekleyen talep yok.
2026-01-12 21:38:52,862 - [INFO] - 🕵️‍♂️ JOB BAŞLADI: Gerçek veritabanı kontrol ediliyor...
2026-01-12 21:38:52,865 - [INFO] - 💤 Bekleyen talep yok.
2026-01-12 21:39:02,945 - [INFO] - 🕵️‍♂️ JOB BAŞLADI: Gerçek veritabanı kontrol ediliyor...
2026-01-12 21:39:02,947 - [INFO] - 💤 Bekleyen talep yok.
2026-01-12 21:39:13,015 - [INFO] - 🕵️‍♂️ JOB BAŞLADI: Gerçek veritabanı kontrol ediliyor...
2026-01-12 21:39:13,018 - [INFO] - 💤 Bekleyen talep yok.
2026-01-12 21:39:23,089 - [INFO] - 🕵️‍♂️ JOB BAŞLADI: Gerçek veritabanı kontrol ediliyor...
2026-01-12 21:39:23,091 - [INFO] - 💤 Bekleyen talep yok.
2026-01-12 21:39:33,158 - [INFO] - 🕵️‍♂️ JOB BAŞLADI: Gerçek veritabanı kontrol ediliyor...
2026-01-12 21:39:33,160 - [INFO] - 💤 Bekleyen talep yok.
2026-01-12 21:39:43,229 - [INFO] - 🕵️‍♂️ JOB BAŞLADI: Gerçek veritabanı kontrol ediliyor...
2026-01-12 21:39:43,231 - [INFO] - 💤 Bekleyen talep yok.
2026-01-12 21:39:53,302 - [INFO] - 🕵️‍♂️ JOB BAŞLADI: Gerçek veritabanı kontrol ediliyor...
2026-01-12 21:39:53,304 - [INFO] - 💤 Bekleyen talep yok.
2026-01-12 21:40:03,404 - [INFO] - 🕵️‍♂️ JOB BAŞLADI: Gerçek veritabanı kontrol ediliyor...
2026-01-12 21:40:03,406 - [INFO] - 💤 Bekleyen talep yok.
2026-01-12 21:40:13,474 - [INFO] - 🕵️‍♂️ JOB BAŞLADI: Gerçek veritabanı kontrol ediliyor...
2026-01-12 21:40:13,476 - [INFO] - 💤 Bekleyen talep yok.
2026-01-12 21:40:23,557 - [INFO] - 🕵️‍♂️ JOB BAŞLADI: Gerçek veritabanı kontrol ediliyor...
2026-01-12 21:40:23,559 - [INFO] - 💤 Bekleyen talep yok.
2026-01-12 21:40:33,647 - [INFO] - 🕵️‍♂️ JOB BAŞLADI: Gerçek veritabanı kontrol ediliyor...
2026-01-12 21:40:33,650 - [INFO] - 💤 Bekleyen talep yok.
2026-01-12 21:40:43,709 - [INFO] - 🕵️‍♂️ JOB BAŞLADI: Gerçek veritabanı kontrol ediliyor...
2026-01-12 21:40:43,710 - [INFO] - 💤 Bekleyen talep yok.
2026-01-12 21:40:53,792 - [INFO] - 🕵️‍♂️ JOB BAŞLADI: Gerçek veritabanı kontrol ediliyor...
2026-01-12 21:40:53,794 - [INFO] - 💤 Bekleyen talep yok.
2026-01-12 21:41:03,869 - [INFO] - 🕵️‍♂️ JOB BAŞLADI: Gerçek veritabanı kontrol ediliyor...
2026-01-12 21:41:03,871 - [INFO] - 💤 Bekleyen talep yok.
2026-01-12 21:41:13,958 - [INFO] - 🕵️‍♂️ JOB BAŞLADI: Gerçek veritabanı kontrol ediliyor...
2026-01-12 21:41:13,960 - [INFO] - 💤 Bekleyen talep yok.
2026-01-12 21:41:24,042 - [INFO] - 🕵️‍♂️ JOB BAŞLADI: Gerçek veritabanı kontrol ediliyor...
2026-01-12 21:41:24,045 - [INFO] - 💤 Bekleyen talep yok.
2026-01-12 21:41:34,128 - [INFO] - 🕵️‍♂️ JOB BAŞLADI: Gerçek veritabanı kontrol ediliyor...
2026-01-12 21:41:34,130 - [INFO] - 💤 Bekleyen talep yok.
2026-01-12 21:41:44,220 - [INFO] - 🕵️‍♂️ JOB BAŞLADI: Gerçek veritabanı kontrol ediliyor...
2026-01-12 21:41:44,222 - [INFO] - 💤 Bekleyen talep yok.
2026-01-12 21:41:54,314 - [INFO] - 🕵️‍♂️ JOB BAŞLADI: Gerçek veritabanı kontrol ediliyor...
2026-01-12 21:41:54,316 - [INFO] - 💤 Bekleyen talep yok.
2026-01-12 21:42:04,403 - [INFO] - 🕵️‍♂️ JOB BAŞLADI: Gerçek veritabanı kontrol ediliyor...
2026-01-12 21:42:04,406 - [INFO] - 💤 Bekleyen talep yok.
2026-01-12 21:42:14,486 - [INFO] - 🕵️‍♂️ JOB BAŞLADI: Gerçek veritabanı kontrol ediliyor...
2026-01-12 21:42:14,490 - [INFO] - 💤 Bekleyen talep yok.
2026-01-12 21:42:24,569 - [INFO] - 🕵️‍♂️ JOB BAŞLADI: Gerçek veritabanı kontrol ediliyor...
2026-01-12 21:42:24,571 - [INFO] - 💤 Bekleyen talep yok.
2026-01-12 21:42:34,631 - [INFO] - 🕵️‍♂️ JOB BAŞLADI: Gerçek veritabanı kontrol ediliyor...
2026-01-12 21:42:34,634 - [INFO] - 💤 Bekleyen talep yok.
2026-01-12 21:42:44,699 - [INFO] - 🕵️‍♂️ JOB BAŞLADI: Gerçek veritabanı kontrol ediliyor...
2026-01-12 21:42:44,701 - [INFO] - 💤 Bekleyen talep yok.
2026-01-12 21:42:54,770 - [INFO] - 🕵️‍♂️ JOB BAŞLADI: Gerçek veritabanı kontrol ediliyor...
2026-01-12 21:42:54,772 - [INFO] - 💤 Bekleyen talep yok.
2026-01-12 21:43:04,839 - [INFO] - 🕵️‍♂️ JOB BAŞLADI: Gerçek veritabanı kontrol ediliyor...
2026-01-12 21:43:04,842 - [INFO] - 💤 Bekleyen talep yok.
2026-01-12 21:43:14,919 - [INFO] - 🕵️‍♂️ JOB BAŞLADI: Gerçek veritabanı kontrol ediliyor...
2026-01-12 21:43:14,922 - [INFO] - 💤 Bekleyen talep yok.
2026-01-12 21:43:24,999 - [INFO] - 🕵️‍♂️ JOB BAŞLADI: Gerçek veritabanı kontrol ediliyor...
2026-01-12 21:43:25,002 - [INFO] - 💤 Bekleyen talep yok.
2026-01-12 21:43:35,076 - [INFO] - 🕵️‍♂️ JOB BAŞLADI: Gerçek veritabanı kontrol ediliyor...
2026-01-12 21:43:35,078 - [INFO] - 💤 Bekleyen talep yok.
2026-01-12 21:43:45,168 - [INFO] - 🕵️‍♂️ JOB BAŞLADI: Gerçek veritabanı kontrol ediliyor...
2026-01-12 21:43:45,170 - [INFO] - 💤 Bekleyen talep yok.
2026-01-12 21:43:55,254 - [INFO] - 🕵️‍♂️ JOB BAŞLADI: Gerçek veritabanı kontrol ediliyor...
2026-01-12 21:43:55,257 - [INFO] - 💤 Bekleyen talep yok.
2026-01-12 21:44:05,327 - [INFO] - 🕵️‍♂️ JOB BAŞLADI: Gerçek veritabanı kontrol ediliyor...
2026-01-12 21:44:05,330 - [INFO] - 💤 Bekleyen talep yok.
2026-01-12 21:44:15,385 - [INFO] - 🕵️‍♂️ JOB BAŞLADI: Gerçek veritabanı kontrol ediliyor...
2026-01-12 21:44:15,387 - [INFO] - 💤 Bekleyen talep yok.
2026-01-12 21:44:25,463 - [INFO] - 🕵️‍♂️ JOB BAŞLADI: Gerçek veritabanı kontrol ediliyor...
2026-01-12 21:44:25,465 - [INFO] - 💤 Bekleyen talep yok.
2026-01-12 21:44:35,548 - [INFO] - 🕵️‍♂️ JOB BAŞLADI: Gerçek veritabanı kontrol ediliyor...
2026-01-12 21:44:35,550 - [INFO] - 💤 Bekleyen talep yok.
2026-01-12 21:44:45,628 - [INFO] - 🕵️‍♂️ JOB BAŞLADI: Gerçek veritabanı kontrol ediliyor...
2026-01-12 21:44:45,631 - [INFO] - 💤 Bekleyen talep yok.
2026-01-12 21:44:55,708 - [INFO] - 🕵️‍♂️ JOB BAŞLADI: Gerçek veritabanı kontrol ediliyor...
2026-01-12 21:44:55,711 - [INFO] - 💤 Bekleyen talep yok.
2026-01-12 21:45:05,775 - [INFO] - 🕵️‍♂️ JOB BAŞLADI: Gerçek veritabanı kontrol ediliyor...
2026-01-12 21:45:05,777 - [INFO] - 💤 Bekleyen talep yok.
2026-01-12 21:45:15,856 - [INFO] - 🕵️‍♂️ JOB BAŞLADI: Gerçek veritabanı kontrol ediliyor...
2026-01-12 21:45:15,859 - [INFO] - 💤 Bekleyen talep yok.
2026-01-12 21:45:25,928 - [INFO] - 🕵️‍♂️ JOB BAŞLADI: Gerçek veritabanı kontrol ediliyor...
2026-01-12 21:45:25,931 - [INFO] - 💤 Bekleyen talep yok.
2026-01-12 21:45:36,010 - [INFO] - 🕵️‍♂️ JOB BAŞLADI: Gerçek veritabanı kontrol ediliyor...
2026-01-12 21:45:36,012 - [INFO] - 💤 Bekleyen talep yok.
2026-01-12 21:45:46,095 - [INFO] - 🕵️‍♂️ JOB BAŞLADI: Gerçek veritabanı kontrol ediliyor...
2026-01-12 21:45:46,097 - [INFO] - 💤 Bekleyen talep yok.
2026-01-12 21:45:56,184 - [INFO] - 🕵️‍♂️ JOB BAŞLADI: Gerçek veritabanı kontrol ediliyor...
2026-01-12 21:45:56,186 - [INFO] - 💤 Bekleyen talep yok.
2026-01-12 21:46:06,279 - [INFO] - 🕵️‍♂️ JOB BAŞLADI: Gerçek veritabanı kontrol ediliyor...
2026-01-12 21:46:06,281 - [INFO] - 💤 Bekleyen talep yok.
2026-01-12 21:46:16,358 - [INFO] - 🕵️‍♂️ JOB BAŞLADI: Gerçek veritabanı kontrol ediliyor...
2026-01-12 21:46:16,361 - [INFO] - 💤 Bekleyen talep yok.
2026-01-12 21:46:26,442 - [INFO] - 🕵️‍♂️ JOB BAŞLADI: Gerçek veritabanı kontrol ediliyor...
2026-01-12 21:46:26,444 - [INFO] - 💤 Bekleyen talep yok.
2026-01-12 21:46:36,508 - [INFO] - 🕵️‍♂️ JOB BAŞLADI: Gerçek veritabanı kontrol ediliyor...
2026-01-12 21:46:36,509 - [INFO] - 💤 Bekleyen talep yok.
2026-01-12 21:46:46,577 - [INFO] - 🕵️‍♂️ JOB BAŞLADI: Gerçek veritabanı kontrol ediliyor...
2026-01-12 21:46:46,580 - [INFO] - 💤 Bekleyen talep yok.
2026-01-12 21:46:56,658 - [INFO] - 🕵️‍♂️ JOB BAŞLADI: Gerçek veritabanı kontrol ediliyor...
2026-01-12 21:46:56,660 - [INFO] - 💤 Bekleyen talep yok.
2026-01-12 21:47:06,738 - [INFO] - 🕵️‍♂️ JOB BAŞLADI: Gerçek veritabanı kontrol ediliyor...
2026-01-12 21:47:06,740 - [INFO] - 💤 Bekleyen talep yok.
2026-01-12 21:47:16,826 - [INFO] - 🕵️‍♂️ JOB BAŞLADI: Gerçek veritabanı kontrol ediliyor...
2026-01-12 21:47:16,829 - [INFO] - 💤 Bekleyen talep yok.
2026-01-12 21:47:26,888 - [INFO] - 🕵️‍♂️ JOB BAŞLADI: Gerçek veritabanı kontrol ediliyor...
2026-01-12 21:47:26,891 - [INFO] - 💤 Bekleyen talep yok.
2026-01-12 21:47:36,980 - [INFO] - 🕵️‍♂️ JOB BAŞLADI: Gerçek veritabanı kontrol ediliyor...
2026-01-12 21:47:36,982 - [INFO] - 💤 Bekleyen talep yok.
2026-01-12 21:47:47,078 - [INFO] - 🕵️‍♂️ JOB BAŞLADI: Gerçek veritabanı kontrol ediliyor...
2026-01-12 21:47:47,080 - [INFO] - 💤 Bekleyen talep yok.
2026-01-12 21:47:57,176 - [INFO] - 🕵️‍♂️ JOB BAŞLADI: Gerçek veritabanı kontrol ediliyor...
2026-01-12 21:47:57,178 - [INFO] - 💤 Bekleyen talep yok.
2026-01-12 21:48:07,241 - [INFO] - 🕵️‍♂️ JOB BAŞLADI: Gerçek veritabanı kontrol ediliyor...
2026-01-12 21:48:07,243 - [INFO] - 💤 Bekleyen talep yok.
2026-01-12 21:48:17,288 - [INFO] - 🕵️‍♂️ JOB BAŞLADI: Gerçek veritabanı kontrol ediliyor...
2026-01-12 21:48:17,290 - [INFO] - 💤 Bekleyen talep yok.
2026-01-12 21:48:27,369 - [INFO] - 🕵️‍♂️ JOB BAŞLADI: Gerçek veritabanı kontrol ediliyor...
2026-01-12 21:48:27,371 - [INFO] - 💤 Bekleyen talep yok.
2026-01-12 21:48:37,450 - [INFO] - 🕵️‍♂️ JOB BAŞLADI: Gerçek veritabanı kontrol ediliyor...
2026-01-12 21:48:37,453 - [INFO] - 💤 Bekleyen talep yok.
2026-01-12 21:48:47,529 - [INFO] - 🕵️‍♂️ JOB BAŞLADI: Gerçek veritabanı kontrol ediliyor...
2026-01-12 21:48:47,531 - [INFO] - 💤 Bekleyen talep yok.
2026-01-12 21:48:57,613 - [INFO] - 🕵️‍♂️ JOB BAŞLADI: Gerçek veritabanı kontrol ediliyor...
2026-01-12 21:48:57,616 - [INFO] - 💤 Bekleyen talep yok.
2026-01-12 21:49:07,678 - [INFO] - 🕵️‍♂️ JOB BAŞLADI: Gerçek veritabanı kontrol ediliyor...
2026-01-12 21:49:07,681 - [INFO] - 💤 Bekleyen talep yok.
2026-01-12 21:49:17,733 - [INFO] - 🕵️‍♂️ JOB BAŞLADI: Gerçek veritabanı kontrol ediliyor...
2026-01-12 21:49:17,736 - [INFO] - 💤 Bekleyen talep yok.
2026-01-12 21:49:27,801 - [INFO] - 🕵️‍♂️ JOB BAŞLADI: Gerçek veritabanı kontrol ediliyor...
2026-01-12 21:49:27,803 - [INFO] - 💤 Bekleyen talep yok.
2026-01-12 21:49:37,883 - [INFO] - 🕵️‍♂️ JOB BAŞLADI: Gerçek veritabanı kontrol ediliyor...
2026-01-12 21:49:37,885 - [INFO] - 💤 Bekleyen talep yok.
2026-01-12 21:49:47,966 - [INFO] - 🕵️‍♂️ JOB BAŞLADI: Gerçek veritabanı kontrol ediliyor...
2026-01-12 21:49:47,969 - [INFO] - 💤 Bekleyen talep yok.
2026-01-12 21:49:58,050 - [INFO] - 🕵️‍♂️ JOB BAŞLADI: Gerçek veritabanı kontrol ediliyor...
2026-01-12 21:49:58,053 - [INFO] - 💤 Bekleyen talep yok.
2026-01-12 21:50:08,116 - [INFO] - 🕵️‍♂️ JOB BAŞLADI: Gerçek veritabanı kontrol ediliyor...
2026-01-12 21:50:08,118 - [INFO] - 💤 Bekleyen talep yok.
2026-01-12 21:50:18,185 - [INFO] - 🕵️‍♂️ JOB BAŞLADI: Gerçek veritabanı kontrol ediliyor...
2026-01-12 21:50:18,188 - [INFO] - 💤 Bekleyen talep yok.
2026-01-12 21:50:28,268 - [INFO] - 🕵️‍♂️ JOB BAŞLADI: Gerçek veritabanı kontrol ediliyor...
2026-01-12 21:50:28,270 - [INFO] - 💤 Bekleyen talep yok.
2026-01-12 21:50:38,345 - [INFO] - 🕵️‍♂️ JOB BAŞLADI: Gerçek veritabanı kontrol ediliyor...
2026-01-12 21:50:38,347 - [INFO] - 💤 Bekleyen talep yok.
2026-01-12 21:50:48,418 - [INFO] - 🕵️‍♂️ JOB BAŞLADI: Gerçek veritabanı kontrol ediliyor...
2026-01-12 21:50:48,421 - [INFO] - 💤 Bekleyen talep yok.
2026-01-12 21:50:58,494 - [INFO] - 🕵️‍♂️ JOB BAŞLADI: Gerçek veritabanı kontrol ediliyor...
2026-01-12 21:50:58,497 - [INFO] - 💤 Bekleyen talep yok.
2026-01-12 21:51:08,564 - [INFO] - 🕵️‍♂️ JOB BAŞLADI: Gerçek veritabanı kontrol ediliyor...
2026-01-12 21:51:08,566 - [INFO] - 💤 Bekleyen talep yok.
2026-01-12 21:51:18,654 - [INFO] - 🕵️‍♂️ JOB BAŞLADI: Gerçek veritabanı kontrol ediliyor...
2026-01-12 21:51:18,655 - [INFO] - 💤 Bekleyen talep yok.
2026-01-12 21:51:28,724 - [INFO] - 🕵️‍♂️ JOB BAŞLADI: Gerçek veritabanı kontrol ediliyor...
2026-01-12 21:51:28,728 - [INFO] - 💤 Bekleyen talep yok.
2026-01-12 21:51:38,815 - [INFO] - 🕵️‍♂️ JOB BAŞLADI: Gerçek veritabanı kontrol ediliyor...
2026-01-12 21:51:38,817 - [INFO] - 💤 Bekleyen talep yok.
2026-01-12 21:51:48,899 - [INFO] - 🕵️‍♂️ JOB BAŞLADI: Gerçek veritabanı kontrol ediliyor...
2026-01-12 21:51:48,901 - [INFO] - 💤 Bekleyen talep yok.
2026-01-12 21:51:59,003 - [INFO] - 🕵️‍♂️ JOB BAŞLADI: Gerçek veritabanı kontrol ediliyor...
2026-01-12 21:51:59,005 - [INFO] - 💤 Bekleyen talep yok.
2026-01-12 21:52:09,060 - [INFO] - 🕵️‍♂️ JOB BAŞLADI: Gerçek veritabanı kontrol ediliyor...
2026-01-12 21:52:09,062 - [INFO] - 💤 Bekleyen talep yok.
2026-01-12 21:52:19,152 - [INFO] - 🕵️‍♂️ JOB BAŞLADI: Gerçek veritabanı kontrol ediliyor...
2026-01-12 21:52:19,155 - [INFO] - 💤 Bekleyen talep yok.
2026-01-12 21:52:29,235 - [INFO] - 🕵️‍♂️ JOB BAŞLADI: Gerçek veritabanı kontrol ediliyor...
2026-01-12 21:52:29,238 - [INFO] - 💤 Bekleyen talep yok.
2026-01-12 21:52:39,307 - [INFO] - 🕵️‍♂️ JOB BAŞLADI: Gerçek veritabanı kontrol ediliyor...
2026-01-12 21:52:39,310 - [INFO] - 💤 Bekleyen talep yok.
2026-01-12 21:52:49,378 - [INFO] - 🕵️‍♂️ JOB BAŞLADI: Gerçek veritabanı kontrol ediliyor...
2026-01-12 21:52:49,379 - [INFO] - 💤 Bekleyen talep yok.
2026-01-12 21:52:59,459 - [INFO] - 🕵️‍♂️ JOB BAŞLADI: Gerçek veritabanı kontrol ediliyor...
2026-01-12 21:52:59,461 - [INFO] - 💤 Bekleyen talep yok.
2026-01-12 21:53:09,517 - [INFO] - 🕵️‍♂️ JOB BAŞLADI: Gerçek veritabanı kontrol ediliyor...
2026-01-12 21:53:09,520 - [INFO] - 💤 Bekleyen talep yok.
2026-01-12 21:53:19,593 - [INFO] - 🕵️‍♂️ JOB BAŞLADI: Gerçek veritabanı kontrol ediliyor...
2026-01-12 21:53:19,595 - [INFO] - 💤 Bekleyen talep yok.
2026-01-12 21:53:29,672 - [INFO] - 🕵️‍♂️ JOB BAŞLADI: Gerçek veritabanı kontrol ediliyor...
2026-01-12 21:53:29,675 - [INFO] - 💤 Bekleyen talep yok.
2026-01-12 21:53:39,746 - [INFO] - 🕵️‍♂️ JOB BAŞLADI: Gerçek veritabanı kontrol ediliyor...
2026-01-12 21:53:39,749 - [INFO] - 💤 Bekleyen talep yok.
2026-01-12 21:53:49,836 - [INFO] - 🕵️‍♂️ JOB BAŞLADI: Gerçek veritabanı kontrol ediliyor...
2026-01-12 21:53:49,839 - [INFO] - 💤 Bekleyen talep yok.
2026-01-12 21:53:59,926 - [INFO] - 🕵️‍♂️ JOB BAŞLADI: Gerçek veritabanı kontrol ediliyor...
2026-01-12 21:53:59,928 - [INFO] - 💤 Bekleyen talep yok.
2026-01-12 21:54:09,997 - [INFO] - 🕵️‍♂️ JOB BAŞLADI: Gerçek veritabanı kontrol ediliyor...
2026-01-12 21:54:09,999 - [INFO] - 💤 Bekleyen talep yok.
2026-01-12 21:54:20,073 - [INFO] - 🕵️‍♂️ JOB BAŞLADI: Gerçek veritabanı kontrol ediliyor...
2026-01-12 21:54:20,075 - [INFO] - 💤 Bekleyen talep yok.
2026-01-12 21:54:30,145 - [INFO] - 🕵️‍♂️ JOB BAŞLADI: Gerçek veritabanı kontrol ediliyor...
2026-01-12 21:54:30,147 - [INFO] - 💤 Bekleyen talep yok.
2026-01-12 21:54:40,211 - [INFO] - 🕵️‍♂️ JOB BAŞLADI: Gerçek veritabanı kontrol ediliyor...
2026-01-12 21:54:40,213 - [INFO] - 💤 Bekleyen talep yok.
2026-01-12 21:54:50,287 - [INFO] - 🕵️‍♂️ JOB BAŞLADI: Gerçek veritabanı kontrol ediliyor...
2026-01-12 21:54:50,289 - [INFO] - 💤 Bekleyen talep yok.
2026-01-12 21:55:00,361 - [INFO] - 🕵️‍♂️ JOB BAŞLADI: Gerçek veritabanı kontrol ediliyor...
2026-01-12 21:55:00,363 - [INFO] - 💤 Bekleyen talep yok.
2026-01-12 21:55:10,443 - [INFO] - 🕵️‍♂️ JOB BAŞLADI: Gerçek veritabanı kontrol ediliyor...
2026-01-12 21:55:10,445 - [INFO] - 💤 Bekleyen talep yok.
2026-01-12 21:55:20,520 - [INFO] - 🕵️‍♂️ JOB BAŞLADI: Gerçek veritabanı kontrol ediliyor...
2026-01-12 21:55:20,523 - [INFO] - 💤 Bekleyen talep yok.
2026-01-12 21:55:30,579 - [INFO] - 🕵️‍♂️ JOB BAŞLADI: Gerçek veritabanı kontrol ediliyor...
2026-01-12 21:55:30,581 - [INFO] - 💤 Bekleyen talep yok.
2026-01-12 21:55:40,657 - [INFO] - 🕵️‍♂️ JOB BAŞLADI: Gerçek veritabanı kontrol ediliyor...
2026-01-12 21:55:40,660 - [INFO] - 💤 Bekleyen talep yok.
2026-01-12 21:55:50,729 - [INFO] - 🕵️‍♂️ JOB BAŞLADI: Gerçek veritabanı kontrol ediliyor...
2026-01-12 21:55:50,732 - [INFO] - 💤 Bekleyen talep yok.
2026-01-12 21:56:00,808 - [INFO] - 🕵️‍♂️ JOB BAŞLADI: Gerçek veritabanı kontrol ediliyor...
2026-01-12 21:56:00,811 - [INFO] - 💤 Bekleyen talep yok.
2026-01-12 21:56:10,874 - [INFO] - 🕵️‍♂️ JOB BAŞLADI: Gerçek veritabanı kontrol ediliyor...
2026-01-12 21:56:10,877 - [INFO] - 💤 Bekleyen talep yok.
2026-01-12 21:56:20,957 - [INFO] - 🕵️‍♂️ JOB BAŞLADI: Gerçek veritabanı kontrol ediliyor...
2026-01-12 21:56:20,960 - [INFO] - 💤 Bekleyen talep yok.
2026-01-12 21:56:31,038 - [INFO] - 🕵️‍♂️ JOB BAŞLADI: Gerçek veritabanı kontrol ediliyor...
2026-01-12 21:56:31,040 - [INFO] - 💤 Bekleyen talep yok.
2026-01-12 21:56:41,108 - [INFO] - 🕵️‍♂️ JOB BAŞLADI: Gerçek veritabanı kontrol ediliyor...
2026-01-12 21:56:41,110 - [INFO] - 💤 Bekleyen talep yok.
2026-01-12 21:56:51,190 - [INFO] - 🕵️‍♂️ JOB BAŞLADI: Gerçek veritabanı kontrol ediliyor...
2026-01-12 21:56:51,193 - [INFO] - 💤 Bekleyen talep yok.
2026-01-12 21:57:01,282 - [INFO] - 🕵️‍♂️ JOB BAŞLADI: Gerçek veritabanı kontrol ediliyor...
2026-01-12 21:57:01,284 - [INFO] - 💤 Bekleyen talep yok.
2026-01-12 21:57:11,368 - [INFO] - 🕵️‍♂️ JOB BAŞLADI: Gerçek veritabanı kontrol ediliyor...
2026-01-12 21:57:11,370 - [INFO] - 💤 Bekleyen talep yok.
2026-01-12 21:57:21,441 - [INFO] - 🕵️‍♂️ JOB BAŞLADI: Gerçek veritabanı kontrol ediliyor...
2026-01-12 21:57:21,444 - [INFO] - 💤 Bekleyen talep yok.
2026-01-12 21:57:31,520 - [INFO] - 🕵️‍♂️ JOB BAŞLADI: Gerçek veritabanı kontrol ediliyor...
2026-01-12 21:57:31,521 - [INFO] - 💤 Bekleyen talep yok.
2026-01-12 21:57:41,598 - [INFO] - 🕵️‍♂️ JOB BAŞLADI: Gerçek veritabanı kontrol ediliyor...
2026-01-12 21:57:41,601 - [INFO] - 💤 Bekleyen talep yok.
2026-01-12 21:57:51,677 - [INFO] - 🕵️‍♂️ JOB BAŞLADI: Gerçek veritabanı kontrol ediliyor...
2026-01-12 21:57:51,679 - [INFO] - 💤 Bekleyen talep yok.
2026-01-12 21:58:01,742 - [INFO] - 🕵️‍♂️ JOB BAŞLADI: Gerçek veritabanı kontrol ediliyor...
2026-01-12 21:58:01,744 - [INFO] - 💤 Bekleyen talep yok.
2026-01-12 21:58:11,821 - [INFO] - 🕵️‍♂️ JOB BAŞLADI: Gerçek veritabanı kontrol ediliyor...
2026-01-12 21:58:11,823 - [INFO] - 💤 Bekleyen talep yok.
2026-01-12 21:58:21,901 - [INFO] - 🕵️‍♂️ JOB BAŞLADI: Gerçek veritabanı kontrol ediliyor...
2026-01-12 21:58:21,904 - [INFO] - 💤 Bekleyen talep yok.
2026-01-12 21:58:31,976 - [INFO] - 🕵️‍♂️ JOB BAŞLADI: Gerçek veritabanı kontrol ediliyor...
2026-01-12 21:58:31,979 - [INFO] - 💤 Bekleyen talep yok.
2026-01-12 21:58:42,049 - [INFO] - 🕵️‍♂️ JOB BAŞLADI: Gerçek veritabanı kontrol ediliyor...
2026-01-12 21:58:42,051 - [INFO] - 💤 Bekleyen talep yok.
2026-01-12 21:58:52,144 - [INFO] - 🕵️‍♂️ JOB BAŞLADI: Gerçek veritabanı kontrol ediliyor...
2026-01-12 21:58:52,146 - [INFO] - 💤 Bekleyen talep yok.
2026-01-12 21:59:02,235 - [INFO] - 🕵️‍♂️ JOB BAŞLADI: Gerçek veritabanı kontrol ediliyor...
2026-01-12 21:59:02,237 - [INFO] - 💤 Bekleyen talep yok.
2026-01-12 21:59:12,296 - [INFO] - 🕵️‍♂️ JOB BAŞLADI: Gerçek veritabanı kontrol ediliyor...
2026-01-12 21:59:12,299 - [INFO] - 💤 Bekleyen talep yok.
2026-01-12 21:59:22,366 - [INFO] - 🕵️‍♂️ JOB BAŞLADI: Gerçek veritabanı kontrol ediliyor...
2026-01-12 21:59:22,368 - [INFO] - 💤 Bekleyen talep yok.
2026-01-12 21:59:32,448 - [INFO] - 🕵️‍♂️ JOB BAŞLADI: Gerçek veritabanı kontrol ediliyor...
2026-01-12 21:59:32,451 - [INFO] - 💤 Bekleyen talep yok.
2026-01-12 21:59:42,506 - [INFO] - 🕵️‍♂️ JOB BAŞLADI: Gerçek veritabanı kontrol ediliyor...
2026-01-12 21:59:42,508 - [INFO] - 💤 Bekleyen talep yok.
2026-01-12 21:59:52,573 - [INFO] - 🕵️‍♂️ JOB BAŞLADI: Gerçek veritabanı kontrol ediliyor...
2026-01-12 21:59:52,576 - [INFO] - 💤 Bekleyen talep yok.
2026-01-12 22:00:02,658 - [INFO] - 🕵️‍♂️ JOB BAŞLADI: Gerçek veritabanı kontrol ediliyor...
2026-01-12 22:00:02,660 - [INFO] - 💤 Bekleyen talep yok.
2026-01-12 22:00:12,744 - [INFO] - 🕵️‍♂️ JOB BAŞLADI: Gerçek veritabanı kontrol ediliyor...
2026-01-12 22:00:12,747 - [INFO] - 💤 Bekleyen talep yok.
2026-01-12 22:00:22,813 - [INFO] - 🕵️‍♂️ JOB BAŞLADI: Gerçek veritabanı kontrol ediliyor...
2026-01-12 22:00:22,816 - [INFO] - 💤 Bekleyen talep yok.
2026-01-12 22:00:32,884 - [INFO] - 🕵️‍♂️ JOB BAŞLADI: Gerçek veritabanı kontrol ediliyor...
2026-01-12 22:00:32,886 - [INFO] - 💤 Bekleyen talep yok.
2026-01-12 22:00:42,952 - [INFO] - 🕵️‍♂️ JOB BAŞLADI: Gerçek veritabanı kontrol ediliyor...
2026-01-12 22:00:42,954 - [INFO] - 💤 Bekleyen talep yok.
2026-01-12 22:00:53,031 - [INFO] - 🕵️‍♂️ JOB BAŞLADI: Gerçek veritabanı kontrol ediliyor...
2026-01-12 22:00:53,032 - [INFO] - 💤 Bekleyen talep yok.
2026-01-12 22:01:03,120 - [INFO] - 🕵️‍♂️ JOB BAŞLADI: Gerçek veritabanı kontrol ediliyor...
2026-01-12 22:01:03,122 - [INFO] - 💤 Bekleyen talep yok.
2026-01-12 22:01:13,192 - [INFO] - 🕵️‍♂️ JOB BAŞLADI: Gerçek veritabanı kontrol ediliyor...
2026-01-12 22:01:13,194 - [INFO] - 💤 Bekleyen talep yok.
2026-01-12 22:01:23,266 - [INFO] - 🕵️‍♂️ JOB BAŞLADI: Gerçek veritabanı kontrol ediliyor...
2026-01-12 22:01:23,268 - [INFO] - 💤 Bekleyen talep yok.
2026-01-12 22:01:33,338 - [INFO] - 🕵️‍♂️ JOB BAŞLADI: Gerçek veritabanı kontrol ediliyor...
2026-01-12 22:01:33,341 - [INFO] - 💤 Bekleyen talep yok.
2026-01-12 22:01:43,403 - [INFO] - 🕵️‍♂️ JOB BAŞLADI: Gerçek veritabanı kontrol ediliyor...
2026-01-12 22:01:43,405 - [INFO] - 💤 Bekleyen talep yok.
2026-01-12 22:01:53,480 - [INFO] - 🕵️‍♂️ JOB BAŞLADI: Gerçek veritabanı kontrol ediliyor...
2026-01-12 22:01:53,482 - [INFO] - 💤 Bekleyen talep yok.
2026-01-12 22:02:03,556 - [INFO] - 🕵️‍♂️ JOB BAŞLADI: Gerçek veritabanı kontrol ediliyor...
2026-01-12 22:02:03,558 - [INFO] - 💤 Bekleyen talep yok.
2026-01-12 22:02:13,630 - [INFO] - 🕵️‍♂️ JOB BAŞLADI: Gerçek veritabanı kontrol ediliyor...
2026-01-12 22:02:13,633 - [INFO] - 💤 Bekleyen talep yok.
2026-01-12 22:02:23,730 - [INFO] - 🕵️‍♂️ JOB BAŞLADI: Gerçek veritabanı kontrol ediliyor...
2026-01-12 22:02:23,732 - [INFO] - 💤 Bekleyen talep yok.
2026-01-12 22:02:33,807 - [INFO] - 🕵️‍♂️ JOB BAŞLADI: Gerçek veritabanı kontrol ediliyor...
2026-01-12 22:02:33,810 - [INFO] - 💤 Bekleyen talep yok.
2026-01-12 22:02:43,880 - [INFO] - 🕵️‍♂️ JOB BAŞLADI: Gerçek veritabanı kontrol ediliyor...
2026-01-12 22:02:43,882 - [INFO] - 💤 Bekleyen talep yok.
2026-01-12 22:02:53,946 - [INFO] - 🕵️‍♂️ JOB BAŞLADI: Gerçek veritabanı kontrol ediliyor...
2026-01-12 22:02:53,948 - [INFO] - 💤 Bekleyen talep yok.
2026-01-12 22:03:04,028 - [INFO] - 🕵️‍♂️ JOB BAŞLADI: Gerçek veritabanı kontrol ediliyor...
2026-01-12 22:03:04,030 - [INFO] - 💤 Bekleyen talep yok.
2026-01-12 22:03:14,110 - [INFO] - 🕵️‍♂️ JOB BAŞLADI: Gerçek veritabanı kontrol ediliyor...
2026-01-12 22:03:14,112 - [INFO] - 💤 Bekleyen talep yok.
2026-01-12 22:03:24,181 - [INFO] - 🕵️‍♂️ JOB BAŞLADI: Gerçek veritabanı kontrol ediliyor...
2026-01-12 22:03:24,184 - [INFO] - 💤 Bekleyen talep yok.
2026-01-12 22:03:34,256 - [INFO] - 🕵️‍♂️ JOB BAŞLADI: Gerçek veritabanı kontrol ediliyor...
2026-01-12 22:03:34,259 - [INFO] - 💤 Bekleyen talep yok.
2026-01-12 22:03:44,350 - [INFO] - 🕵️‍♂️ JOB BAŞLADI: Gerçek veritabanı kontrol ediliyor...
2026-01-12 22:03:44,352 - [INFO] - 💤 Bekleyen talep yok.
2026-01-12 22:03:54,415 - [INFO] - 🕵️‍♂️ JOB BAŞLADI: Gerçek veritabanı kontrol ediliyor...
2026-01-12 22:03:54,417 - [INFO] - 💤 Bekleyen talep yok.
2026-01-12 22:04:04,485 - [INFO] - 🕵️‍♂️ JOB BAŞLADI: Gerçek veritabanı kontrol ediliyor...
2026-01-12 22:04:04,487 - [INFO] - 💤 Bekleyen talep yok.
2026-01-12 22:04:14,547 - [INFO] - 🕵️‍♂️ JOB BAŞLADI: Gerçek veritabanı kontrol ediliyor...
2026-01-12 22:04:14,550 - [INFO] - 💤 Bekleyen talep yok.
2026-01-12 22:04:24,631 - [INFO] - 🕵️‍♂️ JOB BAŞLADI: Gerçek veritabanı kontrol ediliyor...
2026-01-12 22:04:24,634 - [INFO] - 💤 Bekleyen talep yok.
2026-01-12 22:04:34,682 - [INFO] - 🕵️‍♂️ JOB BAŞLADI: Gerçek veritabanı kontrol ediliyor...
2026-01-12 22:04:34,684 - [INFO] - 💤 Bekleyen talep yok.
2026-01-12 22:04:44,762 - [INFO] - 🕵️‍♂️ JOB BAŞLADI: Gerçek veritabanı kontrol ediliyor...
2026-01-12 22:04:44,765 - [INFO] - 💤 Bekleyen talep yok.
2026-01-12 22:04:54,847 - [INFO] - 🕵️‍♂️ JOB BAŞLADI: Gerçek veritabanı kontrol ediliyor...
2026-01-12 22:04:54,850 - [INFO] - 💤 Bekleyen talep yok.
2026-01-12 22:05:04,914 - [INFO] - 🕵️‍♂️ JOB BAŞLADI: Gerçek veritabanı kontrol ediliyor...
2026-01-12 22:05:04,916 - [INFO] - 💤 Bekleyen talep yok.
2026-01-12 22:05:14,987 - [INFO] - 🕵️‍♂️ JOB BAŞLADI: Gerçek veritabanı kontrol ediliyor...
2026-01-12 22:05:14,988 - [INFO] - 💤 Bekleyen talep yok.
2026-01-12 22:05:25,073 - [INFO] - 🕵️‍♂️ JOB BAŞLADI: Gerçek veritabanı kontrol ediliyor...
2026-01-12 22:05:25,076 - [INFO] - 💤 Bekleyen talep yok.
2026-01-12 22:05:35,146 - [INFO] - 🕵️‍♂️ JOB BAŞLADI: Gerçek veritabanı kontrol ediliyor...
2026-01-12 22:05:35,148 - [INFO] - 💤 Bekleyen talep yok.
2026-01-12 22:05:45,214 - [INFO] - 🕵️‍♂️ JOB BAŞLADI: Gerçek veritabanı kontrol ediliyor...
2026-01-12 22:05:45,216 - [INFO] - 💤 Bekleyen talep yok.
2026-01-12 22:05:55,285 - [INFO] - 🕵️‍♂️ JOB BAŞLADI: Gerçek veritabanı kontrol ediliyor...
2026-01-12 22:05:55,288 - [INFO] - 💤 Bekleyen talep yok.
2026-01-12 22:06:05,368 - [INFO] - 🕵️‍♂️ JOB BAŞLADI: Gerçek veritabanı kontrol ediliyor...
2026-01-12 22:06:05,371 - [INFO] - 💤 Bekleyen talep yok.
2026-01-12 22:06:15,441 - [INFO] - 🕵️‍♂️ JOB BAŞLADI: Gerçek veritabanı kontrol ediliyor...
2026-01-12 22:06:15,443 - [INFO] - 💤 Bekleyen talep yok.
2026-01-12 22:06:25,511 - [INFO] - 🕵️‍♂️ JOB BAŞLADI: Gerçek veritabanı kontrol ediliyor...
2026-01-12 22:06:25,513 - [INFO] - 💤 Bekleyen talep yok.
2026-01-12 22:06:35,601 - [INFO] - 🕵️‍♂️ JOB BAŞLADI: Gerçek veritabanı kontrol ediliyor...
2026-01-12 22:06:35,604 - [INFO] - 💤 Bekleyen talep yok.
2026-01-12 22:06:45,668 - [INFO] - 🕵️‍♂️ JOB BAŞLADI: Gerçek veritabanı kontrol ediliyor...
2026-01-12 22:06:45,670 - [INFO] - 💤 Bekleyen talep yok.
2026-01-12 22:06:55,729 - [INFO] - 🕵️‍♂️ JOB BAŞLADI: Gerçek veritabanı kontrol ediliyor...
2026-01-12 22:06:55,732 - [INFO] - 💤 Bekleyen talep yok.
2026-01-12 22:07:05,808 - [INFO] - 🕵️‍♂️ JOB BAŞLADI: Gerçek veritabanı kontrol ediliyor...
2026-01-12 22:07:05,810 - [INFO] - 💤 Bekleyen talep yok.
2026-01-12 22:07:15,890 - [INFO] - 🕵️‍♂️ JOB BAŞLADI: Gerçek veritabanı kontrol ediliyor...
2026-01-12 22:07:15,893 - [INFO] - 💤 Bekleyen talep yok.
2026-01-12 22:07:25,992 - [INFO] - 🕵️‍♂️ JOB BAŞLADI: Gerçek veritabanı kontrol ediliyor...
2026-01-12 22:07:25,995 - [INFO] - 💤 Bekleyen talep yok.
2026-01-12 22:07:36,051 - [INFO] - 🕵️‍♂️ JOB BAŞLADI: Gerçek veritabanı kontrol ediliyor...
2026-01-12 22:07:36,054 - [INFO] - 💤 Bekleyen talep yok.
2026-01-12 22:07:46,122 - [INFO] - 🕵️‍♂️ JOB BAŞLADI: Gerçek veritabanı kontrol ediliyor...
2026-01-12 22:07:46,125 - [INFO] - 💤 Bekleyen talep yok.
2026-01-12 22:07:56,205 - [INFO] - 🕵️‍♂️ JOB BAŞLADI: Gerçek veritabanı kontrol ediliyor...
2026-01-12 22:07:56,208 - [INFO] - 💤 Bekleyen talep yok.
2026-01-12 22:08:06,280 - [INFO] - 🕵️‍♂️ JOB BAŞLADI: Gerçek veritabanı kontrol ediliyor...
2026-01-12 22:08:06,282 - [INFO] - 💤 Bekleyen talep yok.
2026-01-12 22:08:16,349 - [INFO] - 🕵️‍♂️ JOB BAŞLADI: Gerçek veritabanı kontrol ediliyor...
2026-01-12 22:08:16,352 - [INFO] - 💤 Bekleyen talep yok.
2026-01-12 22:08:26,433 - [INFO] - 🕵️‍♂️ JOB BAŞLADI: Gerçek veritabanı kontrol ediliyor...
2026-01-12 22:08:26,435 - [INFO] - 💤 Bekleyen talep yok.
2026-01-12 22:08:36,517 - [INFO] - 🕵️‍♂️ JOB BAŞLADI: Gerçek veritabanı kontrol ediliyor...
2026-01-12 22:08:36,518 - [INFO] - 💤 Bekleyen talep yok.
2026-01-12 22:08:46,613 - [INFO] - 🕵️‍♂️ JOB BAŞLADI: Gerçek veritabanı kontrol ediliyor...
2026-01-12 22:08:46,616 - [INFO] - 💤 Bekleyen talep yok.
2026-01-12 22:08:56,701 - [INFO] - 🕵️‍♂️ JOB BAŞLADI: Gerçek veritabanı kontrol ediliyor...
2026-01-12 22:08:56,704 - [INFO] - 💤 Bekleyen talep yok.
2026-01-12 22:09:06,779 - [INFO] - 🕵️‍♂️ JOB BAŞLADI: Gerçek veritabanı kontrol ediliyor...
2026-01-12 22:09:06,782 - [INFO] - 💤 Bekleyen talep yok.
2026-01-12 22:09:16,855 - [INFO] - 🕵️‍♂️ JOB BAŞLADI: Gerçek veritabanı kontrol ediliyor...
2026-01-12 22:09:16,857 - [INFO] - 💤 Bekleyen talep yok.
2026-01-12 22:09:26,921 - [INFO] - 🕵️‍♂️ JOB BAŞLADI: Gerçek veritabanı kontrol ediliyor...
2026-01-12 22:09:26,924 - [INFO] - 💤 Bekleyen talep yok.
2026-01-12 22:09:36,997 - [INFO] - 🕵️‍♂️ JOB BAŞLADI: Gerçek veritabanı kontrol ediliyor...
2026-01-12 22:09:36,999 - [INFO] - 💤 Bekleyen talep yok.
2026-01-12 22:09:47,072 - [INFO] - 🕵️‍♂️ JOB BAŞLADI: Gerçek veritabanı kontrol ediliyor...
2026-01-12 22:09:47,074 - [INFO] - 💤 Bekleyen talep yok.
2026-01-12 22:09:57,157 - [INFO] - 🕵️‍♂️ JOB BAŞLADI: Gerçek veritabanı kontrol ediliyor...
2026-01-12 22:09:57,159 - [INFO] - 💤 Bekleyen talep yok.
2026-01-12 22:10:07,219 - [INFO] - 🕵️‍♂️ JOB BAŞLADI: Gerçek veritabanı kontrol ediliyor...
2026-01-12 22:10:07,221 - [INFO] - 💤 Bekleyen talep yok.
2026-01-12 22:10:17,305 - [INFO] - 🕵️‍♂️ JOB BAŞLADI: Gerçek veritabanı kontrol ediliyor...
2026-01-12 22:10:17,307 - [INFO] - 💤 Bekleyen talep yok.
2026-01-12 22:10:27,382 - [INFO] - 🕵️‍♂️ JOB BAŞLADI: Gerçek veritabanı kontrol ediliyor...
2026-01-12 22:10:27,384 - [INFO] - 💤 Bekleyen talep yok.
2026-01-12 22:10:37,459 - [INFO] - 🕵️‍♂️ JOB BAŞLADI: Gerçek veritabanı kontrol ediliyor...
2026-01-12 22:10:37,461 - [INFO] - 💤 Bekleyen talep yok.
2026-01-12 22:10:47,527 - [INFO] - 🕵️‍♂️ JOB BAŞLADI: Gerçek veritabanı kontrol ediliyor...
2026-01-12 22:10:47,530 - [INFO] - 💤 Bekleyen talep yok.
2026-01-12 22:10:57,605 - [INFO] - 🕵️‍♂️ JOB BAŞLADI: Gerçek veritabanı kontrol ediliyor...
2026-01-12 22:10:57,607 - [INFO] - 💤 Bekleyen talep yok.
2026-01-12 22:11:07,667 - [INFO] - 🕵️‍♂️ JOB BAŞLADI: Gerçek veritabanı kontrol ediliyor...
2026-01-12 22:11:07,671 - [INFO] - 💤 Bekleyen talep yok.
2026-01-12 22:11:17,745 - [INFO] - 🕵️‍♂️ JOB BAŞLADI: Gerçek veritabanı kontrol ediliyor...
2026-01-12 22:11:17,748 - [INFO] - 💤 Bekleyen talep yok.
2026-01-12 22:11:27,834 - [INFO] - 🕵️‍♂️ JOB BAŞLADI: Gerçek veritabanı kontrol ediliyor...
2026-01-12 22:11:27,836 - [INFO] - 💤 Bekleyen talep yok.
2026-01-12 22:11:37,892 - [INFO] - 🕵️‍♂️ JOB BAŞLADI: Gerçek veritabanı kontrol ediliyor...
2026-01-12 22:11:37,895 - [INFO] - 💤 Bekleyen talep yok.
2026-01-12 22:11:47,965 - [INFO] - 🕵️‍♂️ JOB BAŞLADI: Gerçek veritabanı kontrol ediliyor...
2026-01-12 22:11:47,967 - [INFO] - 💤 Bekleyen talep yok.
2026-01-12 22:11:58,063 - [INFO] - 🕵️‍♂️ JOB BAŞLADI: Gerçek veritabanı kontrol ediliyor...
2026-01-12 22:11:58,066 - [INFO] - 💤 Bekleyen talep yok.
2026-01-12 22:12:08,142 - [INFO] - 🕵️‍♂️ JOB BAŞLADI: Gerçek veritabanı kontrol ediliyor...
2026-01-12 22:12:08,145 - [INFO] - 💤 Bekleyen talep yok.
2026-01-12 22:12:18,205 - [INFO] - 🕵️‍♂️ JOB BAŞLADI: Gerçek veritabanı kontrol ediliyor...
2026-01-12 22:12:18,208 - [INFO] - 💤 Bekleyen talep yok.
2026-01-12 22:12:28,298 - [INFO] - 🕵️‍♂️ JOB BAŞLADI: Gerçek veritabanı kontrol ediliyor...
2026-01-12 22:12:28,299 - [INFO] - 💤 Bekleyen talep yok.
2026-01-12 22:12:38,373 - [INFO] - 🕵️‍♂️ JOB BAŞLADI: Gerçek veritabanı kontrol ediliyor...
2026-01-12 22:12:38,376 - [INFO] - 💤 Bekleyen talep yok.
2026-01-12 22:12:48,461 - [INFO] - 🕵️‍♂️ JOB BAŞLADI: Gerçek veritabanı kontrol ediliyor...
2026-01-12 22:12:48,463 - [INFO] - 💤 Bekleyen talep yok.
2026-01-12 22:12:58,519 - [INFO] - 🕵️‍♂️ JOB BAŞLADI: Gerçek veritabanı kontrol ediliyor...
2026-01-12 22:12:58,522 - [INFO] - 💤 Bekleyen talep yok.
2026-01-12 22:13:08,591 - [INFO] - 🕵️‍♂️ JOB BAŞLADI: Gerçek veritabanı kontrol ediliyor...
2026-01-12 22:13:08,594 - [INFO] - 💤 Bekleyen talep yok.
2026-01-12 22:13:18,654 - [INFO] - 🕵️‍♂️ JOB BAŞLADI: Gerçek veritabanı kontrol ediliyor...
2026-01-12 22:13:18,657 - [INFO] - 💤 Bekleyen talep yok.
2026-01-12 22:13:28,729 - [INFO] - 🕵️‍♂️ JOB BAŞLADI: Gerçek veritabanı kontrol ediliyor...
2026-01-12 22:13:28,732 - [INFO] - 💤 Bekleyen talep yok.
2026-01-12 22:13:38,813 - [INFO] - 🕵️‍♂️ JOB BAŞLADI: Gerçek veritabanı kontrol ediliyor...
2026-01-12 22:13:38,814 - [INFO] - 💤 Bekleyen talep yok.
2026-01-12 22:13:48,905 - [INFO] - 🕵️‍♂️ JOB BAŞLADI: Gerçek veritabanı kontrol ediliyor...
2026-01-12 22:13:48,907 - [INFO] - 💤 Bekleyen talep yok.
2026-01-12 22:13:58,991 - [INFO] - 🕵️‍♂️ JOB BAŞLADI: Gerçek veritabanı kontrol ediliyor...
2026-01-12 22:13:58,993 - [INFO] - 💤 Bekleyen talep yok.
2026-01-12 22:14:09,090 - [INFO] - 🕵️‍♂️ JOB BAŞLADI: Gerçek veritabanı kontrol ediliyor...
2026-01-12 22:14:09,092 - [INFO] - 💤 Bekleyen talep yok.
2026-01-12 22:14:19,179 - [INFO] - 🕵️‍♂️ JOB BAŞLADI: Gerçek veritabanı kontrol ediliyor...
2026-01-12 22:14:19,182 - [INFO] - 💤 Bekleyen talep yok.
2026-01-12 22:14:29,242 - [INFO] - 🕵️‍♂️ JOB BAŞLADI: Gerçek veritabanı kontrol ediliyor...
2026-01-12 22:14:29,244 - [INFO] - 💤 Bekleyen talep yok.
2026-01-12 22:14:39,322 - [INFO] - 🕵️‍♂️ JOB BAŞLADI: Gerçek veritabanı kontrol ediliyor...
2026-01-12 22:14:39,324 - [INFO] - 💤 Bekleyen talep yok.
2026-01-12 22:14:49,403 - [INFO] - 🕵️‍♂️ JOB BAŞLADI: Gerçek veritabanı kontrol ediliyor...
2026-01-12 22:14:49,405 - [INFO] - 💤 Bekleyen talep yok.
2026-01-12 22:14:59,497 - [INFO] - 🕵️‍♂️ JOB BAŞLADI: Gerçek veritabanı kontrol ediliyor...
2026-01-12 22:14:59,500 - [INFO] - 💤 Bekleyen talep yok.
2026-01-12 22:15:09,573 - [INFO] - 🕵️‍♂️ JOB BAŞLADI: Gerçek veritabanı kontrol ediliyor...
2026-01-12 22:15:09,576 - [INFO] - 💤 Bekleyen talep yok.
2026-01-12 22:15:19,646 - [INFO] - 🕵️‍♂️ JOB BAŞLADI: Gerçek veritabanı kontrol ediliyor...
2026-01-12 22:15:19,649 - [INFO] - 💤 Bekleyen talep yok.
2026-01-12 22:15:29,714 - [INFO] - 🕵️‍♂️ JOB BAŞLADI: Gerçek veritabanı kontrol ediliyor...
2026-01-12 22:15:29,716 - [INFO] - 💤 Bekleyen talep yok.
2026-01-12 22:15:39,793 - [INFO] - 🕵️‍♂️ JOB BAŞLADI: Gerçek veritabanı kontrol ediliyor...
2026-01-12 22:15:39,796 - [INFO] - 💤 Bekleyen talep yok.
2026-01-12 22:15:49,866 - [INFO] - 🕵️‍♂️ JOB BAŞLADI: Gerçek veritabanı kontrol ediliyor...
2026-01-12 22:15:49,869 - [INFO] - 💤 Bekleyen talep yok.
2026-01-12 22:15:59,956 - [INFO] - 🕵️‍♂️ JOB BAŞLADI: Gerçek veritabanı kontrol ediliyor...
2026-01-12 22:15:59,958 - [INFO] - 💤 Bekleyen talep yok.
2026-01-12 22:16:10,043 - [INFO] - 🕵️‍♂️ JOB BAŞLADI: Gerçek veritabanı kontrol ediliyor...
2026-01-12 22:16:10,045 - [INFO] - 💤 Bekleyen talep yok.
2026-01-12 22:16:20,115 - [INFO] - 🕵️‍♂️ JOB BAŞLADI: Gerçek veritabanı kontrol ediliyor...
2026-01-12 22:16:20,117 - [INFO] - 💤 Bekleyen talep yok.
2026-01-12 22:16:30,174 - [INFO] - 🕵️‍♂️ JOB BAŞLADI: Gerçek veritabanı kontrol ediliyor...
2026-01-12 22:16:30,176 - [INFO] - 💤 Bekleyen talep yok.
2026-01-12 22:16:40,254 - [INFO] - 🕵️‍♂️ JOB BAŞLADI: Gerçek veritabanı kontrol ediliyor...
2026-01-12 22:16:40,256 - [INFO] - 💤 Bekleyen talep yok.
2026-01-12 22:16:50,326 - [INFO] - 🕵️‍♂️ JOB BAŞLADI: Gerçek veritabanı kontrol ediliyor...
2026-01-12 22:16:50,329 - [INFO] - 💤 Bekleyen talep yok.
2026-01-12 22:17:00,398 - [INFO] - 🕵️‍♂️ JOB BAŞLADI: Gerçek veritabanı kontrol ediliyor...
2026-01-12 22:17:00,400 - [INFO] - 💤 Bekleyen talep yok.
2026-01-12 22:17:10,495 - [INFO] - 🕵️‍♂️ JOB BAŞLADI: Gerçek veritabanı kontrol ediliyor...
2026-01-12 22:17:10,497 - [INFO] - 💤 Bekleyen talep yok.
2026-01-12 22:17:20,569 - [INFO] - 🕵️‍♂️ JOB BAŞLADI: Gerçek veritabanı kontrol ediliyor...
2026-01-12 22:17:20,571 - [INFO] - 💤 Bekleyen talep yok.
2026-01-12 22:17:30,649 - [INFO] - 🕵️‍♂️ JOB BAŞLADI: Gerçek veritabanı kontrol ediliyor...
2026-01-12 22:17:30,651 - [INFO] - 💤 Bekleyen talep yok.
2026-01-12 22:17:40,704 - [INFO] - 🕵️‍♂️ JOB BAŞLADI: Gerçek veritabanı kontrol ediliyor...
2026-01-12 22:17:40,707 - [INFO] - 💤 Bekleyen talep yok.
2026-01-12 22:17:50,781 - [INFO] - 🕵️‍♂️ JOB BAŞLADI: Gerçek veritabanı kontrol ediliyor...
2026-01-12 22:17:50,783 - [INFO] - 💤 Bekleyen talep yok.
2026-01-12 22:18:00,854 - [INFO] - 🕵️‍♂️ JOB BAŞLADI: Gerçek veritabanı kontrol ediliyor...
2026-01-12 22:18:00,856 - [INFO] - 💤 Bekleyen talep yok.
2026-01-12 22:18:10,941 - [INFO] - 🕵️‍♂️ JOB BAŞLADI: Gerçek veritabanı kontrol ediliyor...
2026-01-12 22:18:10,943 - [INFO] - 💤 Bekleyen talep yok.
2026-01-12 22:18:21,018 - [INFO] - 🕵️‍♂️ JOB BAŞLADI: Gerçek veritabanı kontrol ediliyor...
2026-01-12 22:18:21,021 - [INFO] - 💤 Bekleyen talep yok.
2026-01-12 22:18:31,102 - [INFO] - 🕵️‍♂️ JOB BAŞLADI: Gerçek veritabanı kontrol ediliyor...
2026-01-12 22:18:31,104 - [INFO] - 💤 Bekleyen talep yok.
2026-01-12 22:18:41,183 - [INFO] - 🕵️‍♂️ JOB BAŞLADI: Gerçek veritabanı kontrol ediliyor...
2026-01-12 22:18:41,185 - [INFO] - 💤 Bekleyen talep yok.
2026-01-12 22:18:51,261 - [INFO] - 🕵️‍♂️ JOB BAŞLADI: Gerçek veritabanı kontrol ediliyor...
2026-01-12 22:18:51,263 - [INFO] - 💤 Bekleyen talep yok.
2026-01-12 22:19:01,351 - [INFO] - 🕵️‍♂️ JOB BAŞLADI: Gerçek veritabanı kontrol ediliyor...
2026-01-12 22:19:01,354 - [INFO] - 💤 Bekleyen talep yok.
2026-01-12 22:19:11,396 - [INFO] - 🕵️‍♂️ JOB BAŞLADI: Gerçek veritabanı kontrol ediliyor...
2026-01-12 22:19:11,398 - [INFO] - 💤 Bekleyen talep yok.
2026-01-12 22:19:21,454 - [INFO] - 🕵️‍♂️ JOB BAŞLADI: Gerçek veritabanı kontrol ediliyor...
2026-01-12 22:19:21,456 - [INFO] - 💤 Bekleyen talep yok.
2026-01-12 22:19:31,543 - [INFO] - 🕵️‍♂️ JOB BAŞLADI: Gerçek veritabanı kontrol ediliyor...
2026-01-12 22:19:31,546 - [INFO] - 💤 Bekleyen talep yok.
2026-01-12 22:19:41,621 - [INFO] - 🕵️‍♂️ JOB BAŞLADI: Gerçek veritabanı kontrol ediliyor...
2026-01-12 22:19:41,623 - [INFO] - 💤 Bekleyen talep yok.
2026-01-12 22:19:51,713 - [INFO] - 🕵️‍♂️ JOB BAŞLADI: Gerçek veritabanı kontrol ediliyor...
2026-01-12 22:19:51,715 - [INFO] - 💤 Bekleyen talep yok.
2026-01-12 22:20:01,783 - [INFO] - 🕵️‍♂️ JOB BAŞLADI: Gerçek veritabanı kontrol ediliyor...
2026-01-12 22:20:01,785 - [INFO] - 💤 Bekleyen talep yok.
2026-01-12 22:20:11,858 - [INFO] - 🕵️‍♂️ JOB BAŞLADI: Gerçek veritabanı kontrol ediliyor...
2026-01-12 22:20:11,860 - [INFO] - 💤 Bekleyen talep yok.
2026-01-12 22:20:21,935 - [INFO] - 🕵️‍♂️ JOB BAŞLADI: Gerçek veritabanı kontrol ediliyor...
2026-01-12 22:20:21,937 - [INFO] - 💤 Bekleyen talep yok.
2026-01-12 22:20:31,993 - [INFO] - 🕵️‍♂️ JOB BAŞLADI: Gerçek veritabanı kontrol ediliyor...
2026-01-12 22:20:31,996 - [INFO] - 💤 Bekleyen talep yok.
2026-01-12 22:20:42,068 - [INFO] - 🕵️‍♂️ JOB BAŞLADI: Gerçek veritabanı kontrol ediliyor...
2026-01-12 22:20:42,070 - [INFO] - 💤 Bekleyen talep yok.
2026-01-12 22:20:52,128 - [INFO] - 🕵️‍♂️ JOB BAŞLADI: Gerçek veritabanı kontrol ediliyor...
2026-01-12 22:20:52,130 - [INFO] - 💤 Bekleyen talep yok.
2026-01-12 22:21:02,188 - [INFO] - 🕵️‍♂️ JOB BAŞLADI: Gerçek veritabanı kontrol ediliyor...
2026-01-12 22:21:02,190 - [INFO] - 💤 Bekleyen talep yok.
2026-01-12 22:21:12,249 - [INFO] - 🕵️‍♂️ JOB BAŞLADI: Gerçek veritabanı kontrol ediliyor...
2026-01-12 22:21:12,252 - [INFO] - 💤 Bekleyen talep yok.
2026-01-12 22:21:22,328 - [INFO] - 🕵️‍♂️ JOB BAŞLADI: Gerçek veritabanı kontrol ediliyor...
2026-01-12 22:21:22,330 - [INFO] - 💤 Bekleyen talep yok.
2026-01-12 22:21:32,403 - [INFO] - 🕵️‍♂️ JOB BAŞLADI: Gerçek veritabanı kontrol ediliyor...
2026-01-12 22:21:32,405 - [INFO] - 💤 Bekleyen talep yok.
2026-01-12 22:21:42,471 - [INFO] - 🕵️‍♂️ JOB BAŞLADI: Gerçek veritabanı kontrol ediliyor...
2026-01-12 22:21:42,473 - [INFO] - 💤 Bekleyen talep yok.
2026-01-12 22:21:52,551 - [INFO] - 🕵️‍♂️ JOB BAŞLADI: Gerçek veritabanı kontrol ediliyor...
2026-01-12 22:21:52,553 - [INFO] - 💤 Bekleyen talep yok.
2026-01-12 22:22:02,627 - [INFO] - 🕵️‍♂️ JOB BAŞLADI: Gerçek veritabanı kontrol ediliyor...
2026-01-12 22:22:02,628 - [INFO] - 💤 Bekleyen talep yok.
2026-01-12 22:22:12,673 - [INFO] - 🕵️‍♂️ JOB BAŞLADI: Gerçek veritabanı kontrol ediliyor...
2026-01-12 22:22:12,674 - [INFO] - 💤 Bekleyen talep yok.
2026-01-12 22:22:22,750 - [INFO] - 🕵️‍♂️ JOB BAŞLADI: Gerçek veritabanı kontrol ediliyor...
2026-01-12 22:22:22,753 - [INFO] - 💤 Bekleyen talep yok.
2026-01-12 22:22:32,814 - [INFO] - 🕵️‍♂️ JOB BAŞLADI: Gerçek veritabanı kontrol ediliyor...
2026-01-12 22:22:32,818 - [INFO] - 💤 Bekleyen talep yok.
2026-01-12 22:22:42,887 - [INFO] - 🕵️‍♂️ JOB BAŞLADI: Gerçek veritabanı kontrol ediliyor...
2026-01-12 22:22:42,889 - [INFO] - 💤 Bekleyen talep yok.
2026-01-12 22:22:52,943 - [INFO] - 🕵️‍♂️ JOB BAŞLADI: Gerçek veritabanı kontrol ediliyor...
2026-01-12 22:22:52,945 - [INFO] - 💤 Bekleyen talep yok.
2026-01-12 22:23:03,021 - [INFO] - 🕵️‍♂️ JOB BAŞLADI: Gerçek veritabanı kontrol ediliyor...
2026-01-12 22:23:03,024 - [INFO] - 💤 Bekleyen talep yok.
2026-01-12 22:23:13,108 - [INFO] - 🕵️‍♂️ JOB BAŞLADI: Gerçek veritabanı kontrol ediliyor...
2026-01-12 22:23:13,110 - [INFO] - 💤 Bekleyen talep yok.
2026-01-12 22:23:23,192 - [INFO] - 🕵️‍♂️ JOB BAŞLADI: Gerçek veritabanı kontrol ediliyor...
2026-01-12 22:23:23,195 - [INFO] - 💤 Bekleyen talep yok.
2026-01-12 22:23:33,273 - [INFO] - 🕵️‍♂️ JOB BAŞLADI: Gerçek veritabanı kontrol ediliyor...
2026-01-12 22:23:33,276 - [INFO] - 💤 Bekleyen talep yok.
2026-01-12 22:23:43,329 - [INFO] - 🕵️‍♂️ JOB BAŞLADI: Gerçek veritabanı kontrol ediliyor...
2026-01-12 22:23:43,331 - [INFO] - 💤 Bekleyen talep yok.
2026-01-12 22:23:53,376 - [INFO] - 🕵️‍♂️ JOB BAŞLADI: Gerçek veritabanı kontrol ediliyor...
2026-01-12 22:23:53,379 - [INFO] - 💤 Bekleyen talep yok.
2026-01-12 22:24:03,452 - [INFO] - 🕵️‍♂️ JOB BAŞLADI: Gerçek veritabanı kontrol ediliyor...
2026-01-12 22:24:03,456 - [INFO] - 💤 Bekleyen talep yok.
2026-01-12 22:24:13,540 - [INFO] - 🕵️‍♂️ JOB BAŞLADI: Gerçek veritabanı kontrol ediliyor...
2026-01-12 22:24:13,542 - [INFO] - 💤 Bekleyen talep yok.
2026-01-12 22:24:23,632 - [INFO] - 🕵️‍♂️ JOB BAŞLADI: Gerçek veritabanı kontrol ediliyor...
2026-01-12 22:24:23,634 - [INFO] - 💤 Bekleyen talep yok.
2026-01-12 22:24:33,704 - [INFO] - 🕵️‍♂️ JOB BAŞLADI: Gerçek veritabanı kontrol ediliyor...
2026-01-12 22:24:33,707 - [INFO] - 💤 Bekleyen talep yok.
2026-01-12 22:24:43,786 - [INFO] - 🕵️‍♂️ JOB BAŞLADI: Gerçek veritabanı kontrol ediliyor...
2026-01-12 22:24:43,789 - [INFO] - 💤 Bekleyen talep yok.
2026-01-12 22:24:53,863 - [INFO] - 🕵️‍♂️ JOB BAŞLADI: Gerçek veritabanı kontrol ediliyor...
2026-01-12 22:24:53,865 - [INFO] - 💤 Bekleyen talep yok.
2026-01-12 22:25:03,932 - [INFO] - 🕵️‍♂️ JOB BAŞLADI: Gerçek veritabanı kontrol ediliyor...
2026-01-12 22:25:03,934 - [INFO] - 💤 Bekleyen talep yok.
2026-01-12 22:25:14,013 - [INFO] - 🕵️‍♂️ JOB BAŞLADI: Gerçek veritabanı kontrol ediliyor...
2026-01-12 22:25:14,016 - [INFO] - 💤 Bekleyen talep yok.
2026-01-12 22:25:24,080 - [INFO] - 🕵️‍♂️ JOB BAŞLADI: Gerçek veritabanı kontrol ediliyor...
2026-01-12 22:25:24,082 - [INFO] - 💤 Bekleyen talep yok.
2026-01-12 22:25:34,162 - [INFO] - 🕵️‍♂️ JOB BAŞLADI: Gerçek veritabanı kontrol ediliyor...
2026-01-12 22:25:34,164 - [INFO] - 💤 Bekleyen talep yok.
2026-01-12 22:25:44,238 - [INFO] - 🕵️‍♂️ JOB BAŞLADI: Gerçek veritabanı kontrol ediliyor...
2026-01-12 22:25:44,240 - [INFO] - 💤 Bekleyen talep yok.
2026-01-12 22:25:54,300 - [INFO] - 🕵️‍♂️ JOB BAŞLADI: Gerçek veritabanı kontrol ediliyor...
2026-01-12 22:25:54,303 - [INFO] - 💤 Bekleyen talep yok.
2026-01-12 22:43:48,427 - [INFO] - 🕵️‍♂️ JOB BAŞLADI: Gerçek veritabanı kontrol ediliyor...
2026-01-12 22:43:48,429 - [INFO] - 💤 Bekleyen talep yok.
2026-01-12 23:01:15,142 - [INFO] - 🕵️‍♂️ JOB BAŞLADI: Gerçek veritabanı kontrol ediliyor...
2026-01-12 23:01:15,143 - [INFO] - 💤 Bekleyen talep yok.
2026-01-12 23:16:42,866 - [INFO] - 🕵️‍♂️ JOB BAŞLADI: Gerçek veritabanı kontrol ediliyor...
2026-01-12 23:16:42,868 - [INFO] - 💤 Bekleyen talep yok.
2026-01-12 23:32:08,539 - [INFO] - 🕵️‍♂️ JOB BAŞLADI: Gerçek veritabanı kontrol ediliyor...
2026-01-12 23:32:08,541 - [INFO] - 💤 Bekleyen talep yok.
2026-01-12 23:47:58,278 - [INFO] - 🕵️‍♂️ JOB BAŞLADI: Gerçek veritabanı kontrol ediliyor...
2026-01-12 23:47:58,280 - [INFO] - 💤 Bekleyen talep yok.
2026-01-13 00:04:15,020 - [INFO] - 🕵️‍♂️ JOB BAŞLADI: Gerçek veritabanı kontrol ediliyor...
2026-01-13 00:04:15,035 - [INFO] - 💤 Bekleyen talep yok.
2026-01-13 00:19:57,744 - [INFO] - 🕵️‍♂️ JOB BAŞLADI: Gerçek veritabanı kontrol ediliyor...
2026-01-13 00:19:57,746 - [INFO] - 💤 Bekleyen talep yok.
2026-01-13 00:27:00,471 - [INFO] - 🕵️‍♂️ JOB BAŞLADI: Gerçek veritabanı kontrol ediliyor...
2026-01-13 00:27:00,472 - [INFO] - 💤 Bekleyen talep yok.
2026-01-13 00:27:10,532 - [INFO] - 🕵️‍♂️ JOB BAŞLADI: Gerçek veritabanı kontrol ediliyor...
2026-01-13 00:27:10,535 - [INFO] - 💤 Bekleyen talep yok.
2026-01-13 00:27:20,601 - [INFO] - 🕵️‍♂️ JOB BAŞLADI: Gerçek veritabanı kontrol ediliyor...
2026-01-13 00:27:20,603 - [INFO] - 💤 Bekleyen talep yok.
2026-01-13 00:27:30,671 - [INFO] - 🕵️‍♂️ JOB BAŞLADI: Gerçek veritabanı kontrol ediliyor...
2026-01-13 00:27:30,673 - [INFO] - 💤 Bekleyen talep yok.
2026-01-13 00:27:40,731 - [INFO] - 🕵️‍♂️ JOB BAŞLADI: Gerçek veritabanı kontrol ediliyor...
2026-01-13 00:27:40,733 - [INFO] - 💤 Bekleyen talep yok.
2026-01-13 00:27:50,807 - [INFO] - 🕵️‍♂️ JOB BAŞLADI: Gerçek veritabanı kontrol ediliyor...
2026-01-13 00:27:50,810 - [INFO] - 💤 Bekleyen talep yok.
2026-01-13 00:28:00,880 - [INFO] - 🕵️‍♂️ JOB BAŞLADI: Gerçek veritabanı kontrol ediliyor...
2026-01-13 00:28:00,884 - [INFO] - 💤 Bekleyen talep yok.
2026-01-13 00:28:10,967 - [INFO] - 🕵️‍♂️ JOB BAŞLADI: Gerçek veritabanı kontrol ediliyor...
2026-01-13 00:28:10,970 - [INFO] - 💤 Bekleyen talep yok.
2026-01-13 00:28:21,051 - [INFO] - 🕵️‍♂️ JOB BAŞLADI: Gerçek veritabanı kontrol ediliyor...
2026-01-13 00:28:21,053 - [INFO] - 💤 Bekleyen talep yok.
2026-01-13 00:28:31,129 - [INFO] - 🕵️‍♂️ JOB BAŞLADI: Gerçek veritabanı kontrol ediliyor...
2026-01-13 00:28:31,132 - [INFO] - 💤 Bekleyen talep yok.
2026-01-13 00:28:41,213 - [INFO] - 🕵️‍♂️ JOB BAŞLADI: Gerçek veritabanı kontrol ediliyor...
2026-01-13 00:28:41,215 - [INFO] - 💤 Bekleyen talep yok.
2026-01-13 00:28:51,305 - [INFO] - 🕵️‍♂️ JOB BAŞLADI: Gerçek veritabanı kontrol ediliyor...
2026-01-13 00:28:51,308 - [INFO] - 💤 Bekleyen talep yok.
2026-01-13 00:29:01,388 - [INFO] - 🕵️‍♂️ JOB BAŞLADI: Gerçek veritabanı kontrol ediliyor...
2026-01-13 00:29:01,391 - [INFO] - 💤 Bekleyen talep yok.
2026-01-13 00:29:11,437 - [INFO] - 🕵️‍♂️ JOB BAŞLADI: Gerçek veritabanı kontrol ediliyor...
2026-01-13 00:29:11,440 - [INFO] - 💤 Bekleyen talep yok.
2026-01-13 00:29:21,519 - [INFO] - 🕵️‍♂️ JOB BAŞLADI: Gerçek veritabanı kontrol ediliyor...
2026-01-13 00:29:21,522 - [INFO] - 💤 Bekleyen talep yok.
2026-01-13 00:29:31,594 - [INFO] - 🕵️‍♂️ JOB BAŞLADI: Gerçek veritabanı kontrol ediliyor...
2026-01-13 00:29:31,598 - [INFO] - 💤 Bekleyen talep yok.
2026-01-13 00:29:41,680 - [INFO] - 🕵️‍♂️ JOB BAŞLADI: Gerçek veritabanı kontrol ediliyor...
2026-01-13 00:29:41,682 - [INFO] - 💤 Bekleyen talep yok.
2026-01-13 00:29:51,748 - [INFO] - 🕵️‍♂️ JOB BAŞLADI: Gerçek veritabanı kontrol ediliyor...
2026-01-13 00:29:51,752 - [INFO] - 💤 Bekleyen talep yok.
2026-01-13 00:30:01,826 - [INFO] - 🕵️‍♂️ JOB BAŞLADI: Gerçek veritabanı kontrol ediliyor...
2026-01-13 00:30:01,830 - [INFO] - 💤 Bekleyen talep yok.
2026-01-13 00:30:11,919 - [INFO] - 🕵️‍♂️ JOB BAŞLADI: Gerçek veritabanı kontrol ediliyor...
2026-01-13 00:30:11,921 - [INFO] - 💤 Bekleyen talep yok.
2026-01-13 00:30:22,009 - [INFO] - 🕵️‍♂️ JOB BAŞLADI: Gerçek veritabanı kontrol ediliyor...
2026-01-13 00:30:22,012 - [INFO] - 💤 Bekleyen talep yok.
2026-01-13 00:30:32,098 - [INFO] - 🕵️‍♂️ JOB BAŞLADI: Gerçek veritabanı kontrol ediliyor...
2026-01-13 00:30:32,100 - [INFO] - 💤 Bekleyen talep yok.
2026-01-13 00:30:42,188 - [INFO] - 🕵️‍♂️ JOB BAŞLADI: Gerçek veritabanı kontrol ediliyor...
2026-01-13 00:30:42,190 - [INFO] - 💤 Bekleyen talep yok.
2026-01-13 00:30:52,247 - [INFO] - 🕵️‍♂️ JOB BAŞLADI: Gerçek veritabanı kontrol ediliyor...
2026-01-13 00:30:52,249 - [INFO] - 💤 Bekleyen talep yok.
2026-01-13 00:31:02,323 - [INFO] - 🕵️‍♂️ JOB BAŞLADI: Gerçek veritabanı kontrol ediliyor...
2026-01-13 00:31:02,325 - [INFO] - 💤 Bekleyen talep yok.
2026-01-13 00:31:12,400 - [INFO] - 🕵️‍♂️ JOB BAŞLADI: Gerçek veritabanı kontrol ediliyor...
2026-01-13 00:31:12,402 - [INFO] - 💤 Bekleyen talep yok.
2026-01-13 00:31:22,457 - [INFO] - 🕵️‍♂️ JOB BAŞLADI: Gerçek veritabanı kontrol ediliyor...
2026-01-13 00:31:22,459 - [INFO] - 💤 Bekleyen talep yok.
2026-01-13 00:31:32,535 - [INFO] - 🕵️‍♂️ JOB BAŞLADI: Gerçek veritabanı kontrol ediliyor...
2026-01-13 00:31:32,537 - [INFO] - 💤 Bekleyen talep yok.
2026-01-13 00:31:42,620 - [INFO] - 🕵️‍♂️ JOB BAŞLADI: Gerçek veritabanı kontrol ediliyor...
2026-01-13 00:31:42,622 - [INFO] - 💤 Bekleyen talep yok.
2026-01-13 00:31:52,679 - [INFO] - 🕵️‍♂️ JOB BAŞLADI: Gerçek veritabanı kontrol ediliyor...
2026-01-13 00:31:52,682 - [INFO] - 💤 Bekleyen talep yok.
2026-01-13 00:32:02,762 - [INFO] - 🕵️‍♂️ JOB BAŞLADI: Gerçek veritabanı kontrol ediliyor...
2026-01-13 00:32:02,764 - [INFO] - 💤 Bekleyen talep yok.
2026-01-13 00:32:12,833 - [INFO] - 🕵️‍♂️ JOB BAŞLADI: Gerçek veritabanı kontrol ediliyor...
2026-01-13 00:32:12,835 - [INFO] - 💤 Bekleyen talep yok.
2026-01-13 00:32:22,911 - [INFO] - 🕵️‍♂️ JOB BAŞLADI: Gerçek veritabanı kontrol ediliyor...
2026-01-13 00:32:22,913 - [INFO] - 💤 Bekleyen talep yok.
2026-01-13 00:32:32,993 - [INFO] - 🕵️‍♂️ JOB BAŞLADI: Gerçek veritabanı kontrol ediliyor...
2026-01-13 00:32:32,995 - [INFO] - 💤 Bekleyen talep yok.
2026-01-13 00:32:43,079 - [INFO] - 🕵️‍♂️ JOB BAŞLADI: Gerçek veritabanı kontrol ediliyor...
2026-01-13 00:32:43,081 - [INFO] - 💤 Bekleyen talep yok.
2026-01-13 00:32:53,152 - [INFO] - 🕵️‍♂️ JOB BAŞLADI: Gerçek veritabanı kontrol ediliyor...
2026-01-13 00:32:53,153 - [INFO] - 💤 Bekleyen talep yok.
2026-01-13 00:33:03,212 - [INFO] - 🕵️‍♂️ JOB BAŞLADI: Gerçek veritabanı kontrol ediliyor...
2026-01-13 00:33:03,214 - [INFO] - 💤 Bekleyen talep yok.
2026-01-13 00:33:13,272 - [INFO] - 🕵️‍♂️ JOB BAŞLADI: Gerçek veritabanı kontrol ediliyor...
2026-01-13 00:33:13,274 - [INFO] - 💤 Bekleyen talep yok.
2026-01-13 00:33:23,352 - [INFO] - 🕵️‍♂️ JOB BAŞLADI: Gerçek veritabanı kontrol ediliyor...
2026-01-13 00:33:23,354 - [INFO] - 💤 Bekleyen talep yok.
2026-01-13 00:33:33,422 - [INFO] - 🕵️‍♂️ JOB BAŞLADI: Gerçek veritabanı kontrol ediliyor...
2026-01-13 00:33:33,424 - [INFO] - 💤 Bekleyen talep yok.
2026-01-13 00:33:43,497 - [INFO] - 🕵️‍♂️ JOB BAŞLADI: Gerçek veritabanı kontrol ediliyor...
2026-01-13 00:33:43,499 - [INFO] - 💤 Bekleyen talep yok.
2026-01-13 00:33:53,565 - [INFO] - 🕵️‍♂️ JOB BAŞLADI: Gerçek veritabanı kontrol ediliyor...
2026-01-13 00:33:53,568 - [INFO] - 💤 Bekleyen talep yok.
2026-01-13 00:34:03,643 - [INFO] - 🕵️‍♂️ JOB BAŞLADI: Gerçek veritabanı kontrol ediliyor...
2026-01-13 00:34:03,648 - [INFO] - 💤 Bekleyen talep yok.
2026-01-13 00:34:13,725 - [INFO] - 🕵️‍♂️ JOB BAŞLADI: Gerçek veritabanı kontrol ediliyor...
2026-01-13 00:34:13,727 - [INFO] - 💤 Bekleyen talep yok.
2026-01-13 00:34:23,787 - [INFO] - 🕵️‍♂️ JOB BAŞLADI: Gerçek veritabanı kontrol ediliyor...
2026-01-13 00:34:23,789 - [INFO] - 💤 Bekleyen talep yok.
2026-01-13 00:34:33,856 - [INFO] - 🕵️‍♂️ JOB BAŞLADI: Gerçek veritabanı kontrol ediliyor...
2026-01-13 00:34:33,859 - [INFO] - 💤 Bekleyen talep yok.
2026-01-13 00:34:43,934 - [INFO] - 🕵️‍♂️ JOB BAŞLADI: Gerçek veritabanı kontrol ediliyor...
2026-01-13 00:34:43,936 - [INFO] - 💤 Bekleyen talep yok.
2026-01-13 00:34:54,014 - [INFO] - 🕵️‍♂️ JOB BAŞLADI: Gerçek veritabanı kontrol ediliyor...
2026-01-13 00:34:54,016 - [INFO] - 💤 Bekleyen talep yok.
2026-01-13 00:35:04,098 - [INFO] - 🕵️‍♂️ JOB BAŞLADI: Gerçek veritabanı kontrol ediliyor...
2026-01-13 00:35:04,100 - [INFO] - 💤 Bekleyen talep yok.
2026-01-13 00:35:14,173 - [INFO] - 🕵️‍♂️ JOB BAŞLADI: Gerçek veritabanı kontrol ediliyor...
2026-01-13 00:35:14,176 - [INFO] - 💤 Bekleyen talep yok.
2026-01-13 00:35:24,264 - [INFO] - 🕵️‍♂️ JOB BAŞLADI: Gerçek veritabanı kontrol ediliyor...
2026-01-13 00:35:24,267 - [INFO] - 💤 Bekleyen talep yok.
2026-01-13 00:35:34,327 - [INFO] - 🕵️‍♂️ JOB BAŞLADI: Gerçek veritabanı kontrol ediliyor...
2026-01-13 00:35:34,329 - [INFO] - 💤 Bekleyen talep yok.
2026-01-13 00:35:44,410 - [INFO] - 🕵️‍♂️ JOB BAŞLADI: Gerçek veritabanı kontrol ediliyor...
2026-01-13 00:35:44,412 - [INFO] - 💤 Bekleyen talep yok.
2026-01-13 00:35:54,492 - [INFO] - 🕵️‍♂️ JOB BAŞLADI: Gerçek veritabanı kontrol ediliyor...
2026-01-13 00:35:54,495 - [INFO] - 💤 Bekleyen talep yok.
2026-01-13 00:36:04,568 - [INFO] - 🕵️‍♂️ JOB BAŞLADI: Gerçek veritabanı kontrol ediliyor...
2026-01-13 00:36:04,569 - [INFO] - 💤 Bekleyen talep yok.
2026-01-13 00:36:14,629 - [INFO] - 🕵️‍♂️ JOB BAŞLADI: Gerçek veritabanı kontrol ediliyor...
2026-01-13 00:36:14,631 - [INFO] - 💤 Bekleyen talep yok.
2026-01-13 00:36:24,692 - [INFO] - 🕵️‍♂️ JOB BAŞLADI: Gerçek veritabanı kontrol ediliyor...
2026-01-13 00:36:24,693 - [INFO] - 💤 Bekleyen talep yok.
2026-01-13 00:36:34,774 - [INFO] - 🕵️‍♂️ JOB BAŞLADI: Gerçek veritabanı kontrol ediliyor...
2026-01-13 00:36:34,777 - [INFO] - 💤 Bekleyen talep yok.
2026-01-13 00:36:44,856 - [INFO] - 🕵️‍♂️ JOB BAŞLADI: Gerçek veritabanı kontrol ediliyor...
2026-01-13 00:36:44,858 - [INFO] - 💤 Bekleyen talep yok.
2026-01-13 00:36:54,933 - [INFO] - 🕵️‍♂️ JOB BAŞLADI: Gerçek veritabanı kontrol ediliyor...
2026-01-13 00:36:54,936 - [INFO] - 💤 Bekleyen talep yok.
2026-01-13 00:37:05,005 - [INFO] - 🕵️‍♂️ JOB BAŞLADI: Gerçek veritabanı kontrol ediliyor...
2026-01-13 00:37:05,007 - [INFO] - 💤 Bekleyen talep yok.
2026-01-13 00:37:15,072 - [INFO] - 🕵️‍♂️ JOB BAŞLADI: Gerçek veritabanı kontrol ediliyor...
2026-01-13 00:37:15,075 - [INFO] - 💤 Bekleyen talep yok.
2026-01-13 00:37:25,155 - [INFO] - 🕵️‍♂️ JOB BAŞLADI: Gerçek veritabanı kontrol ediliyor...
2026-01-13 00:37:25,157 - [INFO] - 💤 Bekleyen talep yok.
2026-01-13 00:37:35,237 - [INFO] - 🕵️‍♂️ JOB BAŞLADI: Gerçek veritabanı kontrol ediliyor...
2026-01-13 00:37:35,239 - [INFO] - 💤 Bekleyen talep yok.
2026-01-13 00:37:45,291 - [INFO] - 🕵️‍♂️ JOB BAŞLADI: Gerçek veritabanı kontrol ediliyor...
2026-01-13 00:37:45,294 - [INFO] - 💤 Bekleyen talep yok.
2026-01-13 00:37:55,371 - [INFO] - 🕵️‍♂️ JOB BAŞLADI: Gerçek veritabanı kontrol ediliyor...
2026-01-13 00:37:55,373 - [INFO] - 💤 Bekleyen talep yok.
2026-01-13 00:38:05,440 - [INFO] - 🕵️‍♂️ JOB BAŞLADI: Gerçek veritabanı kontrol ediliyor...
2026-01-13 00:38:05,443 - [INFO] - 💤 Bekleyen talep yok.
2026-01-13 00:38:15,517 - [INFO] - 🕵️‍♂️ JOB BAŞLADI: Gerçek veritabanı kontrol ediliyor...
2026-01-13 00:38:15,520 - [INFO] - 💤 Bekleyen talep yok.
2026-01-13 00:38:25,608 - [INFO] - 🕵️‍♂️ JOB BAŞLADI: Gerçek veritabanı kontrol ediliyor...
2026-01-13 00:38:25,610 - [INFO] - 💤 Bekleyen talep yok.
2026-01-13 00:38:35,670 - [INFO] - 🕵️‍♂️ JOB BAŞLADI: Gerçek veritabanı kontrol ediliyor...
2026-01-13 00:38:35,672 - [INFO] - 💤 Bekleyen talep yok.
2026-01-13 00:38:45,750 - [INFO] - 🕵️‍♂️ JOB BAŞLADI: Gerçek veritabanı kontrol ediliyor...
2026-01-13 00:38:45,752 - [INFO] - 💤 Bekleyen talep yok.
2026-01-13 00:38:55,830 - [INFO] - 🕵️‍♂️ JOB BAŞLADI: Gerçek veritabanı kontrol ediliyor...
2026-01-13 00:38:55,832 - [INFO] - 💤 Bekleyen talep yok.
2026-01-13 00:39:05,906 - [INFO] - 🕵️‍♂️ JOB BAŞLADI: Gerçek veritabanı kontrol ediliyor...
2026-01-13 00:39:05,908 - [INFO] - 💤 Bekleyen talep yok.
2026-01-13 00:39:15,976 - [INFO] - 🕵️‍♂️ JOB BAŞLADI: Gerçek veritabanı kontrol ediliyor...
2026-01-13 00:39:15,978 - [INFO] - 💤 Bekleyen talep yok.
2026-01-13 00:39:26,069 - [INFO] - 🕵️‍♂️ JOB BAŞLADI: Gerçek veritabanı kontrol ediliyor...
2026-01-13 00:39:26,072 - [INFO] - 💤 Bekleyen talep yok.
2026-01-13 00:39:36,157 - [INFO] - 🕵️‍♂️ JOB BAŞLADI: Gerçek veritabanı kontrol ediliyor...
2026-01-13 00:39:36,159 - [INFO] - 💤 Bekleyen talep yok.
2026-01-13 00:39:46,226 - [INFO] - 🕵️‍♂️ JOB BAŞLADI: Gerçek veritabanı kontrol ediliyor...
2026-01-13 00:39:46,229 - [INFO] - 💤 Bekleyen talep yok.
2026-01-13 00:39:56,288 - [INFO] - 🕵️‍♂️ JOB BAŞLADI: Gerçek veritabanı kontrol ediliyor...
2026-01-13 00:39:56,290 - [INFO] - 💤 Bekleyen talep yok.
2026-01-13 00:40:06,364 - [INFO] - 🕵️‍♂️ JOB BAŞLADI: Gerçek veritabanı kontrol ediliyor...
2026-01-13 00:40:06,366 - [INFO] - 💤 Bekleyen talep yok.
2026-01-13 00:40:16,451 - [INFO] - 🕵️‍♂️ JOB BAŞLADI: Gerçek veritabanı kontrol ediliyor...
2026-01-13 00:40:16,453 - [INFO] - 💤 Bekleyen talep yok.
2026-01-13 00:40:26,516 - [INFO] - 🕵️‍♂️ JOB BAŞLADI: Gerçek veritabanı kontrol ediliyor...
2026-01-13 00:40:26,518 - [INFO] - 💤 Bekleyen talep yok.
2026-01-13 00:40:36,589 - [INFO] - 🕵️‍♂️ JOB BAŞLADI: Gerçek veritabanı kontrol ediliyor...
2026-01-13 00:40:36,591 - [INFO] - 💤 Bekleyen talep yok.
2026-01-13 00:40:46,666 - [INFO] - 🕵️‍♂️ JOB BAŞLADI: Gerçek veritabanı kontrol ediliyor...
2026-01-13 00:40:46,668 - [INFO] - 💤 Bekleyen talep yok.
2026-01-13 00:40:56,760 - [INFO] - 🕵️‍♂️ JOB BAŞLADI: Gerçek veritabanı kontrol ediliyor...
2026-01-13 00:40:56,763 - [INFO] - 💤 Bekleyen talep yok.
2026-01-13 00:41:06,837 - [INFO] - 🕵️‍♂️ JOB BAŞLADI: Gerçek veritabanı kontrol ediliyor...
2026-01-13 00:41:06,839 - [INFO] - 💤 Bekleyen talep yok.
2026-01-13 00:41:16,909 - [INFO] - 🕵️‍♂️ JOB BAŞLADI: Gerçek veritabanı kontrol ediliyor...
2026-01-13 00:41:16,912 - [INFO] - 💤 Bekleyen talep yok.
2026-01-13 00:41:26,983 - [INFO] - 🕵️‍♂️ JOB BAŞLADI: Gerçek veritabanı kontrol ediliyor...
2026-01-13 00:41:26,986 - [INFO] - 💤 Bekleyen talep yok.
2026-01-13 00:41:37,060 - [INFO] - 🕵️‍♂️ JOB BAŞLADI: Gerçek veritabanı kontrol ediliyor...
2026-01-13 00:41:37,062 - [INFO] - 💤 Bekleyen talep yok.
2026-01-13 00:41:47,146 - [INFO] - 🕵️‍♂️ JOB BAŞLADI: Gerçek veritabanı kontrol ediliyor...
2026-01-13 00:41:47,149 - [INFO] - 💤 Bekleyen talep yok.
2026-01-13 00:41:57,229 - [INFO] - 🕵️‍♂️ JOB BAŞLADI: Gerçek veritabanı kontrol ediliyor...
2026-01-13 00:41:57,231 - [INFO] - 💤 Bekleyen talep yok.
2026-01-13 00:42:07,293 - [INFO] - 🕵️‍♂️ JOB BAŞLADI: Gerçek veritabanı kontrol ediliyor...
2026-01-13 00:42:07,295 - [INFO] - 💤 Bekleyen talep yok.
2026-01-13 00:42:17,369 - [INFO] - 🕵️‍♂️ JOB BAŞLADI: Gerçek veritabanı kontrol ediliyor...
2026-01-13 00:42:17,371 - [INFO] - 💤 Bekleyen talep yok.
2026-01-13 00:42:27,440 - [INFO] - 🕵️‍♂️ JOB BAŞLADI: Gerçek veritabanı kontrol ediliyor...
2026-01-13 00:42:27,443 - [INFO] - 💤 Bekleyen talep yok.
2026-01-13 00:42:37,516 - [INFO] - 🕵️‍♂️ JOB BAŞLADI: Gerçek veritabanı kontrol ediliyor...
2026-01-13 00:42:37,518 - [INFO] - 💤 Bekleyen talep yok.
2026-01-13 00:42:47,582 - [INFO] - 🕵️‍♂️ JOB BAŞLADI: Gerçek veritabanı kontrol ediliyor...
2026-01-13 00:42:47,585 - [INFO] - 💤 Bekleyen talep yok.
2026-01-13 00:42:57,664 - [INFO] - 🕵️‍♂️ JOB BAŞLADI: Gerçek veritabanı kontrol ediliyor...
2026-01-13 00:42:57,667 - [INFO] - 💤 Bekleyen talep yok.
2026-01-13 00:43:07,741 - [INFO] - 🕵️‍♂️ JOB BAŞLADI: Gerçek veritabanı kontrol ediliyor...
2026-01-13 00:43:07,743 - [INFO] - 💤 Bekleyen talep yok.
2026-01-13 00:43:17,816 - [INFO] - 🕵️‍♂️ JOB BAŞLADI: Gerçek veritabanı kontrol ediliyor...
2026-01-13 00:43:17,819 - [INFO] - 💤 Bekleyen talep yok.
2026-01-13 00:43:27,866 - [INFO] - 🕵️‍♂️ JOB BAŞLADI: Gerçek veritabanı kontrol ediliyor...
2026-01-13 00:43:27,868 - [INFO] - 💤 Bekleyen talep yok.
2026-01-13 00:43:37,920 - [INFO] - 🕵️‍♂️ JOB BAŞLADI: Gerçek veritabanı kontrol ediliyor...
2026-01-13 00:43:37,922 - [INFO] - 💤 Bekleyen talep yok.
2026-01-13 00:43:48,001 - [INFO] - 🕵️‍♂️ JOB BAŞLADI: Gerçek veritabanı kontrol ediliyor...
2026-01-13 00:43:48,004 - [INFO] - 💤 Bekleyen talep yok.
2026-01-13 00:43:58,077 - [INFO] - 🕵️‍♂️ JOB BAŞLADI: Gerçek veritabanı kontrol ediliyor...
2026-01-13 00:43:58,079 - [INFO] - 💤 Bekleyen talep yok.
2026-01-13 00:44:08,165 - [INFO] - 🕵️‍♂️ JOB BAŞLADI: Gerçek veritabanı kontrol ediliyor...
2026-01-13 00:44:08,168 - [INFO] - 💤 Bekleyen talep yok.
2026-01-13 00:44:18,235 - [INFO] - 🕵️‍♂️ JOB BAŞLADI: Gerçek veritabanı kontrol ediliyor...
2026-01-13 00:44:18,238 - [INFO] - 💤 Bekleyen talep yok.
2026-01-13 00:44:28,306 - [INFO] - 🕵️‍♂️ JOB BAŞLADI: Gerçek veritabanı kontrol ediliyor...
2026-01-13 00:44:28,308 - [INFO] - 💤 Bekleyen talep yok.
2026-01-13 00:44:38,368 - [INFO] - 🕵️‍♂️ JOB BAŞLADI: Gerçek veritabanı kontrol ediliyor...
2026-01-13 00:44:38,370 - [INFO] - 💤 Bekleyen talep yok.
2026-01-13 00:44:48,453 - [INFO] - 🕵️‍♂️ JOB BAŞLADI: Gerçek veritabanı kontrol ediliyor...
2026-01-13 00:44:48,456 - [INFO] - 💤 Bekleyen talep yok.
2026-01-13 00:44:58,544 - [INFO] - 🕵️‍♂️ JOB BAŞLADI: Gerçek veritabanı kontrol ediliyor...
2026-01-13 00:44:58,547 - [INFO] - 💤 Bekleyen talep yok.
2026-01-13 00:45:08,627 - [INFO] - 🕵️‍♂️ JOB BAŞLADI: Gerçek veritabanı kontrol ediliyor...
2026-01-13 00:45:08,629 - [INFO] - 💤 Bekleyen talep yok.
2026-01-13 00:45:18,688 - [INFO] - 🕵️‍♂️ JOB BAŞLADI: Gerçek veritabanı kontrol ediliyor...
2026-01-13 00:45:18,690 - [INFO] - 💤 Bekleyen talep yok.
2026-01-13 00:45:28,757 - [INFO] - 🕵️‍♂️ JOB BAŞLADI: Gerçek veritabanı kontrol ediliyor...
2026-01-13 00:45:28,759 - [INFO] - 💤 Bekleyen talep yok.
2026-01-13 00:45:38,834 - [INFO] - 🕵️‍♂️ JOB BAŞLADI: Gerçek veritabanı kontrol ediliyor...
2026-01-13 00:45:38,836 - [INFO] - 💤 Bekleyen talep yok.
2026-01-13 00:45:48,917 - [INFO] - 🕵️‍♂️ JOB BAŞLADI: Gerçek veritabanı kontrol ediliyor...
2026-01-13 00:45:48,920 - [INFO] - 💤 Bekleyen talep yok.
2026-01-13 00:45:58,990 - [INFO] - 🕵️‍♂️ JOB BAŞLADI: Gerçek veritabanı kontrol ediliyor...
2026-01-13 00:45:58,993 - [INFO] - 💤 Bekleyen talep yok.
2026-01-13 00:46:09,056 - [INFO] - 🕵️‍♂️ JOB BAŞLADI: Gerçek veritabanı kontrol ediliyor...
2026-01-13 00:46:09,058 - [INFO] - 💤 Bekleyen talep yok.
2026-01-13 00:46:19,140 - [INFO] - 🕵️‍♂️ JOB BAŞLADI: Gerçek veritabanı kontrol ediliyor...
2026-01-13 00:46:19,142 - [INFO] - 💤 Bekleyen talep yok.
2026-01-13 00:46:29,231 - [INFO] - 🕵️‍♂️ JOB BAŞLADI: Gerçek veritabanı kontrol ediliyor...
2026-01-13 00:46:29,233 - [INFO] - 💤 Bekleyen talep yok.
2026-01-13 00:46:39,296 - [INFO] - 🕵️‍♂️ JOB BAŞLADI: Gerçek veritabanı kontrol ediliyor...
2026-01-13 00:46:39,298 - [INFO] - 💤 Bekleyen talep yok.
2026-01-13 00:46:49,376 - [INFO] - 🕵️‍♂️ JOB BAŞLADI: Gerçek veritabanı kontrol ediliyor...
2026-01-13 00:46:49,378 - [INFO] - 💤 Bekleyen talep yok.
2026-01-13 00:46:59,465 - [INFO] - 🕵️‍♂️ JOB BAŞLADI: Gerçek veritabanı kontrol ediliyor...
2026-01-13 00:46:59,466 - [INFO] - 💤 Bekleyen talep yok.
2026-01-13 00:47:09,535 - [INFO] - 🕵️‍♂️ JOB BAŞLADI: Gerçek veritabanı kontrol ediliyor...
2026-01-13 00:47:09,538 - [INFO] - 💤 Bekleyen talep yok.
2026-01-13 00:47:19,609 - [INFO] - 🕵️‍♂️ JOB BAŞLADI: Gerçek veritabanı kontrol ediliyor...
2026-01-13 00:47:19,611 - [INFO] - 💤 Bekleyen talep yok.
2026-01-13 00:47:29,684 - [INFO] - 🕵️‍♂️ JOB BAŞLADI: Gerçek veritabanı kontrol ediliyor...
2026-01-13 00:47:29,686 - [INFO] - 💤 Bekleyen talep yok.
2026-01-13 00:47:39,765 - [INFO] - 🕵️‍♂️ JOB BAŞLADI: Gerçek veritabanı kontrol ediliyor...
2026-01-13 00:47:39,767 - [INFO] - 💤 Bekleyen talep yok.
2026-01-13 00:47:49,850 - [INFO] - 🕵️‍♂️ JOB BAŞLADI: Gerçek veritabanı kontrol ediliyor...
2026-01-13 00:47:49,852 - [INFO] - 💤 Bekleyen talep yok.
2026-01-13 00:47:59,927 - [INFO] - 🕵️‍♂️ JOB BAŞLADI: Gerçek veritabanı kontrol ediliyor...
2026-01-13 00:47:59,929 - [INFO] - 💤 Bekleyen talep yok.
2026-01-13 00:48:10,008 - [INFO] - 🕵️‍♂️ JOB BAŞLADI: Gerçek veritabanı kontrol ediliyor...
2026-01-13 00:48:10,010 - [INFO] - 💤 Bekleyen talep yok.
2026-01-13 00:48:20,082 - [INFO] - 🕵️‍♂️ JOB BAŞLADI: Gerçek veritabanı kontrol ediliyor...
2026-01-13 00:48:20,085 - [INFO] - 💤 Bekleyen talep yok.
2026-01-13 00:48:30,139 - [INFO] - 🕵️‍♂️ JOB BAŞLADI: Gerçek veritabanı kontrol ediliyor...
2026-01-13 00:48:30,142 - [INFO] - 💤 Bekleyen talep yok.
2026-01-13 00:48:40,209 - [INFO] - 🕵️‍♂️ JOB BAŞLADI: Gerçek veritabanı kontrol ediliyor...
2026-01-13 00:48:40,212 - [INFO] - 💤 Bekleyen talep yok.
2026-01-13 00:48:50,282 - [INFO] - 🕵️‍♂️ JOB BAŞLADI: Gerçek veritabanı kontrol ediliyor...
2026-01-13 00:48:50,284 - [INFO] - 💤 Bekleyen talep yok.
2026-01-13 00:49:00,351 - [INFO] - 🕵️‍♂️ JOB BAŞLADI: Gerçek veritabanı kontrol ediliyor...
2026-01-13 00:49:00,354 - [INFO] - 💤 Bekleyen talep yok.
2026-01-13 00:49:10,440 - [INFO] - 🕵️‍♂️ JOB BAŞLADI: Gerçek veritabanı kontrol ediliyor...
2026-01-13 00:49:10,442 - [INFO] - 💤 Bekleyen talep yok.
2026-01-13 00:49:20,519 - [INFO] - 🕵️‍♂️ JOB BAŞLADI: Gerçek veritabanı kontrol ediliyor...
2026-01-13 00:49:20,521 - [INFO] - 💤 Bekleyen talep yok.
2026-01-13 00:49:30,599 - [INFO] - 🕵️‍♂️ JOB BAŞLADI: Gerçek veritabanı kontrol ediliyor...
2026-01-13 00:49:30,602 - [INFO] - 💤 Bekleyen talep yok.
2026-01-13 00:49:40,683 - [INFO] - 🕵️‍♂️ JOB BAŞLADI: Gerçek veritabanı kontrol ediliyor...
2026-01-13 00:49:40,686 - [INFO] - 💤 Bekleyen talep yok.
2026-01-13 00:49:50,750 - [INFO] - 🕵️‍♂️ JOB BAŞLADI: Gerçek veritabanı kontrol ediliyor...
2026-01-13 00:49:50,752 - [INFO] - 💤 Bekleyen talep yok.
2026-01-13 00:50:00,835 - [INFO] - 🕵️‍♂️ JOB BAŞLADI: Gerçek veritabanı kontrol ediliyor...
2026-01-13 00:50:00,838 - [INFO] - 💤 Bekleyen talep yok.
2026-01-13 00:50:10,920 - [INFO] - 🕵️‍♂️ JOB BAŞLADI: Gerçek veritabanı kontrol ediliyor...
2026-01-13 00:50:10,922 - [INFO] - 💤 Bekleyen talep yok.
2026-01-13 00:50:21,009 - [INFO] - 🕵️‍♂️ JOB BAŞLADI: Gerçek veritabanı kontrol ediliyor...
2026-01-13 00:50:21,012 - [INFO] - 💤 Bekleyen talep yok.
2026-01-13 00:50:31,092 - [INFO] - 🕵️‍♂️ JOB BAŞLADI: Gerçek veritabanı kontrol ediliyor...
2026-01-13 00:50:31,095 - [INFO] - 💤 Bekleyen talep yok.
2026-01-13 00:50:41,172 - [INFO] - 🕵️‍♂️ JOB BAŞLADI: Gerçek veritabanı kontrol ediliyor...
2026-01-13 00:50:41,175 - [INFO] - 💤 Bekleyen talep yok.
2026-01-13 00:50:51,252 - [INFO] - 🕵️‍♂️ JOB BAŞLADI: Gerçek veritabanı kontrol ediliyor...
2026-01-13 00:50:51,255 - [INFO] - 💤 Bekleyen talep yok.
2026-01-13 00:51:01,339 - [INFO] - 🕵️‍♂️ JOB BAŞLADI: Gerçek veritabanı kontrol ediliyor...
2026-01-13 00:51:01,342 - [INFO] - 💤 Bekleyen talep yok.
2026-01-13 00:51:11,434 - [INFO] - 🕵️‍♂️ JOB BAŞLADI: Gerçek veritabanı kontrol ediliyor...
2026-01-13 00:51:11,437 - [INFO] - 💤 Bekleyen talep yok.
2026-01-13 00:51:21,503 - [INFO] - 🕵️‍♂️ JOB BAŞLADI: Gerçek veritabanı kontrol ediliyor...
2026-01-13 00:51:21,505 - [INFO] - 💤 Bekleyen talep yok.
2026-01-13 00:51:31,583 - [INFO] - 🕵️‍♂️ JOB BAŞLADI: Gerçek veritabanı kontrol ediliyor...
2026-01-13 00:51:31,585 - [INFO] - 💤 Bekleyen talep yok.
2026-01-13 00:51:41,648 - [INFO] - 🕵️‍♂️ JOB BAŞLADI: Gerçek veritabanı kontrol ediliyor...
2026-01-13 00:51:41,651 - [INFO] - 💤 Bekleyen talep yok.
2026-01-13 00:51:51,713 - [INFO] - 🕵️‍♂️ JOB BAŞLADI: Gerçek veritabanı kontrol ediliyor...
2026-01-13 00:51:51,716 - [INFO] - 💤 Bekleyen talep yok.
2026-01-13 00:52:01,788 - [INFO] - 🕵️‍♂️ JOB BAŞLADI: Gerçek veritabanı kontrol ediliyor...
2026-01-13 00:52:01,791 - [INFO] - 💤 Bekleyen talep yok.
2026-01-13 00:52:11,864 - [INFO] - 🕵️‍♂️ JOB BAŞLADI: Gerçek veritabanı kontrol ediliyor...
2026-01-13 00:52:11,866 - [INFO] - 💤 Bekleyen talep yok.
2026-01-13 00:52:21,938 - [INFO] - 🕵️‍♂️ JOB BAŞLADI: Gerçek veritabanı kontrol ediliyor...
2026-01-13 00:52:21,941 - [INFO] - 💤 Bekleyen talep yok.
2026-01-13 00:52:32,001 - [INFO] - 🕵️‍♂️ JOB BAŞLADI: Gerçek veritabanı kontrol ediliyor...
2026-01-13 00:52:32,003 - [INFO] - 💤 Bekleyen talep yok.
2026-01-13 00:52:42,083 - [INFO] - 🕵️‍♂️ JOB BAŞLADI: Gerçek veritabanı kontrol ediliyor...
2026-01-13 00:52:42,085 - [INFO] - 💤 Bekleyen talep yok.
2026-01-13 00:52:52,158 - [INFO] - 🕵️‍♂️ JOB BAŞLADI: Gerçek veritabanı kontrol ediliyor...
2026-01-13 00:52:52,160 - [INFO] - 💤 Bekleyen talep yok.
2026-01-13 00:53:02,232 - [INFO] - 🕵️‍♂️ JOB BAŞLADI: Gerçek veritabanı kontrol ediliyor...
2026-01-13 00:53:02,235 - [INFO] - 💤 Bekleyen talep yok.
2026-01-13 00:53:12,297 - [INFO] - 🕵️‍♂️ JOB BAŞLADI: Gerçek veritabanı kontrol ediliyor...
2026-01-13 00:53:12,299 - [INFO] - 💤 Bekleyen talep yok.
2026-01-13 00:53:22,371 - [INFO] - 🕵️‍♂️ JOB BAŞLADI: Gerçek veritabanı kontrol ediliyor...
2026-01-13 00:53:22,373 - [INFO] - 💤 Bekleyen talep yok.
2026-01-13 00:53:32,446 - [INFO] - 🕵️‍♂️ JOB BAŞLADI: Gerçek veritabanı kontrol ediliyor...
2026-01-13 00:53:32,448 - [INFO] - 💤 Bekleyen talep yok.
2026-01-13 00:53:42,516 - [INFO] - 🕵️‍♂️ JOB BAŞLADI: Gerçek veritabanı kontrol ediliyor...
2026-01-13 00:53:42,517 - [INFO] - 💤 Bekleyen talep yok.
2026-01-13 00:53:52,583 - [INFO] - 🕵️‍♂️ JOB BAŞLADI: Gerçek veritabanı kontrol ediliyor...
2026-01-13 00:53:52,584 - [INFO] - 💤 Bekleyen talep yok.
2026-01-13 00:54:02,662 - [INFO] - 🕵️‍♂️ JOB BAŞLADI: Gerçek veritabanı kontrol ediliyor...
2026-01-13 00:54:02,664 - [INFO] - 💤 Bekleyen talep yok.
2026-01-13 00:54:12,760 - [INFO] - 🕵️‍♂️ JOB BAŞLADI: Gerçek veritabanı kontrol ediliyor...
2026-01-13 00:54:12,763 - [INFO] - 💤 Bekleyen talep yok.
2026-01-13 00:54:22,846 - [INFO] - 🕵️‍♂️ JOB BAŞLADI: Gerçek veritabanı kontrol ediliyor...
2026-01-13 00:54:22,849 - [INFO] - 💤 Bekleyen talep yok.
2026-01-13 00:54:32,913 - [INFO] - 🕵️‍♂️ JOB BAŞLADI: Gerçek veritabanı kontrol ediliyor...
2026-01-13 00:54:32,915 - [INFO] - 💤 Bekleyen talep yok.
2026-01-13 00:54:42,998 - [INFO] - 🕵️‍♂️ JOB BAŞLADI: Gerçek veritabanı kontrol ediliyor...
2026-01-13 00:54:43,001 - [INFO] - 💤 Bekleyen talep yok.
2026-01-13 00:54:53,083 - [INFO] - 🕵️‍♂️ JOB BAŞLADI: Gerçek veritabanı kontrol ediliyor...
2026-01-13 00:54:53,086 - [INFO] - 💤 Bekleyen talep yok.
2026-01-13 00:55:03,181 - [INFO] - 🕵️‍♂️ JOB BAŞLADI: Gerçek veritabanı kontrol ediliyor...
2026-01-13 00:55:03,183 - [INFO] - 💤 Bekleyen talep yok.
2026-01-13 00:55:13,246 - [INFO] - 🕵️‍♂️ JOB BAŞLADI: Gerçek veritabanı kontrol ediliyor...
2026-01-13 00:55:13,249 - [INFO] - 💤 Bekleyen talep yok.
2026-01-13 00:55:23,323 - [INFO] - 🕵️‍♂️ JOB BAŞLADI: Gerçek veritabanı kontrol ediliyor...
2026-01-13 00:55:23,325 - [INFO] - 💤 Bekleyen talep yok.
2026-01-13 00:55:33,406 - [INFO] - 🕵️‍♂️ JOB BAŞLADI: Gerçek veritabanı kontrol ediliyor...
2026-01-13 00:55:33,408 - [INFO] - 💤 Bekleyen talep yok.
2026-01-13 00:55:43,465 - [INFO] - 🕵️‍♂️ JOB BAŞLADI: Gerçek veritabanı kontrol ediliyor...
2026-01-13 00:55:43,467 - [INFO] - 💤 Bekleyen talep yok.
2026-01-13 00:55:53,552 - [INFO] - 🕵️‍♂️ JOB BAŞLADI: Gerçek veritabanı kontrol ediliyor...
2026-01-13 00:55:53,555 - [INFO] - 💤 Bekleyen talep yok.
2026-01-13 00:56:03,618 - [INFO] - 🕵️‍♂️ JOB BAŞLADI: Gerçek veritabanı kontrol ediliyor...
2026-01-13 00:56:03,620 - [INFO] - 💤 Bekleyen talep yok.
2026-01-13 00:56:13,696 - [INFO] - 🕵️‍♂️ JOB BAŞLADI: Gerçek veritabanı kontrol ediliyor...
2026-01-13 00:56:13,699 - [INFO] - 💤 Bekleyen talep yok.
2026-01-13 00:56:23,773 - [INFO] - 🕵️‍♂️ JOB BAŞLADI: Gerçek veritabanı kontrol ediliyor...
2026-01-13 00:56:23,775 - [INFO] - 💤 Bekleyen talep yok.
2026-01-13 00:56:33,840 - [INFO] - 🕵️‍♂️ JOB BAŞLADI: Gerçek veritabanı kontrol ediliyor...
2026-01-13 00:56:33,842 - [INFO] - 💤 Bekleyen talep yok.
2026-01-13 00:56:43,930 - [INFO] - 🕵️‍♂️ JOB BAŞLADI: Gerçek veritabanı kontrol ediliyor...
2026-01-13 00:56:43,932 - [INFO] - 💤 Bekleyen talep yok.
2026-01-13 00:56:54,003 - [INFO] - 🕵️‍♂️ JOB BAŞLADI: Gerçek veritabanı kontrol ediliyor...
2026-01-13 00:56:54,006 - [INFO] - 💤 Bekleyen talep yok.
2026-01-13 00:57:04,077 - [INFO] - 🕵️‍♂️ JOB BAŞLADI: Gerçek veritabanı kontrol ediliyor...
2026-01-13 00:57:04,080 - [INFO] - 💤 Bekleyen talep yok.
2026-01-13 00:57:14,144 - [INFO] - 🕵️‍♂️ JOB BAŞLADI: Gerçek veritabanı kontrol ediliyor...
2026-01-13 00:57:14,146 - [INFO] - 💤 Bekleyen talep yok.
2026-01-13 00:57:24,215 - [INFO] - 🕵️‍♂️ JOB BAŞLADI: Gerçek veritabanı kontrol ediliyor...
2026-01-13 00:57:24,217 - [INFO] - 💤 Bekleyen talep yok.
2026-01-13 00:57:34,281 - [INFO] - 🕵️‍♂️ JOB BAŞLADI: Gerçek veritabanı kontrol ediliyor...
2026-01-13 00:57:34,283 - [INFO] - 💤 Bekleyen talep yok.
2026-01-13 00:57:44,363 - [INFO] - 🕵️‍♂️ JOB BAŞLADI: Gerçek veritabanı kontrol ediliyor...
2026-01-13 00:57:44,365 - [INFO] - 💤 Bekleyen talep yok.
2026-01-13 00:57:54,437 - [INFO] - 🕵️‍♂️ JOB BAŞLADI: Gerçek veritabanı kontrol ediliyor...
2026-01-13 00:57:54,439 - [INFO] - 💤 Bekleyen talep yok.
2026-01-13 00:58:04,522 - [INFO] - 🕵️‍♂️ JOB BAŞLADI: Gerçek veritabanı kontrol ediliyor...
2026-01-13 00:58:04,524 - [INFO] - 💤 Bekleyen talep yok.
2026-01-13 00:58:14,606 - [INFO] - 🕵️‍♂️ JOB BAŞLADI: Gerçek veritabanı kontrol ediliyor...
2026-01-13 00:58:14,608 - [INFO] - 💤 Bekleyen talep yok.
2026-01-13 00:58:24,688 - [INFO] - 🕵️‍♂️ JOB BAŞLADI: Gerçek veritabanı kontrol ediliyor...
2026-01-13 00:58:24,690 - [INFO] - 💤 Bekleyen talep yok.
2026-01-13 00:58:34,769 - [INFO] - 🕵️‍♂️ JOB BAŞLADI: Gerçek veritabanı kontrol ediliyor...
2026-01-13 00:58:34,772 - [INFO] - 💤 Bekleyen talep yok.
2026-01-13 00:58:44,840 - [INFO] - 🕵️‍♂️ JOB BAŞLADI: Gerçek veritabanı kontrol ediliyor...
2026-01-13 00:58:44,843 - [INFO] - 💤 Bekleyen talep yok.
2026-01-13 00:58:54,920 - [INFO] - 🕵️‍♂️ JOB BAŞLADI: Gerçek veritabanı kontrol ediliyor...
2026-01-13 00:58:54,923 - [INFO] - 💤 Bekleyen talep yok.
2026-01-13 00:59:04,998 - [INFO] - 🕵️‍♂️ JOB BAŞLADI: Gerçek veritabanı kontrol ediliyor...
2026-01-13 00:59:05,000 - [INFO] - 💤 Bekleyen talep yok.
2026-01-13 00:59:15,080 - [INFO] - 🕵️‍♂️ JOB BAŞLADI: Gerçek veritabanı kontrol ediliyor...
2026-01-13 00:59:15,083 - [INFO] - 💤 Bekleyen talep yok.
2026-01-13 00:59:25,153 - [INFO] - 🕵️‍♂️ JOB BAŞLADI: Gerçek veritabanı kontrol ediliyor...
2026-01-13 00:59:25,155 - [INFO] - 💤 Bekleyen talep yok.
2026-01-13 00:59:35,245 - [INFO] - 🕵️‍♂️ JOB BAŞLADI: Gerçek veritabanı kontrol ediliyor...
2026-01-13 00:59:35,247 - [INFO] - 💤 Bekleyen talep yok.
2026-01-13 00:59:45,333 - [INFO] - 🕵️‍♂️ JOB BAŞLADI: Gerçek veritabanı kontrol ediliyor...
2026-01-13 00:59:45,336 - [INFO] - 💤 Bekleyen talep yok.
2026-01-13 00:59:55,403 - [INFO] - 🕵️‍♂️ JOB BAŞLADI: Gerçek veritabanı kontrol ediliyor...
2026-01-13 00:59:55,406 - [INFO] - 💤 Bekleyen talep yok.
2026-01-13 01:00:05,476 - [INFO] - 🕵️‍♂️ JOB BAŞLADI: Gerçek veritabanı kontrol ediliyor...
2026-01-13 01:00:05,479 - [INFO] - 💤 Bekleyen talep yok.
2026-01-13 01:00:15,539 - [INFO] - 🕵️‍♂️ JOB BAŞLADI: Gerçek veritabanı kontrol ediliyor...
2026-01-13 01:00:15,541 - [INFO] - 💤 Bekleyen talep yok.
2026-01-13 01:00:25,616 - [INFO] - 🕵️‍♂️ JOB BAŞLADI: Gerçek veritabanı kontrol ediliyor...
2026-01-13 01:00:25,618 - [INFO] - 💤 Bekleyen talep yok.
2026-01-13 01:00:35,699 - [INFO] - 🕵️‍♂️ JOB BAŞLADI: Gerçek veritabanı kontrol ediliyor...
2026-01-13 01:00:35,701 - [INFO] - 💤 Bekleyen talep yok.
2026-01-13 01:00:45,758 - [INFO] - 🕵️‍♂️ JOB BAŞLADI: Gerçek veritabanı kontrol ediliyor...
2026-01-13 01:00:45,760 - [INFO] - 💤 Bekleyen talep yok.
2026-01-13 01:00:55,838 - [INFO] - 🕵️‍♂️ JOB BAŞLADI: Gerçek veritabanı kontrol ediliyor...
2026-01-13 01:00:55,840 - [INFO] - 💤 Bekleyen talep yok.
2026-01-13 01:01:05,939 - [INFO] - 🕵️‍♂️ JOB BAŞLADI: Gerçek veritabanı kontrol ediliyor...
2026-01-13 01:01:05,941 - [INFO] - 💤 Bekleyen talep yok.
2026-01-13 01:01:16,019 - [INFO] - 🕵️‍♂️ JOB BAŞLADI: Gerçek veritabanı kontrol ediliyor...
2026-01-13 01:01:16,021 - [INFO] - 💤 Bekleyen talep yok.
2026-01-13 01:01:26,097 - [INFO] - 🕵️‍♂️ JOB BAŞLADI: Gerçek veritabanı kontrol ediliyor...
2026-01-13 01:01:26,099 - [INFO] - 💤 Bekleyen talep yok.
2026-01-13 01:01:36,168 - [INFO] - 🕵️‍♂️ JOB BAŞLADI: Gerçek veritabanı kontrol ediliyor...
2026-01-13 01:01:36,171 - [INFO] - 💤 Bekleyen talep yok.
2026-01-13 01:01:46,261 - [INFO] - 🕵️‍♂️ JOB BAŞLADI: Gerçek veritabanı kontrol ediliyor...
2026-01-13 01:01:46,264 - [INFO] - 💤 Bekleyen talep yok.
2026-01-13 01:01:56,335 - [INFO] - 🕵️‍♂️ JOB BAŞLADI: Gerçek veritabanı kontrol ediliyor...
2026-01-13 01:01:56,337 - [INFO] - 💤 Bekleyen talep yok.
2026-01-13 01:02:06,412 - [INFO] - 🕵️‍♂️ JOB BAŞLADI: Gerçek veritabanı kontrol ediliyor...
2026-01-13 01:02:06,414 - [INFO] - 💤 Bekleyen talep yok.
2026-01-13 01:02:16,495 - [INFO] - 🕵️‍♂️ JOB BAŞLADI: Gerçek veritabanı kontrol ediliyor...
2026-01-13 01:02:16,498 - [INFO] - 💤 Bekleyen talep yok.
2026-01-13 01:02:26,591 - [INFO] - 🕵️‍♂️ JOB BAŞLADI: Gerçek veritabanı kontrol ediliyor...
2026-01-13 01:02:26,594 - [INFO] - 💤 Bekleyen talep yok.
2026-01-13 01:02:36,659 - [INFO] - 🕵️‍♂️ JOB BAŞLADI: Gerçek veritabanı kontrol ediliyor...
2026-01-13 01:02:36,661 - [INFO] - 💤 Bekleyen talep yok.
2026-01-13 01:02:46,747 - [INFO] - 🕵️‍♂️ JOB BAŞLADI: Gerçek veritabanı kontrol ediliyor...
2026-01-13 01:02:46,749 - [INFO] - 💤 Bekleyen talep yok.
2026-01-13 01:02:56,819 - [INFO] - 🕵️‍♂️ JOB BAŞLADI: Gerçek veritabanı kontrol ediliyor...
2026-01-13 01:02:56,821 - [INFO] - 💤 Bekleyen talep yok.
2026-01-13 01:03:06,899 - [INFO] - 🕵️‍♂️ JOB BAŞLADI: Gerçek veritabanı kontrol ediliyor...
2026-01-13 01:03:06,901 - [INFO] - 💤 Bekleyen talep yok.
2026-01-13 01:03:16,982 - [INFO] - 🕵️‍♂️ JOB BAŞLADI: Gerçek veritabanı kontrol ediliyor...
2026-01-13 01:03:16,985 - [INFO] - 💤 Bekleyen talep yok.
2026-01-13 01:03:27,034 - [INFO] - 🕵️‍♂️ JOB BAŞLADI: Gerçek veritabanı kontrol ediliyor...
2026-01-13 01:03:27,037 - [INFO] - 💤 Bekleyen talep yok.
2026-01-13 01:03:37,103 - [INFO] - 🕵️‍♂️ JOB BAŞLADI: Gerçek veritabanı kontrol ediliyor...
2026-01-13 01:03:37,106 - [INFO] - 💤 Bekleyen talep yok.
2026-01-13 01:03:47,203 - [INFO] - 🕵️‍♂️ JOB BAŞLADI: Gerçek veritabanı kontrol ediliyor...
2026-01-13 01:03:47,205 - [INFO] - 💤 Bekleyen talep yok.
2026-01-13 01:03:57,290 - [INFO] - 🕵️‍♂️ JOB BAŞLADI: Gerçek veritabanı kontrol ediliyor...
2026-01-13 01:03:57,293 - [INFO] - 💤 Bekleyen talep yok.
2026-01-13 01:04:07,368 - [INFO] - 🕵️‍♂️ JOB BAŞLADI: Gerçek veritabanı kontrol ediliyor...
2026-01-13 01:04:07,370 - [INFO] - 💤 Bekleyen talep yok.
2026-01-13 01:04:17,448 - [INFO] - 🕵️‍♂️ JOB BAŞLADI: Gerçek veritabanı kontrol ediliyor...
2026-01-13 01:04:17,450 - [INFO] - 💤 Bekleyen talep yok.
2026-01-13 01:04:27,540 - [INFO] - 🕵️‍♂️ JOB BAŞLADI: Gerçek veritabanı kontrol ediliyor...
2026-01-13 01:04:27,543 - [INFO] - 💤 Bekleyen talep yok.
2026-01-13 01:04:37,618 - [INFO] - 🕵️‍♂️ JOB BAŞLADI: Gerçek veritabanı kontrol ediliyor...
2026-01-13 01:04:37,621 - [INFO] - 💤 Bekleyen talep yok.
2026-01-13 01:04:47,708 - [INFO] - 🕵️‍♂️ JOB BAŞLADI: Gerçek veritabanı kontrol ediliyor...
2026-01-13 01:04:47,710 - [INFO] - 💤 Bekleyen talep yok.
2026-01-13 01:04:57,795 - [INFO] - 🕵️‍♂️ JOB BAŞLADI: Gerçek veritabanı kontrol ediliyor...
2026-01-13 01:04:57,798 - [INFO] - 💤 Bekleyen talep yok.
2026-01-13 01:05:07,879 - [INFO] - 🕵️‍♂️ JOB BAŞLADI: Gerçek veritabanı kontrol ediliyor...
2026-01-13 01:05:07,882 - [INFO] - 💤 Bekleyen talep yok.
2026-01-13 01:05:17,963 - [INFO] - 🕵️‍♂️ JOB BAŞLADI: Gerçek veritabanı kontrol ediliyor...
2026-01-13 01:05:17,965 - [INFO] - 💤 Bekleyen talep yok.
2026-01-13 01:05:28,035 - [INFO] - 🕵️‍♂️ JOB BAŞLADI: Gerçek veritabanı kontrol ediliyor...
2026-01-13 01:05:28,037 - [INFO] - 💤 Bekleyen talep yok.
2026-01-13 01:05:38,112 - [INFO] - 🕵️‍♂️ JOB BAŞLADI: Gerçek veritabanı kontrol ediliyor...
2026-01-13 01:05:38,114 - [INFO] - 💤 Bekleyen talep yok.
2026-01-13 01:05:48,189 - [INFO] - 🕵️‍♂️ JOB BAŞLADI: Gerçek veritabanı kontrol ediliyor...
2026-01-13 01:05:48,191 - [INFO] - 💤 Bekleyen talep yok.
2026-01-13 01:05:58,269 - [INFO] - 🕵️‍♂️ JOB BAŞLADI: Gerçek veritabanı kontrol ediliyor...
2026-01-13 01:05:58,272 - [INFO] - 💤 Bekleyen talep yok.
2026-01-13 01:06:08,338 - [INFO] - 🕵️‍♂️ JOB BAŞLADI: Gerçek veritabanı kontrol ediliyor...
2026-01-13 01:06:08,340 - [INFO] - 💤 Bekleyen talep yok.
2026-01-13 01:06:18,412 - [INFO] - 🕵️‍♂️ JOB BAŞLADI: Gerçek veritabanı kontrol ediliyor...
2026-01-13 01:06:18,414 - [INFO] - 💤 Bekleyen talep yok.
2026-01-13 01:06:28,487 - [INFO] - 🕵️‍♂️ JOB BAŞLADI: Gerçek veritabanı kontrol ediliyor...
2026-01-13 01:06:28,490 - [INFO] - 💤 Bekleyen talep yok.
2026-01-13 01:06:38,572 - [INFO] - 🕵️‍♂️ JOB BAŞLADI: Gerçek veritabanı kontrol ediliyor...
2026-01-13 01:06:38,574 - [INFO] - 💤 Bekleyen talep yok.
2026-01-13 01:06:48,635 - [INFO] - 🕵️‍♂️ JOB BAŞLADI: Gerçek veritabanı kontrol ediliyor...
2026-01-13 01:06:48,637 - [INFO] - 💤 Bekleyen talep yok.
2026-01-13 01:06:58,703 - [INFO] - 🕵️‍♂️ JOB BAŞLADI: Gerçek veritabanı kontrol ediliyor...
2026-01-13 01:06:58,705 - [INFO] - 💤 Bekleyen talep yok.
2026-01-13 01:07:08,792 - [INFO] - 🕵️‍♂️ JOB BAŞLADI: Gerçek veritabanı kontrol ediliyor...
2026-01-13 01:07:08,795 - [INFO] - 💤 Bekleyen talep yok.
2026-01-13 01:07:18,866 - [INFO] - 🕵️‍♂️ JOB BAŞLADI: Gerçek veritabanı kontrol ediliyor...
2026-01-13 01:07:18,868 - [INFO] - 💤 Bekleyen talep yok.
2026-01-13 01:07:28,950 - [INFO] - 🕵️‍♂️ JOB BAŞLADI: Gerçek veritabanı kontrol ediliyor...
2026-01-13 01:07:28,952 - [INFO] - 💤 Bekleyen talep yok.
2026-01-13 01:07:39,020 - [INFO] - 🕵️‍♂️ JOB BAŞLADI: Gerçek veritabanı kontrol ediliyor...
2026-01-13 01:07:39,023 - [INFO] - 💤 Bekleyen talep yok.
2026-01-13 01:07:49,099 - [INFO] - 🕵️‍♂️ JOB BAŞLADI: Gerçek veritabanı kontrol ediliyor...
2026-01-13 01:07:49,102 - [INFO] - 💤 Bekleyen talep yok.
2026-01-13 01:07:59,184 - [INFO] - 🕵️‍♂️ JOB BAŞLADI: Gerçek veritabanı kontrol ediliyor...
2026-01-13 01:07:59,187 - [INFO] - 💤 Bekleyen talep yok.
2026-01-13 01:08:09,266 - [INFO] - 🕵️‍♂️ JOB BAŞLADI: Gerçek veritabanı kontrol ediliyor...
2026-01-13 01:08:09,268 - [INFO] - 💤 Bekleyen talep yok.
2026-01-13 01:08:19,352 - [INFO] - 🕵️‍♂️ JOB BAŞLADI: Gerçek veritabanı kontrol ediliyor...
2026-01-13 01:08:19,355 - [INFO] - 💤 Bekleyen talep yok.
2026-01-13 01:08:29,430 - [INFO] - 🕵️‍♂️ JOB BAŞLADI: Gerçek veritabanı kontrol ediliyor...
2026-01-13 01:08:29,431 - [INFO] - 💤 Bekleyen talep yok.
2026-01-13 01:08:39,508 - [INFO] - 🕵️‍♂️ JOB BAŞLADI: Gerçek veritabanı kontrol ediliyor...
2026-01-13 01:08:39,511 - [INFO] - 💤 Bekleyen talep yok.
2026-01-13 01:08:49,604 - [INFO] - 🕵️‍♂️ JOB BAŞLADI: Gerçek veritabanı kontrol ediliyor...
2026-01-13 01:08:49,607 - [INFO] - 💤 Bekleyen talep yok.
2026-01-13 01:08:59,682 - [INFO] - 🕵️‍♂️ JOB BAŞLADI: Gerçek veritabanı kontrol ediliyor...
2026-01-13 01:08:59,684 - [INFO] - 💤 Bekleyen talep yok.
2026-01-13 01:09:09,767 - [INFO] - 🕵️‍♂️ JOB BAŞLADI: Gerçek veritabanı kontrol ediliyor...
2026-01-13 01:09:09,769 - [INFO] - 💤 Bekleyen talep yok.
2026-01-13 01:09:19,838 - [INFO] - 🕵️‍♂️ JOB BAŞLADI: Gerçek veritabanı kontrol ediliyor...
2026-01-13 01:09:19,840 - [INFO] - 💤 Bekleyen talep yok.
2026-01-13 01:09:29,916 - [INFO] - 🕵️‍♂️ JOB BAŞLADI: Gerçek veritabanı kontrol ediliyor...
2026-01-13 01:09:29,917 - [INFO] - 💤 Bekleyen talep yok.
2026-01-13 01:09:39,998 - [INFO] - 🕵️‍♂️ JOB BAŞLADI: Gerçek veritabanı kontrol ediliyor...
2026-01-13 01:09:40,000 - [INFO] - 💤 Bekleyen talep yok.
2026-01-13 01:09:50,090 - [INFO] - 🕵️‍♂️ JOB BAŞLADI: Gerçek veritabanı kontrol ediliyor...
2026-01-13 01:09:50,092 - [INFO] - 💤 Bekleyen talep yok.
2026-01-13 01:10:00,173 - [INFO] - 🕵️‍♂️ JOB BAŞLADI: Gerçek veritabanı kontrol ediliyor...
2026-01-13 01:10:00,175 - [INFO] - 💤 Bekleyen talep yok.
2026-01-13 01:10:10,256 - [INFO] - 🕵️‍♂️ JOB BAŞLADI: Gerçek veritabanı kontrol ediliyor...
2026-01-13 01:10:10,258 - [INFO] - 💤 Bekleyen talep yok.
2026-01-13 01:10:20,316 - [INFO] - 🕵️‍♂️ JOB BAŞLADI: Gerçek veritabanı kontrol ediliyor...
2026-01-13 01:10:20,318 - [INFO] - 💤 Bekleyen talep yok.
2026-01-13 01:10:30,385 - [INFO] - 🕵️‍♂️ JOB BAŞLADI: Gerçek veritabanı kontrol ediliyor...
2026-01-13 01:10:30,388 - [INFO] - 💤 Bekleyen talep yok.
2026-01-13 01:10:40,468 - [INFO] - 🕵️‍♂️ JOB BAŞLADI: Gerçek veritabanı kontrol ediliyor...
2026-01-13 01:10:40,470 - [INFO] - 💤 Bekleyen talep yok.
2026-01-13 01:10:50,532 - [INFO] - 🕵️‍♂️ JOB BAŞLADI: Gerçek veritabanı kontrol ediliyor...
2026-01-13 01:10:50,534 - [INFO] - 💤 Bekleyen talep yok.
2026-01-13 01:11:00,614 - [INFO] - 🕵️‍♂️ JOB BAŞLADI: Gerçek veritabanı kontrol ediliyor...
2026-01-13 01:11:00,617 - [INFO] - 💤 Bekleyen talep yok.
2026-01-13 01:11:10,683 - [INFO] - 🕵️‍♂️ JOB BAŞLADI: Gerçek veritabanı kontrol ediliyor...
2026-01-13 01:11:10,686 - [INFO] - 💤 Bekleyen talep yok.
2026-01-13 01:11:20,719 - [INFO] - 🕵️‍♂️ JOB BAŞLADI: Gerçek veritabanı kontrol ediliyor...
2026-01-13 01:11:20,722 - [INFO] - 💤 Bekleyen talep yok.
2026-01-13 01:11:30,804 - [INFO] - 🕵️‍♂️ JOB BAŞLADI: Gerçek veritabanı kontrol ediliyor...
2026-01-13 01:11:30,807 - [INFO] - 💤 Bekleyen talep yok.
2026-01-13 01:11:40,892 - [INFO] - 🕵️‍♂️ JOB BAŞLADI: Gerçek veritabanı kontrol ediliyor...
2026-01-13 01:11:40,894 - [INFO] - 💤 Bekleyen talep yok.
2026-01-13 01:11:50,961 - [INFO] - 🕵️‍♂️ JOB BAŞLADI: Gerçek veritabanı kontrol ediliyor...
2026-01-13 01:11:50,964 - [INFO] - 💤 Bekleyen talep yok.
2026-01-13 01:12:01,037 - [INFO] - 🕵️‍♂️ JOB BAŞLADI: Gerçek veritabanı kontrol ediliyor...
2026-01-13 01:12:01,041 - [INFO] - 💤 Bekleyen talep yok.
2026-01-13 01:12:11,097 - [INFO] - 🕵️‍♂️ JOB BAŞLADI: Gerçek veritabanı kontrol ediliyor...
2026-01-13 01:12:11,099 - [INFO] - 💤 Bekleyen talep yok.
2026-01-13 01:12:21,169 - [INFO] - 🕵️‍♂️ JOB BAŞLADI: Gerçek veritabanı kontrol ediliyor...
2026-01-13 01:12:21,171 - [INFO] - 💤 Bekleyen talep yok.
2026-01-13 01:12:31,249 - [INFO] - 🕵️‍♂️ JOB BAŞLADI: Gerçek veritabanı kontrol ediliyor...
2026-01-13 01:12:31,250 - [INFO] - 💤 Bekleyen talep yok.
2026-01-13 01:12:41,340 - [INFO] - 🕵️‍♂️ JOB BAŞLADI: Gerçek veritabanı kontrol ediliyor...
2026-01-13 01:12:41,342 - [INFO] - 💤 Bekleyen talep yok.
2026-01-13 01:12:51,413 - [INFO] - 🕵️‍♂️ JOB BAŞLADI: Gerçek veritabanı kontrol ediliyor...
2026-01-13 01:12:51,416 - [INFO] - 💤 Bekleyen talep yok.
2026-01-13 01:13:01,490 - [INFO] - 🕵️‍♂️ JOB BAŞLADI: Gerçek veritabanı kontrol ediliyor...
2026-01-13 01:13:01,492 - [INFO] - 💤 Bekleyen talep yok.
2026-01-13 01:13:11,583 - [INFO] - 🕵️‍♂️ JOB BAŞLADI: Gerçek veritabanı kontrol ediliyor...
2026-01-13 01:13:11,586 - [INFO] - 💤 Bekleyen talep yok.
2026-01-13 01:13:21,662 - [INFO] - 🕵️‍♂️ JOB BAŞLADI: Gerçek veritabanı kontrol ediliyor...
2026-01-13 01:13:21,664 - [INFO] - 💤 Bekleyen talep yok.
2026-01-13 01:13:31,752 - [INFO] - 🕵️‍♂️ JOB BAŞLADI: Gerçek veritabanı kontrol ediliyor...
2026-01-13 01:13:31,754 - [INFO] - 💤 Bekleyen talep yok.
2026-01-13 01:13:41,842 - [INFO] - 🕵️‍♂️ JOB BAŞLADI: Gerçek veritabanı kontrol ediliyor...
2026-01-13 01:13:41,844 - [INFO] - 💤 Bekleyen talep yok.
2026-01-13 01:13:51,912 - [INFO] - 🕵️‍♂️ JOB BAŞLADI: Gerçek veritabanı kontrol ediliyor...
2026-01-13 01:13:51,914 - [INFO] - 💤 Bekleyen talep yok.
2026-01-13 01:14:01,982 - [INFO] - 🕵️‍♂️ JOB BAŞLADI: Gerçek veritabanı kontrol ediliyor...
2026-01-13 01:14:01,985 - [INFO] - 💤 Bekleyen talep yok.
2026-01-13 01:14:12,049 - [INFO] - 🕵️‍♂️ JOB BAŞLADI: Gerçek veritabanı kontrol ediliyor...
2026-01-13 01:14:12,051 - [INFO] - 💤 Bekleyen talep yok.
2026-01-13 01:14:22,136 - [INFO] - 🕵️‍♂️ JOB BAŞLADI: Gerçek veritabanı kontrol ediliyor...
2026-01-13 01:14:22,139 - [INFO] - 💤 Bekleyen talep yok.
2026-01-13 01:14:32,205 - [INFO] - 🕵️‍♂️ JOB BAŞLADI: Gerçek veritabanı kontrol ediliyor...
2026-01-13 01:14:32,208 - [INFO] - 💤 Bekleyen talep yok.
2026-01-13 01:14:42,267 - [INFO] - 🕵️‍♂️ JOB BAŞLADI: Gerçek veritabanı kontrol ediliyor...
2026-01-13 01:14:42,270 - [INFO] - 💤 Bekleyen talep yok.
2026-01-13 01:14:52,354 - [INFO] - 🕵️‍♂️ JOB BAŞLADI: Gerçek veritabanı kontrol ediliyor...
2026-01-13 01:14:52,355 - [INFO] - 💤 Bekleyen talep yok.
2026-01-13 01:15:02,414 - [INFO] - 🕵️‍♂️ JOB BAŞLADI: Gerçek veritabanı kontrol ediliyor...
2026-01-13 01:15:02,416 - [INFO] - 💤 Bekleyen talep yok.
2026-01-13 01:15:12,468 - [INFO] - 🕵️‍♂️ JOB BAŞLADI: Gerçek veritabanı kontrol ediliyor...
2026-01-13 01:15:12,470 - [INFO] - 💤 Bekleyen talep yok.
2026-01-13 01:15:22,542 - [INFO] - 🕵️‍♂️ JOB BAŞLADI: Gerçek veritabanı kontrol ediliyor...
2026-01-13 01:15:22,544 - [INFO] - 💤 Bekleyen talep yok.
2026-01-13 01:15:32,635 - [INFO] - 🕵️‍♂️ JOB BAŞLADI: Gerçek veritabanı kontrol ediliyor...
2026-01-13 01:15:32,637 - [INFO] - 💤 Bekleyen talep yok.
2026-01-13 01:15:42,720 - [INFO] - 🕵️‍♂️ JOB BAŞLADI: Gerçek veritabanı kontrol ediliyor...
2026-01-13 01:15:42,722 - [INFO] - 💤 Bekleyen talep yok.
2026-01-13 01:15:52,792 - [INFO] - 🕵️‍♂️ JOB BAŞLADI: Gerçek veritabanı kontrol ediliyor...
2026-01-13 01:15:52,795 - [INFO] - 💤 Bekleyen talep yok.
2026-01-13 01:16:02,857 - [INFO] - 🕵️‍♂️ JOB BAŞLADI: Gerçek veritabanı kontrol ediliyor...
2026-01-13 01:16:02,859 - [INFO] - 💤 Bekleyen talep yok.
2026-01-13 01:16:12,940 - [INFO] - 🕵️‍♂️ JOB BAŞLADI: Gerçek veritabanı kontrol ediliyor...
2026-01-13 01:16:12,942 - [INFO] - 💤 Bekleyen talep yok.
2026-01-13 01:16:23,021 - [INFO] - 🕵️‍♂️ JOB BAŞLADI: Gerçek veritabanı kontrol ediliyor...
2026-01-13 01:16:23,024 - [INFO] - 💤 Bekleyen talep yok.
2026-01-13 01:16:33,104 - [INFO] - 🕵️‍♂️ JOB BAŞLADI: Gerçek veritabanı kontrol ediliyor...
2026-01-13 01:16:33,106 - [INFO] - 💤 Bekleyen talep yok.
2026-01-13 01:16:43,174 - [INFO] - 🕵️‍♂️ JOB BAŞLADI: Gerçek veritabanı kontrol ediliyor...
2026-01-13 01:16:43,177 - [INFO] - 💤 Bekleyen talep yok.
2026-01-13 01:16:53,243 - [INFO] - 🕵️‍♂️ JOB BAŞLADI: Gerçek veritabanı kontrol ediliyor...
2026-01-13 01:16:53,245 - [INFO] - 💤 Bekleyen talep yok.
2026-01-13 01:17:03,312 - [INFO] - 🕵️‍♂️ JOB BAŞLADI: Gerçek veritabanı kontrol ediliyor...
2026-01-13 01:17:03,315 - [INFO] - 💤 Bekleyen talep yok.
2026-01-13 01:17:13,407 - [INFO] - 🕵️‍♂️ JOB BAŞLADI: Gerçek veritabanı kontrol ediliyor...
2026-01-13 01:17:13,409 - [INFO] - 💤 Bekleyen talep yok.
2026-01-13 01:17:23,471 - [INFO] - 🕵️‍♂️ JOB BAŞLADI: Gerçek veritabanı kontrol ediliyor...
2026-01-13 01:17:23,473 - [INFO] - 💤 Bekleyen talep yok.
2026-01-13 01:17:33,557 - [INFO] - 🕵️‍♂️ JOB BAŞLADI: Gerçek veritabanı kontrol ediliyor...
2026-01-13 01:17:33,560 - [INFO] - 💤 Bekleyen talep yok.
2026-01-13 01:17:43,634 - [INFO] - 🕵️‍♂️ JOB BAŞLADI: Gerçek veritabanı kontrol ediliyor...
2026-01-13 01:17:43,636 - [INFO] - 💤 Bekleyen talep yok.
2026-01-13 01:17:53,718 - [INFO] - 🕵️‍♂️ JOB BAŞLADI: Gerçek veritabanı kontrol ediliyor...
2026-01-13 01:17:53,721 - [INFO] - 💤 Bekleyen talep yok.
2026-01-13 01:18:03,785 - [INFO] - 🕵️‍♂️ JOB BAŞLADI: Gerçek veritabanı kontrol ediliyor...
2026-01-13 01:18:03,787 - [INFO] - 💤 Bekleyen talep yok.
2026-01-13 01:18:13,877 - [INFO] - 🕵️‍♂️ JOB BAŞLADI: Gerçek veritabanı kontrol ediliyor...
2026-01-13 01:18:13,879 - [INFO] - 💤 Bekleyen talep yok.
2026-01-13 01:18:23,946 - [INFO] - 🕵️‍♂️ JOB BAŞLADI: Gerçek veritabanı kontrol ediliyor...
2026-01-13 01:18:23,949 - [INFO] - 💤 Bekleyen talep yok.
2026-01-13 01:18:34,031 - [INFO] - 🕵️‍♂️ JOB BAŞLADI: Gerçek veritabanı kontrol ediliyor...
2026-01-13 01:18:34,033 - [INFO] - 💤 Bekleyen talep yok.
2026-01-13 01:18:44,105 - [INFO] - 🕵️‍♂️ JOB BAŞLADI: Gerçek veritabanı kontrol ediliyor...
2026-01-13 01:18:44,107 - [INFO] - 💤 Bekleyen talep yok.
2026-01-13 01:18:54,182 - [INFO] - 🕵️‍♂️ JOB BAŞLADI: Gerçek veritabanı kontrol ediliyor...
2026-01-13 01:18:54,184 - [INFO] - 💤 Bekleyen talep yok.
2026-01-13 01:19:04,266 - [INFO] - 🕵️‍♂️ JOB BAŞLADI: Gerçek veritabanı kontrol ediliyor...
2026-01-13 01:19:04,268 - [INFO] - 💤 Bekleyen talep yok.
2026-01-13 01:19:14,326 - [INFO] - 🕵️‍♂️ JOB BAŞLADI: Gerçek veritabanı kontrol ediliyor...
2026-01-13 01:19:14,328 - [INFO] - 💤 Bekleyen talep yok.
2026-01-13 01:19:24,389 - [INFO] - 🕵️‍♂️ JOB BAŞLADI: Gerçek veritabanı kontrol ediliyor...
2026-01-13 01:19:24,392 - [INFO] - 💤 Bekleyen talep yok.
2026-01-13 01:19:34,459 - [INFO] - 🕵️‍♂️ JOB BAŞLADI: Gerçek veritabanı kontrol ediliyor...
2026-01-13 01:19:34,460 - [INFO] - 💤 Bekleyen talep yok.
2026-01-13 01:19:44,543 - [INFO] - 🕵️‍♂️ JOB BAŞLADI: Gerçek veritabanı kontrol ediliyor...
2026-01-13 01:19:44,546 - [INFO] - 💤 Bekleyen talep yok.
2026-01-13 01:19:54,612 - [INFO] - 🕵️‍♂️ JOB BAŞLADI: Gerçek veritabanı kontrol ediliyor...
2026-01-13 01:19:54,614 - [INFO] - 💤 Bekleyen talep yok.
2026-01-13 01:20:04,677 - [INFO] - 🕵️‍♂️ JOB BAŞLADI: Gerçek veritabanı kontrol ediliyor...
2026-01-13 01:20:04,680 - [INFO] - 💤 Bekleyen talep yok.
2026-01-13 01:20:14,753 - [INFO] - 🕵️‍♂️ JOB BAŞLADI: Gerçek veritabanı kontrol ediliyor...
2026-01-13 01:20:14,756 - [INFO] - 💤 Bekleyen talep yok.
2026-01-13 01:20:24,807 - [INFO] - 🕵️‍♂️ JOB BAŞLADI: Gerçek veritabanı kontrol ediliyor...
2026-01-13 01:20:24,809 - [INFO] - 💤 Bekleyen talep yok.
2026-01-13 01:20:34,894 - [INFO] - 🕵️‍♂️ JOB BAŞLADI: Gerçek veritabanı kontrol ediliyor...
2026-01-13 01:20:34,896 - [INFO] - 💤 Bekleyen talep yok.
2026-01-13 01:20:44,976 - [INFO] - 🕵️‍♂️ JOB BAŞLADI: Gerçek veritabanı kontrol ediliyor...
2026-01-13 01:20:44,978 - [INFO] - 💤 Bekleyen talep yok.
2026-01-13 01:20:55,064 - [INFO] - 🕵️‍♂️ JOB BAŞLADI: Gerçek veritabanı kontrol ediliyor...
2026-01-13 01:20:55,067 - [INFO] - 💤 Bekleyen talep yok.
2026-01-13 01:21:05,148 - [INFO] - 🕵️‍♂️ JOB BAŞLADI: Gerçek veritabanı kontrol ediliyor...
2026-01-13 01:21:05,150 - [INFO] - 💤 Bekleyen talep yok.
2026-01-13 01:21:15,216 - [INFO] - 🕵️‍♂️ JOB BAŞLADI: Gerçek veritabanı kontrol ediliyor...
2026-01-13 01:21:15,218 - [INFO] - 💤 Bekleyen talep yok.
2026-01-13 01:21:25,301 - [INFO] - 🕵️‍♂️ JOB BAŞLADI: Gerçek veritabanı kontrol ediliyor...
2026-01-13 01:21:25,303 - [INFO] - 💤 Bekleyen talep yok.
2026-01-13 01:21:35,365 - [INFO] - 🕵️‍♂️ JOB BAŞLADI: Gerçek veritabanı kontrol ediliyor...
2026-01-13 01:21:35,367 - [INFO] - 💤 Bekleyen talep yok.
2026-01-13 01:21:45,456 - [INFO] - 🕵️‍♂️ JOB BAŞLADI: Gerçek veritabanı kontrol ediliyor...
2026-01-13 01:21:45,458 - [INFO] - 💤 Bekleyen talep yok.
2026-01-13 01:21:55,525 - [INFO] - 🕵️‍♂️ JOB BAŞLADI: Gerçek veritabanı kontrol ediliyor...
2026-01-13 01:21:55,528 - [INFO] - 💤 Bekleyen talep yok.
2026-01-13 01:22:05,584 - [INFO] - 🕵️‍♂️ JOB BAŞLADI: Gerçek veritabanı kontrol ediliyor...
2026-01-13 01:22:05,586 - [INFO] - 💤 Bekleyen talep yok.
2026-01-13 01:22:15,660 - [INFO] - 🕵️‍♂️ JOB BAŞLADI: Gerçek veritabanı kontrol ediliyor...
2026-01-13 01:22:15,663 - [INFO] - 💤 Bekleyen talep yok.
2026-01-13 01:22:25,734 - [INFO] - 🕵️‍♂️ JOB BAŞLADI: Gerçek veritabanı kontrol ediliyor...
2026-01-13 01:22:25,736 - [INFO] - 💤 Bekleyen talep yok.
2026-01-13 01:22:35,824 - [INFO] - 🕵️‍♂️ JOB BAŞLADI: Gerçek veritabanı kontrol ediliyor...
2026-01-13 01:22:35,826 - [INFO] - 💤 Bekleyen talep yok.
2026-01-13 01:22:45,914 - [INFO] - 🕵️‍♂️ JOB BAŞLADI: Gerçek veritabanı kontrol ediliyor...
2026-01-13 01:22:45,917 - [INFO] - 💤 Bekleyen talep yok.
2026-01-13 01:22:55,981 - [INFO] - 🕵️‍♂️ JOB BAŞLADI: Gerçek veritabanı kontrol ediliyor...
2026-01-13 01:22:55,983 - [INFO] - 💤 Bekleyen talep yok.
2026-01-13 01:23:06,055 - [INFO] - 🕵️‍♂️ JOB BAŞLADI: Gerçek veritabanı kontrol ediliyor...
2026-01-13 01:23:06,057 - [INFO] - 💤 Bekleyen talep yok.
2026-01-13 01:23:16,130 - [INFO] - 🕵️‍♂️ JOB BAŞLADI: Gerçek veritabanı kontrol ediliyor...
2026-01-13 01:23:16,132 - [INFO] - 💤 Bekleyen talep yok.
2026-01-13 01:23:26,213 - [INFO] - 🕵️‍♂️ JOB BAŞLADI: Gerçek veritabanı kontrol ediliyor...
2026-01-13 01:23:26,215 - [INFO] - 💤 Bekleyen talep yok.
2026-01-13 01:23:36,282 - [INFO] - 🕵️‍♂️ JOB BAŞLADI: Gerçek veritabanı kontrol ediliyor...
2026-01-13 01:23:36,284 - [INFO] - 💤 Bekleyen talep yok.
2026-01-13 01:23:46,352 - [INFO] - 🕵️‍♂️ JOB BAŞLADI: Gerçek veritabanı kontrol ediliyor...
2026-01-13 01:23:46,355 - [INFO] - 💤 Bekleyen talep yok.
2026-01-13 01:23:56,431 - [INFO] - 🕵️‍♂️ JOB BAŞLADI: Gerçek veritabanı kontrol ediliyor...
2026-01-13 01:23:56,434 - [INFO] - 💤 Bekleyen talep yok.
2026-01-13 01:24:06,492 - [INFO] - 🕵️‍♂️ JOB BAŞLADI: Gerçek veritabanı kontrol ediliyor...
2026-01-13 01:24:06,494 - [INFO] - 💤 Bekleyen talep yok.
2026-01-13 01:24:16,576 - [INFO] - 🕵️‍♂️ JOB BAŞLADI: Gerçek veritabanı kontrol ediliyor...
2026-01-13 01:24:16,579 - [INFO] - 💤 Bekleyen talep yok.
2026-01-13 01:24:26,660 - [INFO] - 🕵️‍♂️ JOB BAŞLADI: Gerçek veritabanı kontrol ediliyor...
2026-01-13 01:24:26,663 - [INFO] - 💤 Bekleyen talep yok.
2026-01-13 01:24:36,740 - [INFO] - 🕵️‍♂️ JOB BAŞLADI: Gerçek veritabanı kontrol ediliyor...
2026-01-13 01:24:36,742 - [INFO] - 💤 Bekleyen talep yok.
2026-01-13 01:24:46,817 - [INFO] - 🕵️‍♂️ JOB BAŞLADI: Gerçek veritabanı kontrol ediliyor...
2026-01-13 01:24:46,820 - [INFO] - 💤 Bekleyen talep yok.
2026-01-13 01:24:56,899 - [INFO] - 🕵️‍♂️ JOB BAŞLADI: Gerçek veritabanı kontrol ediliyor...
2026-01-13 01:24:56,901 - [INFO] - 💤 Bekleyen talep yok.
2026-01-13 01:25:06,968 - [INFO] - 🕵️‍♂️ JOB BAŞLADI: Gerçek veritabanı kontrol ediliyor...
2026-01-13 01:25:06,970 - [INFO] - 💤 Bekleyen talep yok.
2026-01-13 01:25:17,061 - [INFO] - 🕵️‍♂️ JOB BAŞLADI: Gerçek veritabanı kontrol ediliyor...
2026-01-13 01:25:17,063 - [INFO] - 💤 Bekleyen talep yok.
2026-01-13 01:25:27,134 - [INFO] - 🕵️‍♂️ JOB BAŞLADI: Gerçek veritabanı kontrol ediliyor...
2026-01-13 01:25:27,136 - [INFO] - 💤 Bekleyen talep yok.
2026-01-13 01:25:37,214 - [INFO] - 🕵️‍♂️ JOB BAŞLADI: Gerçek veritabanı kontrol ediliyor...
2026-01-13 01:25:37,217 - [INFO] - 💤 Bekleyen talep yok.
2026-01-13 01:25:47,300 - [INFO] - 🕵️‍♂️ JOB BAŞLADI: Gerçek veritabanı kontrol ediliyor...
2026-01-13 01:25:47,303 - [INFO] - 💤 Bekleyen talep yok.
2026-01-13 01:25:57,380 - [INFO] - 🕵️‍♂️ JOB BAŞLADI: Gerçek veritabanı kontrol ediliyor...
2026-01-13 01:25:57,384 - [INFO] - 💤 Bekleyen talep yok.
2026-01-13 01:26:07,465 - [INFO] - 🕵️‍♂️ JOB BAŞLADI: Gerçek veritabanı kontrol ediliyor...
2026-01-13 01:26:07,467 - [INFO] - 💤 Bekleyen talep yok.
2026-01-13 01:26:17,540 - [INFO] - 🕵️‍♂️ JOB BAŞLADI: Gerçek veritabanı kontrol ediliyor...
2026-01-13 01:26:17,542 - [INFO] - 💤 Bekleyen talep yok.
2026-01-13 01:26:27,588 - [INFO] - 🕵️‍♂️ JOB BAŞLADI: Gerçek veritabanı kontrol ediliyor...
2026-01-13 01:26:27,591 - [INFO] - 💤 Bekleyen talep yok.
2026-01-13 01:26:37,665 - [INFO] - 🕵️‍♂️ JOB BAŞLADI: Gerçek veritabanı kontrol ediliyor...
2026-01-13 01:26:37,667 - [INFO] - 💤 Bekleyen talep yok.
2026-01-13 01:26:47,748 - [INFO] - 🕵️‍♂️ JOB BAŞLADI: Gerçek veritabanı kontrol ediliyor...
2026-01-13 01:26:47,751 - [INFO] - 💤 Bekleyen talep yok.
2026-01-13 01:26:57,796 - [INFO] - 🕵️‍♂️ JOB BAŞLADI: Gerçek veritabanı kontrol ediliyor...
2026-01-13 01:26:57,798 - [INFO] - 💤 Bekleyen talep yok.
2026-01-13 01:31:50,773 - [INFO] - 🕵️‍♂️ JOB BAŞLADI: Gerçek veritabanı kontrol ediliyor...
2026-01-13 01:31:50,780 - [INFO] - 💤 Bekleyen talep yok.
2026-01-13 01:42:21,368 - [INFO] - 🕵️‍♂️ JOB BAŞLADI: Gerçek veritabanı kontrol ediliyor...
2026-01-13 01:42:21,369 - [INFO] - 💤 Bekleyen talep yok.
2026-01-13 01:59:22,692 - [INFO] - 🕵️‍♂️ JOB BAŞLADI: Gerçek veritabanı kontrol ediliyor...
2026-01-13 01:59:22,693 - [INFO] - 💤 Bekleyen talep yok.
2026-01-13 02:16:32,432 - [INFO] - 🕵️‍♂️ JOB BAŞLADI: Gerçek veritabanı kontrol ediliyor...
2026-01-13 02:16:32,433 - [INFO] - 💤 Bekleyen talep yok.
2026-01-13 02:33:49,145 - [INFO] - 🕵️‍♂️ JOB BAŞLADI: Gerçek veritabanı kontrol ediliyor...
2026-01-13 02:33:49,147 - [INFO] - 💤 Bekleyen talep yok.
2026-01-13 02:51:14,918 - [INFO] - 🕵️‍♂️ JOB BAŞLADI: Gerçek veritabanı kontrol ediliyor...
2026-01-13 02:51:14,981 - [INFO] - 💤 Bekleyen talep yok.
2026-01-13 03:08:11,731 - [INFO] - 🕵️‍♂️ JOB BAŞLADI: Gerçek veritabanı kontrol ediliyor...
2026-01-13 03:08:11,732 - [INFO] - 💤 Bekleyen talep yok.
2026-01-13 03:25:41,453 - [INFO] - 🕵️‍♂️ JOB BAŞLADI: Gerçek veritabanı kontrol ediliyor...
2026-01-13 03:25:41,454 - [INFO] - 💤 Bekleyen talep yok.
2026-01-13 03:42:31,185 - [INFO] - 🕵️‍♂️ JOB BAŞLADI: Gerçek veritabanı kontrol ediliyor...
2026-01-13 03:42:31,186 - [INFO] - 💤 Bekleyen talep yok.
2026-01-13 03:58:12,906 - [INFO] - 🕵️‍♂️ JOB BAŞLADI: Gerçek veritabanı kontrol ediliyor...
2026-01-13 03:58:12,907 - [INFO] - 💤 Bekleyen talep yok.
2026-01-13 04:14:36,633 - [INFO] - 🕵️‍♂️ JOB BAŞLADI: Gerçek veritabanı kontrol ediliyor...
2026-01-13 04:14:36,634 - [INFO] - 💤 Bekleyen talep yok.
2026-01-13 04:32:26,335 - [INFO] - 🕵️‍♂️ JOB BAŞLADI: Gerçek veritabanı kontrol ediliyor...
2026-01-13 04:32:26,336 - [INFO] - 💤 Bekleyen talep yok.
2026-01-13 04:50:17,066 - [INFO] - 🕵️‍♂️ JOB BAŞLADI: Gerçek veritabanı kontrol ediliyor...
2026-01-13 04:50:17,067 - [INFO] - 💤 Bekleyen talep yok.
2026-01-13 04:58:40,443 - [INFO] - 🕵️‍♂️ JOB BAŞLADI: Gerçek veritabanı kontrol ediliyor...
2026-01-13 04:58:40,444 - [INFO] - 💤 Bekleyen talep yok.
2026-01-13 04:58:54,665 - [INFO] - 🕵️‍♂️ JOB BAŞLADI: Gerçek veritabanı kontrol ediliyor...
2026-01-13 04:58:54,666 - [INFO] - 💤 Bekleyen talep yok.
2026-01-13 05:16:41,880 - [INFO] - 🕵️‍♂️ JOB BAŞLADI: Gerçek veritabanı kontrol ediliyor...
2026-01-13 05:16:41,881 - [INFO] - 💤 Bekleyen talep yok.
2026-01-13 05:34:00,606 - [INFO] - 🕵️‍♂️ JOB BAŞLADI: Gerçek veritabanı kontrol ediliyor...
2026-01-13 05:34:00,608 - [INFO] - 💤 Bekleyen talep yok.
2026-01-13 05:50:54,331 - [INFO] - 🕵️‍♂️ JOB BAŞLADI: Gerçek veritabanı kontrol ediliyor...
2026-01-13 05:50:54,333 - [INFO] - 💤 Bekleyen talep yok.
2026-01-13 06:06:00,036 - [INFO] - 🕵️‍♂️ JOB BAŞLADI: Gerçek veritabanı kontrol ediliyor...
2026-01-13 06:06:00,037 - [INFO] - 💤 Bekleyen talep yok.
2026-01-13 06:23:25,853 - [INFO] - 🕵️‍♂️ JOB BAŞLADI: Gerçek veritabanı kontrol ediliyor...
2026-01-13 06:23:25,921 - [INFO] - 💤 Bekleyen talep yok.
2026-01-13 06:40:31,664 - [INFO] - 🕵️‍♂️ JOB BAŞLADI: Gerçek veritabanı kontrol ediliyor...
2026-01-13 06:40:31,665 - [INFO] - 💤 Bekleyen talep yok.
2026-01-13 06:55:34,399 - [INFO] - 🕵️‍♂️ JOB BAŞLADI: Gerçek veritabanı kontrol ediliyor...
2026-01-13 06:55:34,400 - [INFO] - 💤 Bekleyen talep yok.
2026-01-13 07:11:04,103 - [INFO] - 🕵️‍♂️ JOB BAŞLADI: Gerçek veritabanı kontrol ediliyor...
2026-01-13 07:11:04,105 - [INFO] - 💤 Bekleyen talep yok.
2026-01-13 07:26:43,840 - [INFO] - 🕵️‍♂️ JOB BAŞLADI: Gerçek veritabanı kontrol ediliyor...
2026-01-13 07:26:43,841 - [INFO] - 💤 Bekleyen talep yok.
2026-01-13 07:44:07,575 - [INFO] - 🕵️‍♂️ JOB BAŞLADI: Gerçek veritabanı kontrol ediliyor...
2026-01-13 07:44:07,577 - [INFO] - 💤 Bekleyen talep yok.
2026-01-13 08:01:00,295 - [INFO] - 🕵️‍♂️ JOB BAŞLADI: Gerçek veritabanı kontrol ediliyor...
2026-01-13 08:01:00,296 - [INFO] - 💤 Bekleyen talep yok.
2026-01-13 08:15:52,003 - [INFO] - 🕵️‍♂️ JOB BAŞLADI: Gerçek veritabanı kontrol ediliyor...
2026-01-13 08:15:52,005 - [INFO] - 💤 Bekleyen talep yok.
2026-01-13 08:33:38,485 - [INFO] - 🕵️‍♂️ JOB BAŞLADI: Gerçek veritabanı kontrol ediliyor...
2026-01-13 08:33:38,487 - [INFO] - 💤 Bekleyen talep yok.
2026-01-13 08:34:15,880 - [INFO] - 🕵️‍♂️ JOB BAŞLADI: Gerçek veritabanı kontrol ediliyor...
2026-01-13 08:34:15,881 - [INFO] - 💤 Bekleyen talep yok.
2026-01-13 08:35:48,657 - [INFO] - 🕵️‍♂️ JOB BAŞLADI: Gerçek veritabanı kontrol ediliyor...
2026-01-13 08:35:48,719 - [INFO] - 💤 Bekleyen talep yok.
2026-01-13 08:36:42,304 - [INFO] - 🕵️‍♂️ JOB BAŞLADI: Gerçek veritabanı kontrol ediliyor...
2026-01-13 08:36:42,304 - [INFO] - 💤 Bekleyen talep yok.
2026-01-13 08:49:23,665 - [INFO] - 🕵️‍♂️ JOB BAŞLADI: Gerçek veritabanı kontrol ediliyor...
2026-01-13 08:49:23,665 - [INFO] - 💤 Bekleyen talep yok.
2026-01-13 09:06:47,175 - [INFO] - 🕵️‍♂️ JOB BAŞLADI: Gerçek veritabanı kontrol ediliyor...
2026-01-13 09:06:47,176 - [INFO] - 💤 Bekleyen talep yok.
2026-01-13 09:22:14,923 - [INFO] - 🕵️‍♂️ JOB BAŞLADI: Gerçek veritabanı kontrol ediliyor...
2026-01-13 09:22:14,923 - [INFO] - 💤 Bekleyen talep yok.
2026-01-13 09:39:05,787 - [INFO] - 🕵️‍♂️ JOB BAŞLADI: Gerçek veritabanı kontrol ediliyor...
2026-01-13 09:39:05,849 - [INFO] - 💤 Bekleyen talep yok.
2026-01-13 09:54:19,570 - [INFO] - 🕵️‍♂️ JOB BAŞLADI: Gerçek veritabanı kontrol ediliyor...
2026-01-13 09:54:19,571 - [INFO] - 💤 Bekleyen talep yok.
2026-01-13 09:55:21,313 - [INFO] - 🕵️‍♂️ JOB BAŞLADI: Gerçek veritabanı kontrol ediliyor...
2026-01-13 09:55:21,314 - [INFO] - 💤 Bekleyen talep yok.
2026-01-13 10:11:19,779 - [INFO] - 🕵️‍♂️ JOB BAŞLADI: Gerçek veritabanı kontrol ediliyor...
2026-01-13 10:11:19,780 - [INFO] - 💤 Bekleyen talep yok.
2026-01-13 10:15:36,163 - [INFO] - 🕵️‍♂️ JOB BAŞLADI: Gerçek veritabanı kontrol ediliyor...
2026-01-13 10:15:36,168 - [INFO] - 💤 Bekleyen talep yok.
2026-01-13 10:16:51,777 - [INFO] - 🕵️‍♂️ JOB BAŞLADI: Gerçek veritabanı kontrol ediliyor...
2026-01-13 10:16:51,777 - [INFO] - 💤 Bekleyen talep yok.
2026-01-13 10:34:45,853 - [INFO] - 🕵️‍♂️ JOB BAŞLADI: Gerçek veritabanı kontrol ediliyor...
2026-01-13 10:34:45,854 - [INFO] - 💤 Bekleyen talep yok.
2026-01-13 10:39:14,176 - [INFO] - 🕵️‍♂️ JOB BAŞLADI: Gerçek veritabanı kontrol ediliyor...
2026-01-13 10:39:14,177 - [INFO] - 💤 Bekleyen talep yok.
2026-01-13 10:53:09,756 - [INFO] - 🕵️‍♂️ JOB BAŞLADI: Gerçek veritabanı kontrol ediliyor...
2026-01-13 10:53:09,759 - [INFO] - 💤 Bekleyen talep yok.
2026-01-13 11:10:03,817 - [INFO] - 🕵️‍♂️ JOB BAŞLADI: Gerçek veritabanı kontrol ediliyor...
2026-01-13 11:10:03,817 - [INFO] - 💤 Bekleyen talep yok.
2026-01-13 11:17:52,593 - [INFO] - 🕵️‍♂️ JOB BAŞLADI: Gerçek veritabanı kontrol ediliyor...
2026-01-13 11:17:52,599 - [INFO] - 💤 Bekleyen talep yok.
2026-01-13 11:35:47,313 - [INFO] - 🕵️‍♂️ JOB BAŞLADI: Gerçek veritabanı kontrol ediliyor...
2026-01-13 11:35:47,314 - [INFO] - 💤 Bekleyen talep yok.
2026-01-13 11:52:44,073 - [INFO] - 🕵️‍♂️ JOB BAŞLADI: Gerçek veritabanı kontrol ediliyor...
2026-01-13 11:52:44,076 - [INFO] - 💤 Bekleyen talep yok.
2026-01-13 12:07:49,769 - [INFO] - 🕵️‍♂️ JOB BAŞLADI: Gerçek veritabanı kontrol ediliyor...
2026-01-13 12:07:49,770 - [INFO] - 💤 Bekleyen talep yok.
2026-01-13 12:12:32,869 - [INFO] - 🕵️‍♂️ JOB BAŞLADI: Gerçek veritabanı kontrol ediliyor...
2026-01-13 12:12:32,870 - [INFO] - 💤 Bekleyen talep yok.
2026-01-13 12:13:03,665 - [INFO] - 🕵️‍♂️ JOB BAŞLADI: Gerçek veritabanı kontrol ediliyor...
2026-01-13 12:13:03,666 - [INFO] - 💤 Bekleyen talep yok.
2026-01-13 12:18:52,275 - [INFO] - 🕵️‍♂️ JOB BAŞLADI: Gerçek veritabanı kontrol ediliyor...
2026-01-13 12:18:52,276 - [INFO] - 💤 Bekleyen talep yok.
2026-01-13 12:34:49,152 - [INFO] - 🕵️‍♂️ JOB BAŞLADI: Gerçek veritabanı kontrol ediliyor...
2026-01-13 12:34:49,154 - [INFO] - 💤 Bekleyen talep yok.
2026-01-13 12:49:55,859 - [INFO] - 🕵️‍♂️ JOB BAŞLADI: Gerçek veritabanı kontrol ediliyor...
2026-01-13 12:49:55,861 - [INFO] - 💤 Bekleyen talep yok.
2026-01-13 12:52:08,855 - [INFO] - 🕵️‍♂️ JOB BAŞLADI: Gerçek veritabanı kontrol ediliyor...
2026-01-13 12:52:08,856 - [INFO] - 💤 Bekleyen talep yok.
2026-01-13 12:52:24,859 - [INFO] - 🕵️‍♂️ JOB BAŞLADI: Gerçek veritabanı kontrol ediliyor...
2026-01-13 12:52:24,861 - [INFO] - 💤 Bekleyen talep yok.
2026-01-13 12:52:39,480 - [INFO] - 🕵️‍♂️ JOB BAŞLADI: Gerçek veritabanı kontrol ediliyor...
2026-01-13 12:52:39,483 - [INFO] - 💤 Bekleyen talep yok.
2026-01-13 12:56:10,228 - [INFO] - 🕵️‍♂️ JOB BAŞLADI: Gerçek veritabanı kontrol ediliyor...
2026-01-13 12:56:10,230 - [INFO] - 💤 Bekleyen talep yok.
2026-01-13 12:56:20,300 - [INFO] - 🕵️‍♂️ JOB BAŞLADI: Gerçek veritabanı kontrol ediliyor...
2026-01-13 12:56:20,302 - [INFO] - 💤 Bekleyen talep yok.
2026-01-13 12:56:30,377 - [INFO] - 🕵️‍♂️ JOB BAŞLADI: Gerçek veritabanı kontrol ediliyor...
2026-01-13 12:56:30,383 - [INFO] - 💤 Bekleyen talep yok.
2026-01-13 12:56:40,448 - [INFO] - 🕵️‍♂️ JOB BAŞLADI: Gerçek veritabanı kontrol ediliyor...
2026-01-13 12:56:40,450 - [INFO] - 💤 Bekleyen talep yok.
2026-01-13 12:56:50,497 - [INFO] - 🕵️‍♂️ JOB BAŞLADI: Gerçek veritabanı kontrol ediliyor...
2026-01-13 12:56:50,500 - [INFO] - 💤 Bekleyen talep yok.
2026-01-13 12:57:00,574 - [INFO] - 🕵️‍♂️ JOB BAŞLADI: Gerçek veritabanı kontrol ediliyor...
2026-01-13 12:57:00,577 - [INFO] - 💤 Bekleyen talep yok.
2026-01-13 12:57:10,650 - [INFO] - 🕵️‍♂️ JOB BAŞLADI: Gerçek veritabanı kontrol ediliyor...
2026-01-13 12:57:10,653 - [INFO] - 💤 Bekleyen talep yok.
2026-01-13 12:57:20,728 - [INFO] - 🕵️‍♂️ JOB BAŞLADI: Gerçek veritabanı kontrol ediliyor...
2026-01-13 12:57:20,731 - [INFO] - 💤 Bekleyen talep yok.
2026-01-13 12:57:30,806 - [INFO] - 🕵️‍♂️ JOB BAŞLADI: Gerçek veritabanı kontrol ediliyor...
2026-01-13 12:57:30,809 - [INFO] - 💤 Bekleyen talep yok.
2026-01-13 12:57:40,885 - [INFO] - 🕵️‍♂️ JOB BAŞLADI: Gerçek veritabanı kontrol ediliyor...
2026-01-13 12:57:40,888 - [INFO] - 💤 Bekleyen talep yok.
2026-01-13 12:57:50,958 - [INFO] - 🕵️‍♂️ JOB BAŞLADI: Gerçek veritabanı kontrol ediliyor...
2026-01-13 12:57:50,960 - [INFO] - 💤 Bekleyen talep yok.
2026-01-13 12:58:01,020 - [INFO] - 🕵️‍♂️ JOB BAŞLADI: Gerçek veritabanı kontrol ediliyor...
2026-01-13 12:58:01,022 - [INFO] - 💤 Bekleyen talep yok.
2026-01-13 12:58:11,072 - [INFO] - 🕵️‍♂️ JOB BAŞLADI: Gerçek veritabanı kontrol ediliyor...
2026-01-13 12:58:11,074 - [INFO] - 💤 Bekleyen talep yok.
2026-01-13 13:03:45,616 - [INFO] - 🕵️‍♂️ JOB BAŞLADI: Gerçek veritabanı kontrol ediliyor...
2026-01-13 13:03:45,619 - [INFO] - 💤 Bekleyen talep yok.
2026-01-13 13:04:05,235 - [INFO] - 🕵️‍♂️ JOB BAŞLADI: Gerçek veritabanı kontrol ediliyor...
2026-01-13 13:04:05,238 - [INFO] - 💤 Bekleyen talep yok.
2026-01-13 13:04:15,306 - [INFO] - 🕵️‍♂️ JOB BAŞLADI: Gerçek veritabanı kontrol ediliyor...
2026-01-13 13:04:15,310 - [INFO] - 💤 Bekleyen talep yok.
2026-01-13 13:05:02,346 - [INFO] - 🕵️‍♂️ JOB BAŞLADI: Gerçek veritabanı kontrol ediliyor...
2026-01-13 13:05:02,350 - [INFO] - 💤 Bekleyen talep yok.
2026-01-13 13:05:12,427 - [INFO] - 🕵️‍♂️ JOB BAŞLADI: Gerçek veritabanı kontrol ediliyor...
2026-01-13 13:05:12,430 - [INFO] - 💤 Bekleyen talep yok.
2026-01-13 13:05:22,648 - [INFO] - 🕵️‍♂️ JOB BAŞLADI: Gerçek veritabanı kontrol ediliyor...
2026-01-13 13:05:22,650 - [INFO] - 💤 Bekleyen talep yok.
2026-01-13 13:19:51,780 - [INFO] - 🕵️‍♂️ JOB BAŞLADI: Gerçek veritabanı kontrol ediliyor...
2026-01-13 13:19:51,785 - [INFO] - 💤 Bekleyen talep yok.
2026-01-13 13:35:59,721 - [INFO] - 🕵️‍♂️ JOB BAŞLADI: Gerçek veritabanı kontrol ediliyor...
2026-01-13 13:35:59,722 - [INFO] - 💤 Bekleyen talep yok.
2026-01-13 13:51:10,505 - [INFO] - 🕵️‍♂️ JOB BAŞLADI: Gerçek veritabanı kontrol ediliyor...
2026-01-13 13:51:10,506 - [INFO] - 💤 Bekleyen talep yok.
2026-01-13 14:09:02,237 - [INFO] - 🕵️‍♂️ JOB BAŞLADI: Gerçek veritabanı kontrol ediliyor...
2026-01-13 14:09:02,237 - [INFO] - 💤 Bekleyen talep yok.
2026-01-13 14:20:51,987 - [INFO] - 🕵️‍♂️ JOB BAŞLADI: Gerçek veritabanı kontrol ediliyor...
2026-01-13 14:20:51,990 - [INFO] - 💤 Bekleyen talep yok.
2026-01-13 14:36:59,432 - [INFO] - 🕵️‍♂️ JOB BAŞLADI: Gerçek veritabanı kontrol ediliyor...
2026-01-13 14:36:59,438 - [INFO] - 💤 Bekleyen talep yok.
2026-01-13 14:48:51,789 - [INFO] - 🕵️‍♂️ JOB BAŞLADI: Gerçek veritabanı kontrol ediliyor...
2026-01-13 14:48:51,791 - [INFO] - 💤 Bekleyen talep yok.
2026-01-13 14:52:27,080 - [INFO] - 🕵️‍♂️ JOB BAŞLADI: Gerçek veritabanı kontrol ediliyor...
2026-01-13 14:52:27,082 - [INFO] - 💤 Bekleyen talep yok.
2026-01-13 15:08:37,386 - [INFO] - 🕵️‍♂️ JOB BAŞLADI: Gerçek veritabanı kontrol ediliyor...
2026-01-13 15:08:37,388 - [INFO] - 💤 Bekleyen talep yok.
2026-01-13 15:21:52,129 - [INFO] - 🕵️‍♂️ JOB BAŞLADI: Gerçek veritabanı kontrol ediliyor...
2026-01-13 15:21:52,131 - [INFO] - 💤 Bekleyen talep yok.
2026-01-13 15:23:45,538 - [INFO] - 🕵️‍♂️ JOB BAŞLADI: Gerçek veritabanı kontrol ediliyor...
2026-01-13 15:23:45,540 - [INFO] - 💤 Bekleyen talep yok.
2026-01-13 15:23:55,601 - [INFO] - 🕵️‍♂️ JOB BAŞLADI: Gerçek veritabanı kontrol ediliyor...
2026-01-13 15:23:55,603 - [INFO] - 💤 Bekleyen talep yok.
2026-01-13 15:24:05,693 - [INFO] - 🕵️‍♂️ JOB BAŞLADI: Gerçek veritabanı kontrol ediliyor...
2026-01-13 15:24:05,695 - [INFO] - 💤 Bekleyen talep yok.
2026-01-13 15:24:15,786 - [INFO] - 🕵️‍♂️ JOB BAŞLADI: Gerçek veritabanı kontrol ediliyor...
2026-01-13 15:24:15,788 - [INFO] - 💤 Bekleyen talep yok.
2026-01-13 15:24:25,855 - [INFO] - 🕵️‍♂️ JOB BAŞLADI: Gerçek veritabanı kontrol ediliyor...
2026-01-13 15:24:25,857 - [INFO] - 💤 Bekleyen talep yok.
2026-01-13 15:24:35,935 - [INFO] - 🕵️‍♂️ JOB BAŞLADI: Gerçek veritabanı kontrol ediliyor...
2026-01-13 15:24:35,938 - [INFO] - 💤 Bekleyen talep yok.
2026-01-13 15:24:46,024 - [INFO] - 🕵️‍♂️ JOB BAŞLADI: Gerçek veritabanı kontrol ediliyor...
2026-01-13 15:24:46,025 - [INFO] - 💤 Bekleyen talep yok.
2026-01-13 15:24:56,100 - [INFO] - 🕵️‍♂️ JOB BAŞLADI: Gerçek veritabanı kontrol ediliyor...
2026-01-13 15:24:56,103 - [INFO] - 💤 Bekleyen talep yok.
2026-01-13 15:25:06,166 - [INFO] - 🕵️‍♂️ JOB BAŞLADI: Gerçek veritabanı kontrol ediliyor...
2026-01-13 15:25:06,169 - [INFO] - 💤 Bekleyen talep yok.
2026-01-13 15:25:16,243 - [INFO] - 🕵️‍♂️ JOB BAŞLADI: Gerçek veritabanı kontrol ediliyor...
2026-01-13 15:25:16,245 - [INFO] - 💤 Bekleyen talep yok.
2026-01-13 15:25:26,314 - [INFO] - 🕵️‍♂️ JOB BAŞLADI: Gerçek veritabanı kontrol ediliyor...
2026-01-13 15:25:26,316 - [INFO] - 💤 Bekleyen talep yok.
2026-01-13 15:25:36,381 - [INFO] - 🕵️‍♂️ JOB BAŞLADI: Gerçek veritabanı kontrol ediliyor...
2026-01-13 15:25:36,384 - [INFO] - 💤 Bekleyen talep yok.
2026-01-13 15:25:46,451 - [INFO] - 🕵️‍♂️ JOB BAŞLADI: Gerçek veritabanı kontrol ediliyor...
2026-01-13 15:25:46,452 - [INFO] - 💤 Bekleyen talep yok.
2026-01-13 15:42:01,292 - [INFO] - 🕵️‍♂️ JOB BAŞLADI: Gerçek veritabanı kontrol ediliyor...
2026-01-13 15:42:01,294 - [INFO] - 💤 Bekleyen talep yok.
2026-01-13 15:59:24,057 - [INFO] - 🕵️‍♂️ JOB BAŞLADI: Gerçek veritabanı kontrol ediliyor...
2026-01-13 15:59:24,059 - [INFO] - 💤 Bekleyen talep yok.
2026-01-13 16:17:04,786 - [INFO] - 🕵️‍♂️ JOB BAŞLADI: Gerçek veritabanı kontrol ediliyor...
2026-01-13 16:17:04,786 - [INFO] - 💤 Bekleyen talep yok.
2026-01-13 16:22:52,550 - [INFO] - 🕵️‍♂️ JOB BAŞLADI: Gerçek veritabanı kontrol ediliyor...
2026-01-13 16:22:52,552 - [INFO] - 💤 Bekleyen talep yok.
2026-01-13 16:25:04,870 - [INFO] - 🕵️‍♂️ JOB BAŞLADI: Gerçek veritabanı kontrol ediliyor...
2026-01-13 16:25:04,871 - [INFO] - 💤 Bekleyen talep yok.
2026-01-13 16:26:56,898 - [INFO] - 🕵️‍♂️ JOB BAŞLADI: Gerçek veritabanı kontrol ediliyor...
2026-01-13 16:26:56,899 - [INFO] - 💤 Bekleyen talep yok.
2026-01-13 16:27:07,735 - [INFO] - 🕵️‍♂️ JOB BAŞLADI: Gerçek veritabanı kontrol ediliyor...
2026-01-13 16:27:07,737 - [INFO] - 💤 Bekleyen talep yok.
2026-01-13 16:42:12,989 - [INFO] - 🕵️‍♂️ JOB BAŞLADI: Gerçek veritabanı kontrol ediliyor...
2026-01-13 16:42:12,996 - [INFO] - 💤 Bekleyen talep yok.
2026-01-13 16:59:28,736 - [INFO] - 🕵️‍♂️ JOB BAŞLADI: Gerçek veritabanı kontrol ediliyor...
2026-01-13 16:59:28,736 - [INFO] - 💤 Bekleyen talep yok.
2026-01-13 17:01:13,133 - [INFO] - 🕵️‍♂️ JOB BAŞLADI: Gerçek veritabanı kontrol ediliyor...
2026-01-13 17:01:13,133 - [INFO] - 💤 Bekleyen talep yok.
2026-01-13 17:17:15,773 - [INFO] - 🕵️‍♂️ JOB BAŞLADI: Gerçek veritabanı kontrol ediliyor...
2026-01-13 17:17:15,774 - [INFO] - 💤 Bekleyen talep yok.
2026-01-13 17:23:52,538 - [INFO] - 🕵️‍♂️ JOB BAŞLADI: Gerçek veritabanı kontrol ediliyor...
2026-01-13 17:23:52,543 - [INFO] - 💤 Bekleyen talep yok.
2026-01-13 17:41:02,648 - [INFO] - 🕵️‍♂️ JOB BAŞLADI: Gerçek veritabanı kontrol ediliyor...
2026-01-13 17:41:02,649 - [INFO] - 💤 Bekleyen talep yok.
2026-01-13 17:58:03,411 - [INFO] - 🕵️‍♂️ JOB BAŞLADI: Gerçek veritabanı kontrol ediliyor...
2026-01-13 17:58:03,412 - [INFO] - 💤 Bekleyen talep yok.
2026-01-13 18:08:21,160 - [INFO] - 🕵️‍♂️ JOB BAŞLADI: Gerçek veritabanı kontrol ediliyor...
2026-01-13 18:08:21,162 - [INFO] - 💤 Bekleyen talep yok.
2026-01-13 18:24:52,081 - [INFO] - 🕵️‍♂️ JOB BAŞLADI: Gerçek veritabanı kontrol ediliyor...
2026-01-13 18:24:52,082 - [INFO] - 💤 Bekleyen talep yok.
2026-01-13 18:30:31,537 - [INFO] - 🕵️‍♂️ JOB BAŞLADI: Gerçek veritabanı kontrol ediliyor...
2026-01-13 18:30:31,538 - [INFO] - 💤 Bekleyen talep yok.
2026-01-13 18:30:41,611 - [INFO] - 🕵️‍♂️ JOB BAŞLADI: Gerçek veritabanı kontrol ediliyor...
2026-01-13 18:30:41,614 - [INFO] - 💤 Bekleyen talep yok.
2026-01-13 18:30:53,776 - [INFO] - 🕵️‍♂️ JOB BAŞLADI: Gerçek veritabanı kontrol ediliyor...
2026-01-13 18:30:53,777 - [INFO] - 💤 Bekleyen talep yok.
2026-01-13 18:31:03,847 - [INFO] - 🕵️‍♂️ JOB BAŞLADI: Gerçek veritabanı kontrol ediliyor...
2026-01-13 18:31:03,850 - [INFO] - 💤 Bekleyen talep yok.
2026-01-13 18:46:12,277 - [INFO] - 🕵️‍♂️ JOB BAŞLADI: Gerçek veritabanı kontrol ediliyor...
2026-01-13 18:46:12,279 - [INFO] - 💤 Bekleyen talep yok.
2026-01-13 18:49:51,874 - [INFO] - 🕵️‍♂️ JOB BAŞLADI: Gerçek veritabanı kontrol ediliyor...
2026-01-13 18:49:51,876 - [INFO] - 💤 Bekleyen talep yok.
2026-01-13 18:50:01,956 - [INFO] - 🕵️‍♂️ JOB BAŞLADI: Gerçek veritabanı kontrol ediliyor...
2026-01-13 18:50:01,959 - [INFO] - 💤 Bekleyen talep yok.
2026-01-13 18:50:12,052 - [INFO] - 🕵️‍♂️ JOB BAŞLADI: Gerçek veritabanı kontrol ediliyor...
2026-01-13 18:50:12,054 - [INFO] - 💤 Bekleyen talep yok.
2026-01-13 18:50:22,132 - [INFO] - 🕵️‍♂️ JOB BAŞLADI: Gerçek veritabanı kontrol ediliyor...
2026-01-13 18:50:22,134 - [INFO] - 💤 Bekleyen talep yok.
2026-01-13 18:50:32,212 - [INFO] - 🕵️‍♂️ JOB BAŞLADI: Gerçek veritabanı kontrol ediliyor...
2026-01-13 18:50:32,214 - [INFO] - 💤 Bekleyen talep yok.
2026-01-13 18:50:42,280 - [INFO] - 🕵️‍♂️ JOB BAŞLADI: Gerçek veritabanı kontrol ediliyor...
2026-01-13 18:50:42,282 - [INFO] - 💤 Bekleyen talep yok.
2026-01-13 18:50:52,373 - [INFO] - 🕵️‍♂️ JOB BAŞLADI: Gerçek veritabanı kontrol ediliyor...
2026-01-13 18:50:52,375 - [INFO] - 💤 Bekleyen talep yok.
2026-01-13 18:51:02,449 - [INFO] - 🕵️‍♂️ JOB BAŞLADI: Gerçek veritabanı kontrol ediliyor...
2026-01-13 18:51:02,451 - [INFO] - 💤 Bekleyen talep yok.
2026-01-13 18:51:12,523 - [INFO] - 🕵️‍♂️ JOB BAŞLADI: Gerçek veritabanı kontrol ediliyor...
2026-01-13 18:51:12,525 - [INFO] - 💤 Bekleyen talep yok.
2026-01-13 18:51:22,580 - [INFO] - 🕵️‍♂️ JOB BAŞLADI: Gerçek veritabanı kontrol ediliyor...
2026-01-13 18:51:22,582 - [INFO] - 💤 Bekleyen talep yok.
2026-01-13 18:51:32,668 - [INFO] - 🕵️‍♂️ JOB BAŞLADI: Gerçek veritabanı kontrol ediliyor...
2026-01-13 18:51:32,671 - [INFO] - 💤 Bekleyen talep yok.
2026-01-13 18:51:42,747 - [INFO] - 🕵️‍♂️ JOB BAŞLADI: Gerçek veritabanı kontrol ediliyor...
2026-01-13 18:51:42,749 - [INFO] - 💤 Bekleyen talep yok.
2026-01-13 18:51:52,827 - [INFO] - 🕵️‍♂️ JOB BAŞLADI: Gerçek veritabanı kontrol ediliyor...
2026-01-13 18:51:52,829 - [INFO] - 💤 Bekleyen talep yok.
2026-01-13 18:59:28,042 - [INFO] - 🕵️‍♂️ JOB BAŞLADI: Gerçek veritabanı kontrol ediliyor...
2026-01-13 18:59:28,042 - [INFO] - 💤 Bekleyen talep yok.
2026-01-13 18:59:38,082 - [INFO] - 🕵️‍♂️ JOB BAŞLADI: Gerçek veritabanı kontrol ediliyor...
2026-01-13 18:59:38,084 - [INFO] - 💤 Bekleyen talep yok.
2026-01-13 18:59:48,107 - [INFO] - 🕵️‍♂️ JOB BAŞLADI: Gerçek veritabanı kontrol ediliyor...
2026-01-13 18:59:48,110 - [INFO] - 💤 Bekleyen talep yok.
2026-01-13 18:59:58,151 - [INFO] - 🕵️‍♂️ JOB BAŞLADI: Gerçek veritabanı kontrol ediliyor...
2026-01-13 18:59:58,153 - [INFO] - 💤 Bekleyen talep yok.
2026-01-13 19:00:08,184 - [INFO] - 🕵️‍♂️ JOB BAŞLADI: Gerçek veritabanı kontrol ediliyor...
2026-01-13 19:00:08,187 - [INFO] - 💤 Bekleyen talep yok.
2026-01-13 19:00:18,219 - [INFO] - 🕵️‍♂️ JOB BAŞLADI: Gerçek veritabanı kontrol ediliyor...
2026-01-13 19:00:18,223 - [INFO] - 💤 Bekleyen talep yok.
2026-01-13 19:00:28,255 - [INFO] - 🕵️‍♂️ JOB BAŞLADI: Gerçek veritabanı kontrol ediliyor...
2026-01-13 19:00:28,258 - [INFO] - 💤 Bekleyen talep yok.
2026-01-13 19:00:38,284 - [INFO] - 🕵️‍♂️ JOB BAŞLADI: Gerçek veritabanı kontrol ediliyor...
2026-01-13 19:00:38,287 - [INFO] - 💤 Bekleyen talep yok.
2026-01-13 19:00:48,319 - [INFO] - 🕵️‍♂️ JOB BAŞLADI: Gerçek veritabanı kontrol ediliyor...
2026-01-13 19:00:48,321 - [INFO] - 💤 Bekleyen talep yok.
2026-01-13 19:00:58,356 - [INFO] - 🕵️‍♂️ JOB BAŞLADI: Gerçek veritabanı kontrol ediliyor...
2026-01-13 19:00:58,358 - [INFO] - 💤 Bekleyen talep yok.
2026-01-13 19:01:08,385 - [INFO] - 🕵️‍♂️ JOB BAŞLADI: Gerçek veritabanı kontrol ediliyor...
2026-01-13 19:01:08,387 - [INFO] - 💤 Bekleyen talep yok.
2026-01-13 19:01:18,424 - [INFO] - 🕵️‍♂️ JOB BAŞLADI: Gerçek veritabanı kontrol ediliyor...
2026-01-13 19:01:18,426 - [INFO] - 💤 Bekleyen talep yok.
2026-01-13 19:01:28,459 - [INFO] - 🕵️‍♂️ JOB BAŞLADI: Gerçek veritabanı kontrol ediliyor...
2026-01-13 19:01:28,461 - [INFO] - 💤 Bekleyen talep yok.
2026-01-13 19:01:38,495 - [INFO] - 🕵️‍♂️ JOB BAŞLADI: Gerçek veritabanı kontrol ediliyor...
2026-01-13 19:01:38,496 - [INFO] - 💤 Bekleyen talep yok.
2026-01-13 19:01:48,535 - [INFO] - 🕵️‍♂️ JOB BAŞLADI: Gerçek veritabanı kontrol ediliyor...
2026-01-13 19:01:48,538 - [INFO] - 💤 Bekleyen talep yok.
2026-01-13 19:01:58,572 - [INFO] - 🕵️‍♂️ JOB BAŞLADI: Gerçek veritabanı kontrol ediliyor...
2026-01-13 19:01:58,574 - [INFO] - 💤 Bekleyen talep yok.
2026-01-13 19:02:08,608 - [INFO] - 🕵️‍♂️ JOB BAŞLADI: Gerçek veritabanı kontrol ediliyor...
2026-01-13 19:02:08,610 - [INFO] - 💤 Bekleyen talep yok.
2026-01-13 19:02:18,650 - [INFO] - 🕵️‍♂️ JOB BAŞLADI: Gerçek veritabanı kontrol ediliyor...
2026-01-13 19:02:18,651 - [INFO] - 💤 Bekleyen talep yok.
2026-01-13 19:02:28,684 - [INFO] - 🕵️‍♂️ JOB BAŞLADI: Gerçek veritabanı kontrol ediliyor...
2026-01-13 19:02:28,686 - [INFO] - 💤 Bekleyen talep yok.
2026-01-13 19:02:38,719 - [INFO] - 🕵️‍♂️ JOB BAŞLADI: Gerçek veritabanı kontrol ediliyor...
2026-01-13 19:02:38,721 - [INFO] - 💤 Bekleyen talep yok.
2026-01-13 19:02:48,770 - [INFO] - 🕵️‍♂️ JOB BAŞLADI: Gerçek veritabanı kontrol ediliyor...
2026-01-13 19:02:48,773 - [INFO] - 💤 Bekleyen talep yok.
2026-01-13 19:02:58,806 - [INFO] - 🕵️‍♂️ JOB BAŞLADI: Gerçek veritabanı kontrol ediliyor...
2026-01-13 19:02:58,808 - [INFO] - 💤 Bekleyen talep yok.
2026-01-13 19:03:08,849 - [INFO] - 🕵️‍♂️ JOB BAŞLADI: Gerçek veritabanı kontrol ediliyor...
2026-01-13 19:03:08,852 - [INFO] - 💤 Bekleyen talep yok.
2026-01-13 19:03:18,890 - [INFO] - 🕵️‍♂️ JOB BAŞLADI: Gerçek veritabanı kontrol ediliyor...
2026-01-13 19:03:18,893 - [INFO] - 💤 Bekleyen talep yok.
2026-01-13 19:03:28,913 - [INFO] - 🕵️‍♂️ JOB BAŞLADI: Gerçek veritabanı kontrol ediliyor...
2026-01-13 19:03:28,914 - [INFO] - 💤 Bekleyen talep yok.
2026-01-13 19:03:38,959 - [INFO] - 🕵️‍♂️ JOB BAŞLADI: Gerçek veritabanı kontrol ediliyor...
2026-01-13 19:03:38,961 - [INFO] - 💤 Bekleyen talep yok.
2026-01-13 19:03:49,013 - [INFO] - 🕵️‍♂️ JOB BAŞLADI: Gerçek veritabanı kontrol ediliyor...
2026-01-13 19:03:49,015 - [INFO] - 💤 Bekleyen talep yok.
2026-01-13 19:03:59,051 - [INFO] - 🕵️‍♂️ JOB BAŞLADI: Gerçek veritabanı kontrol ediliyor...
2026-01-13 19:03:59,054 - [INFO] - 💤 Bekleyen talep yok.
2026-01-13 19:04:09,098 - [INFO] - 🕵️‍♂️ JOB BAŞLADI: Gerçek veritabanı kontrol ediliyor...
2026-01-13 19:04:09,100 - [INFO] - 💤 Bekleyen talep yok.
2026-01-13 19:04:19,144 - [INFO] - 🕵️‍♂️ JOB BAŞLADI: Gerçek veritabanı kontrol ediliyor...
2026-01-13 19:04:19,146 - [INFO] - 💤 Bekleyen talep yok.
2026-01-13 19:04:29,178 - [INFO] - 🕵️‍♂️ JOB BAŞLADI: Gerçek veritabanı kontrol ediliyor...
2026-01-13 19:04:29,180 - [INFO] - 💤 Bekleyen talep yok.
2026-01-13 19:04:39,219 - [INFO] - 🕵️‍♂️ JOB BAŞLADI: Gerçek veritabanı kontrol ediliyor...
2026-01-13 19:04:39,221 - [INFO] - 💤 Bekleyen talep yok.
2026-01-13 19:04:49,253 - [INFO] - 🕵️‍♂️ JOB BAŞLADI: Gerçek veritabanı kontrol ediliyor...
2026-01-13 19:04:49,256 - [INFO] - 💤 Bekleyen talep yok.
2026-01-13 19:04:59,299 - [INFO] - 🕵️‍♂️ JOB BAŞLADI: Gerçek veritabanı kontrol ediliyor...
2026-01-13 19:04:59,302 - [INFO] - 💤 Bekleyen talep yok.
2026-01-13 19:05:09,338 - [INFO] - 🕵️‍♂️ JOB BAŞLADI: Gerçek veritabanı kontrol ediliyor...
2026-01-13 19:05:09,339 - [INFO] - 💤 Bekleyen talep yok.
2026-01-13 19:05:19,386 - [INFO] - 🕵️‍♂️ JOB BAŞLADI: Gerçek veritabanı kontrol ediliyor...
2026-01-13 19:05:19,388 - [INFO] - 💤 Bekleyen talep yok.
2026-01-13 19:05:29,434 - [INFO] - 🕵️‍♂️ JOB BAŞLADI: Gerçek veritabanı kontrol ediliyor...
2026-01-13 19:05:29,437 - [INFO] - 💤 Bekleyen talep yok.
2026-01-13 19:05:39,484 - [INFO] - 🕵️‍♂️ JOB BAŞLADI: Gerçek veritabanı kontrol ediliyor...
2026-01-13 19:05:39,486 - [INFO] - 💤 Bekleyen talep yok.
2026-01-13 19:05:49,519 - [INFO] - 🕵️‍♂️ JOB BAŞLADI: Gerçek veritabanı kontrol ediliyor...
2026-01-13 19:05:49,521 - [INFO] - 💤 Bekleyen talep yok.
2026-01-13 19:05:59,558 - [INFO] - 🕵️‍♂️ JOB BAŞLADI: Gerçek veritabanı kontrol ediliyor...
2026-01-13 19:05:59,560 - [INFO] - 💤 Bekleyen talep yok.
2026-01-13 19:06:09,588 - [INFO] - 🕵️‍♂️ JOB BAŞLADI: Gerçek veritabanı kontrol ediliyor...
2026-01-13 19:06:09,590 - [INFO] - 💤 Bekleyen talep yok.
2026-01-13 19:06:19,633 - [INFO] - 🕵️‍♂️ JOB BAŞLADI: Gerçek veritabanı kontrol ediliyor...
2026-01-13 19:06:19,635 - [INFO] - 💤 Bekleyen talep yok.
2026-01-13 19:06:29,672 - [INFO] - 🕵️‍♂️ JOB BAŞLADI: Gerçek veritabanı kontrol ediliyor...
2026-01-13 19:06:29,674 - [INFO] - 💤 Bekleyen talep yok.
2026-01-13 19:06:39,719 - [INFO] - 🕵️‍♂️ JOB BAŞLADI: Gerçek veritabanı kontrol ediliyor...
2026-01-13 19:06:39,721 - [INFO] - 💤 Bekleyen talep yok.
2026-01-13 19:06:49,754 - [INFO] - 🕵️‍♂️ JOB BAŞLADI: Gerçek veritabanı kontrol ediliyor...
2026-01-13 19:06:49,755 - [INFO] - 💤 Bekleyen talep yok.
2026-01-13 19:06:59,800 - [INFO] - 🕵️‍♂️ JOB BAŞLADI: Gerçek veritabanı kontrol ediliyor...
2026-01-13 19:06:59,804 - [INFO] - 💤 Bekleyen talep yok.
2026-01-13 19:07:09,847 - [INFO] - 🕵️‍♂️ JOB BAŞLADI: Gerçek veritabanı kontrol ediliyor...
2026-01-13 19:07:09,849 - [INFO] - 💤 Bekleyen talep yok.
2026-01-13 19:07:19,882 - [INFO] - 🕵️‍♂️ JOB BAŞLADI: Gerçek veritabanı kontrol ediliyor...
2026-01-13 19:07:19,884 - [INFO] - 💤 Bekleyen talep yok.
2026-01-13 19:07:29,925 - [INFO] - 🕵️‍♂️ JOB BAŞLADI: Gerçek veritabanı kontrol ediliyor...
2026-01-13 19:07:29,927 - [INFO] - 💤 Bekleyen talep yok.
2026-01-13 19:07:39,962 - [INFO] - 🕵️‍♂️ JOB BAŞLADI: Gerçek veritabanı kontrol ediliyor...
2026-01-13 19:07:39,964 - [INFO] - 💤 Bekleyen talep yok.
2026-01-13 19:07:50,001 - [INFO] - 🕵️‍♂️ JOB BAŞLADI: Gerçek veritabanı kontrol ediliyor...
2026-01-13 19:07:50,004 - [INFO] - 💤 Bekleyen talep yok.
2026-01-13 19:08:00,041 - [INFO] - 🕵️‍♂️ JOB BAŞLADI: Gerçek veritabanı kontrol ediliyor...
2026-01-13 19:08:00,044 - [INFO] - 💤 Bekleyen talep yok.
2026-01-13 19:08:10,077 - [INFO] - 🕵️‍♂️ JOB BAŞLADI: Gerçek veritabanı kontrol ediliyor...
2026-01-13 19:08:10,078 - [INFO] - 💤 Bekleyen talep yok.
2026-01-13 19:08:20,113 - [INFO] - 🕵️‍♂️ JOB BAŞLADI: Gerçek veritabanı kontrol ediliyor...
2026-01-13 19:08:20,115 - [INFO] - 💤 Bekleyen talep yok.
2026-01-13 19:08:30,146 - [INFO] - 🕵️‍♂️ JOB BAŞLADI: Gerçek veritabanı kontrol ediliyor...
2026-01-13 19:08:30,149 - [INFO] - 💤 Bekleyen talep yok.
2026-01-13 19:08:40,180 - [INFO] - 🕵️‍♂️ JOB BAŞLADI: Gerçek veritabanı kontrol ediliyor...
2026-01-13 19:08:40,183 - [INFO] - 💤 Bekleyen talep yok.
2026-01-13 19:08:50,218 - [INFO] - 🕵️‍♂️ JOB BAŞLADI: Gerçek veritabanı kontrol ediliyor...
2026-01-13 19:08:50,220 - [INFO] - 💤 Bekleyen talep yok.
2026-01-13 19:09:00,262 - [INFO] - 🕵️‍♂️ JOB BAŞLADI: Gerçek veritabanı kontrol ediliyor...
2026-01-13 19:09:00,264 - [INFO] - 💤 Bekleyen talep yok.
2026-01-13 19:09:10,305 - [INFO] - 🕵️‍♂️ JOB BAŞLADI: Gerçek veritabanı kontrol ediliyor...
2026-01-13 19:09:10,308 - [INFO] - 💤 Bekleyen talep yok.
2026-01-13 19:09:20,350 - [INFO] - 🕵️‍♂️ JOB BAŞLADI: Gerçek veritabanı kontrol ediliyor...
2026-01-13 19:09:20,352 - [INFO] - 💤 Bekleyen talep yok.
2026-01-13 19:09:30,414 - [INFO] - 🕵️‍♂️ JOB BAŞLADI: Gerçek veritabanı kontrol ediliyor...
2026-01-13 19:09:30,417 - [INFO] - 💤 Bekleyen talep yok.
2026-01-13 19:09:40,484 - [INFO] - 🕵️‍♂️ JOB BAŞLADI: Gerçek veritabanı kontrol ediliyor...
2026-01-13 19:09:40,486 - [INFO] - 💤 Bekleyen talep yok.
2026-01-13 19:09:50,532 - [INFO] - 🕵️‍♂️ JOB BAŞLADI: Gerçek veritabanı kontrol ediliyor...
2026-01-13 19:09:50,534 - [INFO] - 💤 Bekleyen talep yok.
2026-01-13 19:10:00,579 - [INFO] - 🕵️‍♂️ JOB BAŞLADI: Gerçek veritabanı kontrol ediliyor...
2026-01-13 19:10:00,582 - [INFO] - 💤 Bekleyen talep yok.
2026-01-13 19:10:10,650 - [INFO] - 🕵️‍♂️ JOB BAŞLADI: Gerçek veritabanı kontrol ediliyor...
2026-01-13 19:10:10,651 - [INFO] - 💤 Bekleyen talep yok.
2026-01-13 19:10:20,717 - [INFO] - 🕵️‍♂️ JOB BAŞLADI: Gerçek veritabanı kontrol ediliyor...
2026-01-13 19:10:20,720 - [INFO] - 💤 Bekleyen talep yok.
2026-01-13 19:10:30,776 - [INFO] - 🕵️‍♂️ JOB BAŞLADI: Gerçek veritabanı kontrol ediliyor...
2026-01-13 19:10:30,777 - [INFO] - 💤 Bekleyen talep yok.
2026-01-13 19:10:40,830 - [INFO] - 🕵️‍♂️ JOB BAŞLADI: Gerçek veritabanı kontrol ediliyor...
2026-01-13 19:10:40,832 - [INFO] - 💤 Bekleyen talep yok.
2026-01-13 19:10:50,899 - [INFO] - 🕵️‍♂️ JOB BAŞLADI: Gerçek veritabanı kontrol ediliyor...
2026-01-13 19:10:50,902 - [INFO] - 💤 Bekleyen talep yok.
2026-01-13 19:11:00,959 - [INFO] - 🕵️‍♂️ JOB BAŞLADI: Gerçek veritabanı kontrol ediliyor...
2026-01-13 19:11:00,961 - [INFO] - 💤 Bekleyen talep yok.
2026-01-13 19:11:11,032 - [INFO] - 🕵️‍♂️ JOB BAŞLADI: Gerçek veritabanı kontrol ediliyor...
2026-01-13 19:11:11,034 - [INFO] - 💤 Bekleyen talep yok.
2026-01-13 19:11:21,103 - [INFO] - 🕵️‍♂️ JOB BAŞLADI: Gerçek veritabanı kontrol ediliyor...
2026-01-13 19:11:21,104 - [INFO] - 💤 Bekleyen talep yok.
2026-01-13 19:11:31,158 - [INFO] - 🕵️‍♂️ JOB BAŞLADI: Gerçek veritabanı kontrol ediliyor...
2026-01-13 19:11:31,160 - [INFO] - 💤 Bekleyen talep yok.
2026-01-13 19:11:41,199 - [INFO] - 🕵️‍♂️ JOB BAŞLADI: Gerçek veritabanı kontrol ediliyor...
2026-01-13 19:11:41,201 - [INFO] - 💤 Bekleyen talep yok.
2026-01-13 19:11:51,249 - [INFO] - 🕵️‍♂️ JOB BAŞLADI: Gerçek veritabanı kontrol ediliyor...
2026-01-13 19:11:51,251 - [INFO] - 💤 Bekleyen talep yok.
2026-01-13 19:12:01,281 - [INFO] - 🕵️‍♂️ JOB BAŞLADI: Gerçek veritabanı kontrol ediliyor...
2026-01-13 19:12:01,283 - [INFO] - 💤 Bekleyen talep yok.
2026-01-13 19:12:11,327 - [INFO] - 🕵️‍♂️ JOB BAŞLADI: Gerçek veritabanı kontrol ediliyor...
2026-01-13 19:12:11,330 - [INFO] - 💤 Bekleyen talep yok.
2026-01-13 19:12:21,369 - [INFO] - 🕵️‍♂️ JOB BAŞLADI: Gerçek veritabanı kontrol ediliyor...
2026-01-13 19:12:21,371 - [INFO] - 💤 Bekleyen talep yok.
2026-01-13 19:12:31,421 - [INFO] - 🕵️‍♂️ JOB BAŞLADI: Gerçek veritabanı kontrol ediliyor...
2026-01-13 19:12:31,423 - [INFO] - 💤 Bekleyen talep yok.
2026-01-13 19:12:41,466 - [INFO] - 🕵️‍♂️ JOB BAŞLADI: Gerçek veritabanı kontrol ediliyor...
2026-01-13 19:12:41,468 - [INFO] - 💤 Bekleyen talep yok.
2026-01-13 19:12:51,511 - [INFO] - 🕵️‍♂️ JOB BAŞLADI: Gerçek veritabanı kontrol ediliyor...
2026-01-13 19:12:51,513 - [INFO] - 💤 Bekleyen talep yok.
2026-01-13 19:13:01,557 - [INFO] - 🕵️‍♂️ JOB BAŞLADI: Gerçek veritabanı kontrol ediliyor...
2026-01-13 19:13:01,559 - [INFO] - 💤 Bekleyen talep yok.
2026-01-13 19:13:11,592 - [INFO] - 🕵️‍♂️ JOB BAŞLADI: Gerçek veritabanı kontrol ediliyor...
2026-01-13 19:13:11,594 - [INFO] - 💤 Bekleyen talep yok.
2026-01-13 19:13:21,624 - [INFO] - 🕵️‍♂️ JOB BAŞLADI: Gerçek veritabanı kontrol ediliyor...
2026-01-13 19:13:21,626 - [INFO] - 💤 Bekleyen talep yok.
2026-01-13 19:13:31,663 - [INFO] - 🕵️‍♂️ JOB BAŞLADI: Gerçek veritabanı kontrol ediliyor...
2026-01-13 19:13:31,665 - [INFO] - 💤 Bekleyen talep yok.
2026-01-13 19:13:41,719 - [INFO] - 🕵️‍♂️ JOB BAŞLADI: Gerçek veritabanı kontrol ediliyor...
2026-01-13 19:13:41,723 - [INFO] - 💤 Bekleyen talep yok.
2026-01-13 19:13:51,809 - [INFO] - 🕵️‍♂️ JOB BAŞLADI: Gerçek veritabanı kontrol ediliyor...
2026-01-13 19:13:51,811 - [INFO] - 💤 Bekleyen talep yok.
2026-01-13 19:14:01,895 - [INFO] - 🕵️‍♂️ JOB BAŞLADI: Gerçek veritabanı kontrol ediliyor...
2026-01-13 19:14:01,897 - [INFO] - 💤 Bekleyen talep yok.
2026-01-13 19:14:11,974 - [INFO] - 🕵️‍♂️ JOB BAŞLADI: Gerçek veritabanı kontrol ediliyor...
2026-01-13 19:14:11,977 - [INFO] - 💤 Bekleyen talep yok.
2026-01-13 19:14:22,037 - [INFO] - 🕵️‍♂️ JOB BAŞLADI: Gerçek veritabanı kontrol ediliyor...
2026-01-13 19:14:22,041 - [INFO] - 💤 Bekleyen talep yok.
2026-01-13 19:14:32,076 - [INFO] - 🕵️‍♂️ JOB BAŞLADI: Gerçek veritabanı kontrol ediliyor...
2026-01-13 19:14:32,079 - [INFO] - 💤 Bekleyen talep yok.
2026-01-13 19:14:42,120 - [INFO] - 🕵️‍♂️ JOB BAŞLADI: Gerçek veritabanı kontrol ediliyor...
2026-01-13 19:14:42,122 - [INFO] - 💤 Bekleyen talep yok.
2026-01-13 19:14:52,166 - [INFO] - 🕵️‍♂️ JOB BAŞLADI: Gerçek veritabanı kontrol ediliyor...
2026-01-13 19:14:52,168 - [INFO] - 💤 Bekleyen talep yok.
2026-01-13 19:15:02,201 - [INFO] - 🕵️‍♂️ JOB BAŞLADI: Gerçek veritabanı kontrol ediliyor...
2026-01-13 19:15:02,204 - [INFO] - 💤 Bekleyen talep yok.
2026-01-13 19:15:12,240 - [INFO] - 🕵️‍♂️ JOB BAŞLADI: Gerçek veritabanı kontrol ediliyor...
2026-01-13 19:15:12,242 - [INFO] - 💤 Bekleyen talep yok.
2026-01-13 19:15:22,284 - [INFO] - 🕵️‍♂️ JOB BAŞLADI: Gerçek veritabanı kontrol ediliyor...
2026-01-13 19:15:22,287 - [INFO] - 💤 Bekleyen talep yok.
2026-01-13 19:15:32,323 - [INFO] - 🕵️‍♂️ JOB BAŞLADI: Gerçek veritabanı kontrol ediliyor...
2026-01-13 19:15:32,325 - [INFO] - 💤 Bekleyen talep yok.
2026-01-13 19:15:42,369 - [INFO] - 🕵️‍♂️ JOB BAŞLADI: Gerçek veritabanı kontrol ediliyor...
2026-01-13 19:15:42,371 - [INFO] - 💤 Bekleyen talep yok.
2026-01-13 19:15:52,414 - [INFO] - 🕵️‍♂️ JOB BAŞLADI: Gerçek veritabanı kontrol ediliyor...
2026-01-13 19:15:52,417 - [INFO] - 💤 Bekleyen talep yok.
2026-01-13 19:16:02,460 - [INFO] - 🕵️‍♂️ JOB BAŞLADI: Gerçek veritabanı kontrol ediliyor...
2026-01-13 19:16:02,463 - [INFO] - 💤 Bekleyen talep yok.
2026-01-13 19:16:12,495 - [INFO] - 🕵️‍♂️ JOB BAŞLADI: Gerçek veritabanı kontrol ediliyor...
2026-01-13 19:16:12,497 - [INFO] - 💤 Bekleyen talep yok.
2026-01-13 19:16:22,534 - [INFO] - 🕵️‍♂️ JOB BAŞLADI: Gerçek veritabanı kontrol ediliyor...
2026-01-13 19:16:22,537 - [INFO] - 💤 Bekleyen talep yok.
2026-01-13 19:16:32,585 - [INFO] - 🕵️‍♂️ JOB BAŞLADI: Gerçek veritabanı kontrol ediliyor...
2026-01-13 19:16:32,586 - [INFO] - 💤 Bekleyen talep yok.
2026-01-13 19:16:42,665 - [INFO] - 🕵️‍♂️ JOB BAŞLADI: Gerçek veritabanı kontrol ediliyor...
2026-01-13 19:16:42,666 - [INFO] - 💤 Bekleyen talep yok.
2026-01-13 19:16:52,737 - [INFO] - 🕵️‍♂️ JOB BAŞLADI: Gerçek veritabanı kontrol ediliyor...
2026-01-13 19:16:52,739 - [INFO] - 💤 Bekleyen talep yok.
2026-01-13 19:17:02,814 - [INFO] - 🕵️‍♂️ JOB BAŞLADI: Gerçek veritabanı kontrol ediliyor...
2026-01-13 19:17:02,816 - [INFO] - 💤 Bekleyen talep yok.
2026-01-13 19:17:12,894 - [INFO] - 🕵️‍♂️ JOB BAŞLADI: Gerçek veritabanı kontrol ediliyor...
2026-01-13 19:17:12,896 - [INFO] - 💤 Bekleyen talep yok.
2026-01-13 19:17:22,964 - [INFO] - 🕵️‍♂️ JOB BAŞLADI: Gerçek veritabanı kontrol ediliyor...
2026-01-13 19:17:22,966 - [INFO] - 💤 Bekleyen talep yok.
2026-01-13 19:17:33,039 - [INFO] - 🕵️‍♂️ JOB BAŞLADI: Gerçek veritabanı kontrol ediliyor...
2026-01-13 19:17:33,041 - [INFO] - 💤 Bekleyen talep yok.
2026-01-13 19:17:43,108 - [INFO] - 🕵️‍♂️ JOB BAŞLADI: Gerçek veritabanı kontrol ediliyor...
2026-01-13 19:17:43,110 - [INFO] - 💤 Bekleyen talep yok.
2026-01-13 19:17:53,195 - [INFO] - 🕵️‍♂️ JOB BAŞLADI: Gerçek veritabanı kontrol ediliyor...
2026-01-13 19:17:53,197 - [INFO] - 💤 Bekleyen talep yok.
2026-01-13 19:18:03,279 - [INFO] - 🕵️‍♂️ JOB BAŞLADI: Gerçek veritabanı kontrol ediliyor...
2026-01-13 19:18:03,281 - [INFO] - 💤 Bekleyen talep yok.
2026-01-13 19:18:13,364 - [INFO] - 🕵️‍♂️ JOB BAŞLADI: Gerçek veritabanı kontrol ediliyor...
2026-01-13 19:18:13,366 - [INFO] - 💤 Bekleyen talep yok.
2026-01-13 19:18:23,439 - [INFO] - 🕵️‍♂️ JOB BAŞLADI: Gerçek veritabanı kontrol ediliyor...
2026-01-13 19:18:23,442 - [INFO] - 💤 Bekleyen talep yok.
2026-01-13 19:18:33,509 - [INFO] - 🕵️‍♂️ JOB BAŞLADI: Gerçek veritabanı kontrol ediliyor...
2026-01-13 19:18:33,512 - [INFO] - 💤 Bekleyen talep yok.
2026-01-13 19:18:43,579 - [INFO] - 🕵️‍♂️ JOB BAŞLADI: Gerçek veritabanı kontrol ediliyor...
2026-01-13 19:18:43,581 - [INFO] - 💤 Bekleyen talep yok.
2026-01-13 19:18:53,655 - [INFO] - 🕵️‍♂️ JOB BAŞLADI: Gerçek veritabanı kontrol ediliyor...
2026-01-13 19:18:53,658 - [INFO] - 💤 Bekleyen talep yok.
2026-01-13 19:19:03,732 - [INFO] - 🕵️‍♂️ JOB BAŞLADI: Gerçek veritabanı kontrol ediliyor...
2026-01-13 19:19:03,735 - [INFO] - 💤 Bekleyen talep yok.
2026-01-13 19:19:13,830 - [INFO] - 🕵️‍♂️ JOB BAŞLADI: Gerçek veritabanı kontrol ediliyor...
2026-01-13 19:19:13,833 - [INFO] - 💤 Bekleyen talep yok.
2026-01-13 19:19:23,911 - [INFO] - 🕵️‍♂️ JOB BAŞLADI: Gerçek veritabanı kontrol ediliyor...
2026-01-13 19:19:23,913 - [INFO] - 💤 Bekleyen talep yok.
2026-01-13 19:19:33,990 - [INFO] - 🕵️‍♂️ JOB BAŞLADI: Gerçek veritabanı kontrol ediliyor...
2026-01-13 19:19:33,993 - [INFO] - 💤 Bekleyen talep yok.
2026-01-13 19:19:44,055 - [INFO] - 🕵️‍♂️ JOB BAŞLADI: Gerçek veritabanı kontrol ediliyor...
2026-01-13 19:19:44,056 - [INFO] - 💤 Bekleyen talep yok.
2026-01-13 19:19:54,101 - [INFO] - 🕵️‍♂️ JOB BAŞLADI: Gerçek veritabanı kontrol ediliyor...
2026-01-13 19:19:54,103 - [INFO] - 💤 Bekleyen talep yok.
2026-01-13 19:20:04,138 - [INFO] - 🕵️‍♂️ JOB BAŞLADI: Gerçek veritabanı kontrol ediliyor...
2026-01-13 19:20:04,140 - [INFO] - 💤 Bekleyen talep yok.
2026-01-13 19:20:14,186 - [INFO] - 🕵️‍♂️ JOB BAŞLADI: Gerçek veritabanı kontrol ediliyor...
2026-01-13 19:20:14,188 - [INFO] - 💤 Bekleyen talep yok.
2026-01-13 19:20:24,223 - [INFO] - 🕵️‍♂️ JOB BAŞLADI: Gerçek veritabanı kontrol ediliyor...
2026-01-13 19:20:24,224 - [INFO] - 💤 Bekleyen talep yok.
2026-01-13 19:20:34,257 - [INFO] - 🕵️‍♂️ JOB BAŞLADI: Gerçek veritabanı kontrol ediliyor...
2026-01-13 19:20:34,259 - [INFO] - 💤 Bekleyen talep yok.
2026-01-13 19:20:44,300 - [INFO] - 🕵️‍♂️ JOB BAŞLADI: Gerçek veritabanı kontrol ediliyor...
2026-01-13 19:20:44,301 - [INFO] - 💤 Bekleyen talep yok.
2026-01-13 19:20:54,331 - [INFO] - 🕵️‍♂️ JOB BAŞLADI: Gerçek veritabanı kontrol ediliyor...
2026-01-13 19:20:54,333 - [INFO] - 💤 Bekleyen talep yok.
2026-01-13 19:21:04,366 - [INFO] - 🕵️‍♂️ JOB BAŞLADI: Gerçek veritabanı kontrol ediliyor...
2026-01-13 19:21:04,368 - [INFO] - 💤 Bekleyen talep yok.
2026-01-13 19:21:14,410 - [INFO] - 🕵️‍♂️ JOB BAŞLADI: Gerçek veritabanı kontrol ediliyor...
2026-01-13 19:21:14,413 - [INFO] - 💤 Bekleyen talep yok.
2026-01-13 19:21:24,447 - [INFO] - 🕵️‍♂️ JOB BAŞLADI: Gerçek veritabanı kontrol ediliyor...
2026-01-13 19:21:24,449 - [INFO] - 💤 Bekleyen talep yok.
2026-01-13 19:21:34,487 - [INFO] - 🕵️‍♂️ JOB BAŞLADI: Gerçek veritabanı kontrol ediliyor...
2026-01-13 19:21:34,489 - [INFO] - 💤 Bekleyen talep yok.
2026-01-13 19:21:44,527 - [INFO] - 🕵️‍♂️ JOB BAŞLADI: Gerçek veritabanı kontrol ediliyor...
2026-01-13 19:21:44,528 - [INFO] - 💤 Bekleyen talep yok.
2026-01-13 19:21:54,562 - [INFO] - 🕵️‍♂️ JOB BAŞLADI: Gerçek veritabanı kontrol ediliyor...
2026-01-13 19:21:54,563 - [INFO] - 💤 Bekleyen talep yok.
2026-01-13 19:22:04,589 - [INFO] - 🕵️‍♂️ JOB BAŞLADI: Gerçek veritabanı kontrol ediliyor...
2026-01-13 19:22:04,591 - [INFO] - 💤 Bekleyen talep yok.
2026-01-13 19:22:14,617 - [INFO] - 🕵️‍♂️ JOB BAŞLADI: Gerçek veritabanı kontrol ediliyor...
2026-01-13 19:22:14,618 - [INFO] - 💤 Bekleyen talep yok.
2026-01-13 19:22:24,649 - [INFO] - 🕵️‍♂️ JOB BAŞLADI: Gerçek veritabanı kontrol ediliyor...
2026-01-13 19:22:24,652 - [INFO] - 💤 Bekleyen talep yok.
2026-01-13 19:22:34,683 - [INFO] - 🕵️‍♂️ JOB BAŞLADI: Gerçek veritabanı kontrol ediliyor...
2026-01-13 19:22:34,684 - [INFO] - 💤 Bekleyen talep yok.
2026-01-13 19:22:44,724 - [INFO] - 🕵️‍♂️ JOB BAŞLADI: Gerçek veritabanı kontrol ediliyor...
2026-01-13 19:22:44,727 - [INFO] - 💤 Bekleyen talep yok.
2026-01-13 19:22:54,760 - [INFO] - 🕵️‍♂️ JOB BAŞLADI: Gerçek veritabanı kontrol ediliyor...
2026-01-13 19:22:54,762 - [INFO] - 💤 Bekleyen talep yok.
2026-01-13 19:23:04,794 - [INFO] - 🕵️‍♂️ JOB BAŞLADI: Gerçek veritabanı kontrol ediliyor...
2026-01-13 19:23:04,796 - [INFO] - 💤 Bekleyen talep yok.
2026-01-13 19:23:14,834 - [INFO] - 🕵️‍♂️ JOB BAŞLADI: Gerçek veritabanı kontrol ediliyor...
2026-01-13 19:23:14,836 - [INFO] - 💤 Bekleyen talep yok.
2026-01-13 19:23:24,875 - [INFO] - 🕵️‍♂️ JOB BAŞLADI: Gerçek veritabanı kontrol ediliyor...
2026-01-13 19:23:24,877 - [INFO] - 💤 Bekleyen talep yok.
2026-01-13 19:23:34,915 - [INFO] - 🕵️‍♂️ JOB BAŞLADI: Gerçek veritabanı kontrol ediliyor...
2026-01-13 19:23:34,916 - [INFO] - 💤 Bekleyen talep yok.
2026-01-13 19:23:44,959 - [INFO] - 🕵️‍♂️ JOB BAŞLADI: Gerçek veritabanı kontrol ediliyor...
2026-01-13 19:23:44,961 - [INFO] - 💤 Bekleyen talep yok.
2026-01-13 19:23:55,005 - [INFO] - 🕵️‍♂️ JOB BAŞLADI: Gerçek veritabanı kontrol ediliyor...
2026-01-13 19:23:55,008 - [INFO] - 💤 Bekleyen talep yok.
2026-01-13 19:24:05,043 - [INFO] - 🕵️‍♂️ JOB BAŞLADI: Gerçek veritabanı kontrol ediliyor...
2026-01-13 19:24:05,045 - [INFO] - 💤 Bekleyen talep yok.
2026-01-13 19:24:15,087 - [INFO] - 🕵️‍♂️ JOB BAŞLADI: Gerçek veritabanı kontrol ediliyor...
2026-01-13 19:24:15,090 - [INFO] - 💤 Bekleyen talep yok.
2026-01-13 19:24:25,130 - [INFO] - 🕵️‍♂️ JOB BAŞLADI: Gerçek veritabanı kontrol ediliyor...
2026-01-13 19:24:25,133 - [INFO] - 💤 Bekleyen talep yok.
2026-01-13 19:24:35,183 - [INFO] - 🕵️‍♂️ JOB BAŞLADI: Gerçek veritabanı kontrol ediliyor...
2026-01-13 19:24:35,185 - [INFO] - 💤 Bekleyen talep yok.
2026-01-13 19:24:45,226 - [INFO] - 🕵️‍♂️ JOB BAŞLADI: Gerçek veritabanı kontrol ediliyor...
2026-01-13 19:24:45,228 - [INFO] - 💤 Bekleyen talep yok.
2026-01-13 19:24:55,272 - [INFO] - 🕵️‍♂️ JOB BAŞLADI: Gerçek veritabanı kontrol ediliyor...
2026-01-13 19:24:55,275 - [INFO] - 💤 Bekleyen talep yok.
2026-01-13 19:25:05,313 - [INFO] - 🕵️‍♂️ JOB BAŞLADI: Gerçek veritabanı kontrol ediliyor...
2026-01-13 19:25:05,315 - [INFO] - 💤 Bekleyen talep yok.
2026-01-13 19:25:15,342 - [INFO] - 🕵️‍♂️ JOB BAŞLADI: Gerçek veritabanı kontrol ediliyor...
2026-01-13 19:25:15,345 - [INFO] - 💤 Bekleyen talep yok.
2026-01-13 19:25:25,383 - [INFO] - 🕵️‍♂️ JOB BAŞLADI: Gerçek veritabanı kontrol ediliyor...
2026-01-13 19:25:25,385 - [INFO] - 💤 Bekleyen talep yok.
2026-01-13 19:25:35,415 - [INFO] - 🕵️‍♂️ JOB BAŞLADI: Gerçek veritabanı kontrol ediliyor...
2026-01-13 19:25:35,417 - [INFO] - 💤 Bekleyen talep yok.
2026-01-13 19:25:45,457 - [INFO] - 🕵️‍♂️ JOB BAŞLADI: Gerçek veritabanı kontrol ediliyor...
2026-01-13 19:25:45,459 - [INFO] - 💤 Bekleyen talep yok.
2026-01-13 19:25:55,493 - [INFO] - 🕵️‍♂️ JOB BAŞLADI: Gerçek veritabanı kontrol ediliyor...
2026-01-13 19:25:55,495 - [INFO] - 💤 Bekleyen talep yok.
2026-01-13 19:26:05,531 - [INFO] - 🕵️‍♂️ JOB BAŞLADI: Gerçek veritabanı kontrol ediliyor...
2026-01-13 19:26:05,533 - [INFO] - 💤 Bekleyen talep yok.
2026-01-13 19:26:15,571 - [INFO] - 🕵️‍♂️ JOB BAŞLADI: Gerçek veritabanı kontrol ediliyor...
2026-01-13 19:26:15,574 - [INFO] - 💤 Bekleyen talep yok.
2026-01-13 19:26:25,614 - [INFO] - 🕵️‍♂️ JOB BAŞLADI: Gerçek veritabanı kontrol ediliyor...
2026-01-13 19:26:25,616 - [INFO] - 💤 Bekleyen talep yok.
2026-01-13 19:26:35,661 - [INFO] - 🕵️‍♂️ JOB BAŞLADI: Gerçek veritabanı kontrol ediliyor...
2026-01-13 19:26:35,662 - [INFO] - 💤 Bekleyen talep yok.
2026-01-13 19:26:45,713 - [INFO] - 🕵️‍♂️ JOB BAŞLADI: Gerçek veritabanı kontrol ediliyor...
2026-01-13 19:26:45,715 - [INFO] - 💤 Bekleyen talep yok.
2026-01-13 19:26:55,753 - [INFO] - 🕵️‍♂️ JOB BAŞLADI: Gerçek veritabanı kontrol ediliyor...
2026-01-13 19:26:55,755 - [INFO] - 💤 Bekleyen talep yok.
2026-01-13 19:27:05,795 - [INFO] - 🕵️‍♂️ JOB BAŞLADI: Gerçek veritabanı kontrol ediliyor...
2026-01-13 19:27:05,798 - [INFO] - 💤 Bekleyen talep yok.
2026-01-13 19:27:15,842 - [INFO] - 🕵️‍♂️ JOB BAŞLADI: Gerçek veritabanı kontrol ediliyor...
2026-01-13 19:27:15,844 - [INFO] - 💤 Bekleyen talep yok.
2026-01-13 19:27:25,883 - [INFO] - 🕵️‍♂️ JOB BAŞLADI: Gerçek veritabanı kontrol ediliyor...
2026-01-13 19:27:25,885 - [INFO] - 💤 Bekleyen talep yok.
2026-01-13 19:27:35,923 - [INFO] - 🕵️‍♂️ JOB BAŞLADI: Gerçek veritabanı kontrol ediliyor...
2026-01-13 19:27:35,925 - [INFO] - 💤 Bekleyen talep yok.
2026-01-13 19:27:45,959 - [INFO] - 🕵️‍♂️ JOB BAŞLADI: Gerçek veritabanı kontrol ediliyor...
2026-01-13 19:27:45,961 - [INFO] - 💤 Bekleyen talep yok.
2026-01-13 19:27:55,999 - [INFO] - 🕵️‍♂️ JOB BAŞLADI: Gerçek veritabanı kontrol ediliyor...
2026-01-13 19:27:56,000 - [INFO] - 💤 Bekleyen talep yok.
2026-01-13 19:28:06,035 - [INFO] - 🕵️‍♂️ JOB BAŞLADI: Gerçek veritabanı kontrol ediliyor...
2026-01-13 19:28:06,038 - [INFO] - 💤 Bekleyen talep yok.
2026-01-13 19:28:16,069 - [INFO] - 🕵️‍♂️ JOB BAŞLADI: Gerçek veritabanı kontrol ediliyor...
2026-01-13 19:28:16,071 - [INFO] - 💤 Bekleyen talep yok.
2026-01-13 19:28:26,107 - [INFO] - 🕵️‍♂️ JOB BAŞLADI: Gerçek veritabanı kontrol ediliyor...
2026-01-13 19:28:26,110 - [INFO] - 💤 Bekleyen talep yok.
2026-01-13 19:28:36,155 - [INFO] - 🕵️‍♂️ JOB BAŞLADI: Gerçek veritabanı kontrol ediliyor...
2026-01-13 19:28:36,158 - [INFO] - 💤 Bekleyen talep yok.
2026-01-13 19:28:46,200 - [INFO] - 🕵️‍♂️ JOB BAŞLADI: Gerçek veritabanı kontrol ediliyor...
2026-01-13 19:28:46,203 - [INFO] - 💤 Bekleyen talep yok.
2026-01-13 19:28:56,238 - [INFO] - 🕵️‍♂️ JOB BAŞLADI: Gerçek veritabanı kontrol ediliyor...
2026-01-13 19:28:56,240 - [INFO] - 💤 Bekleyen talep yok.
2026-01-13 19:29:06,280 - [INFO] - 🕵️‍♂️ JOB BAŞLADI: Gerçek veritabanı kontrol ediliyor...
2026-01-13 19:29:06,282 - [INFO] - 💤 Bekleyen talep yok.
2026-01-13 19:29:16,321 - [INFO] - 🕵️‍♂️ JOB BAŞLADI: Gerçek veritabanı kontrol ediliyor...
2026-01-13 19:29:16,324 - [INFO] - 💤 Bekleyen talep yok.
2026-01-13 19:29:26,366 - [INFO] - 🕵️‍♂️ JOB BAŞLADI: Gerçek veritabanı kontrol ediliyor...
2026-01-13 19:29:26,368 - [INFO] - 💤 Bekleyen talep yok.
2026-01-13 19:29:36,410 - [INFO] - 🕵️‍♂️ JOB BAŞLADI: Gerçek veritabanı kontrol ediliyor...
2026-01-13 19:29:36,413 - [INFO] - 💤 Bekleyen talep yok.
2026-01-13 19:29:46,462 - [INFO] - 🕵️‍♂️ JOB BAŞLADI: Gerçek veritabanı kontrol ediliyor...
2026-01-13 19:29:46,464 - [INFO] - 💤 Bekleyen talep yok.
2026-01-13 19:29:56,506 - [INFO] - 🕵️‍♂️ JOB BAŞLADI: Gerçek veritabanı kontrol ediliyor...
2026-01-13 19:29:56,508 - [INFO] - 💤 Bekleyen talep yok.
2026-01-13 19:30:06,550 - [INFO] - 🕵️‍♂️ JOB BAŞLADI: Gerçek veritabanı kontrol ediliyor...
2026-01-13 19:30:06,552 - [INFO] - 💤 Bekleyen talep yok.
2026-01-13 19:30:16,594 - [INFO] - 🕵️‍♂️ JOB BAŞLADI: Gerçek veritabanı kontrol ediliyor...
2026-01-13 19:30:16,597 - [INFO] - 💤 Bekleyen talep yok.
2026-01-13 19:30:26,646 - [INFO] - 🕵️‍♂️ JOB BAŞLADI: Gerçek veritabanı kontrol ediliyor...
2026-01-13 19:30:26,649 - [INFO] - 💤 Bekleyen talep yok.
2026-01-13 19:30:36,686 - [INFO] - 🕵️‍♂️ JOB BAŞLADI: Gerçek veritabanı kontrol ediliyor...
2026-01-13 19:30:36,688 - [INFO] - 💤 Bekleyen talep yok.
2026-01-13 19:30:46,723 - [INFO] - 🕵️‍♂️ JOB BAŞLADI: Gerçek veritabanı kontrol ediliyor...
2026-01-13 19:30:46,726 - [INFO] - 💤 Bekleyen talep yok.
2026-01-13 19:30:56,752 - [INFO] - 🕵️‍♂️ JOB BAŞLADI: Gerçek veritabanı kontrol ediliyor...
2026-01-13 19:30:56,754 - [INFO] - 💤 Bekleyen talep yok.
2026-01-13 19:31:06,800 - [INFO] - 🕵️‍♂️ JOB BAŞLADI: Gerçek veritabanı kontrol ediliyor...
2026-01-13 19:31:06,802 - [INFO] - 💤 Bekleyen talep yok.
2026-01-13 19:31:16,849 - [INFO] - 🕵️‍♂️ JOB BAŞLADI: Gerçek veritabanı kontrol ediliyor...
2026-01-13 19:31:16,852 - [INFO] - 💤 Bekleyen talep yok.
2026-01-13 19:31:26,908 - [INFO] - 🕵️‍♂️ JOB BAŞLADI: Gerçek veritabanı kontrol ediliyor...
2026-01-13 19:31:26,910 - [INFO] - 💤 Bekleyen talep yok.
2026-01-13 19:31:36,978 - [INFO] - 🕵️‍♂️ JOB BAŞLADI: Gerçek veritabanı kontrol ediliyor...
2026-01-13 19:31:36,980 - [INFO] - 💤 Bekleyen talep yok.
2026-01-13 19:31:47,058 - [INFO] - 🕵️‍♂️ JOB BAŞLADI: Gerçek veritabanı kontrol ediliyor...
2026-01-13 19:31:47,061 - [INFO] - 💤 Bekleyen talep yok.
2026-01-13 19:31:57,147 - [INFO] - 🕵️‍♂️ JOB BAŞLADI: Gerçek veritabanı kontrol ediliyor...
2026-01-13 19:31:57,149 - [INFO] - 💤 Bekleyen talep yok.
2026-01-13 19:32:07,218 - [INFO] - 🕵️‍♂️ JOB BAŞLADI: Gerçek veritabanı kontrol ediliyor...
2026-01-13 19:32:07,221 - [INFO] - 💤 Bekleyen talep yok.
2026-01-13 19:32:17,295 - [INFO] - 🕵️‍♂️ JOB BAŞLADI: Gerçek veritabanı kontrol ediliyor...
2026-01-13 19:32:17,297 - [INFO] - 💤 Bekleyen talep yok.
2026-01-13 19:32:27,367 - [INFO] - 🕵️‍♂️ JOB BAŞLADI: Gerçek veritabanı kontrol ediliyor...
2026-01-13 19:32:27,369 - [INFO] - 💤 Bekleyen talep yok.
2026-01-13 19:32:37,452 - [INFO] - 🕵️‍♂️ JOB BAŞLADI: Gerçek veritabanı kontrol ediliyor...
2026-01-13 19:32:37,455 - [INFO] - 💤 Bekleyen talep yok.
2026-01-13 19:32:47,514 - [INFO] - 🕵️‍♂️ JOB BAŞLADI: Gerçek veritabanı kontrol ediliyor...
2026-01-13 19:32:47,516 - [INFO] - 💤 Bekleyen talep yok.
2026-01-13 19:32:57,596 - [INFO] - 🕵️‍♂️ JOB BAŞLADI: Gerçek veritabanı kontrol ediliyor...
2026-01-13 19:32:57,598 - [INFO] - 💤 Bekleyen talep yok.
2026-01-13 19:33:07,665 - [INFO] - 🕵️‍♂️ JOB BAŞLADI: Gerçek veritabanı kontrol ediliyor...
2026-01-13 19:33:07,667 - [INFO] - 💤 Bekleyen talep yok.
2026-01-13 19:33:17,735 - [INFO] - 🕵️‍♂️ JOB BAŞLADI: Gerçek veritabanı kontrol ediliyor...
2026-01-13 19:33:17,737 - [INFO] - 💤 Bekleyen talep yok.
2026-01-13 19:33:27,812 - [INFO] - 🕵️‍♂️ JOB BAŞLADI: Gerçek veritabanı kontrol ediliyor...
2026-01-13 19:33:27,814 - [INFO] - 💤 Bekleyen talep yok.
2026-01-13 19:33:37,885 - [INFO] - 🕵️‍♂️ JOB BAŞLADI: Gerçek veritabanı kontrol ediliyor...
2026-01-13 19:33:37,887 - [INFO] - 💤 Bekleyen talep yok.
2026-01-13 19:33:47,935 - [INFO] - 🕵️‍♂️ JOB BAŞLADI: Gerçek veritabanı kontrol ediliyor...
2026-01-13 19:33:47,937 - [INFO] - 💤 Bekleyen talep yok.
2026-01-13 19:33:58,007 - [INFO] - 🕵️‍♂️ JOB BAŞLADI: Gerçek veritabanı kontrol ediliyor...
2026-01-13 19:33:58,010 - [INFO] - 💤 Bekleyen talep yok.
2026-01-13 19:34:08,082 - [INFO] - 🕵️‍♂️ JOB BAŞLADI: Gerçek veritabanı kontrol ediliyor...
2026-01-13 19:34:08,085 - [INFO] - 💤 Bekleyen talep yok.
2026-01-13 19:34:18,161 - [INFO] - 🕵️‍♂️ JOB BAŞLADI: Gerçek veritabanı kontrol ediliyor...
2026-01-13 19:34:18,164 - [INFO] - 💤 Bekleyen talep yok.
2026-01-13 19:34:28,208 - [INFO] - 🕵️‍♂️ JOB BAŞLADI: Gerçek veritabanı kontrol ediliyor...
2026-01-13 19:34:28,210 - [INFO] - 💤 Bekleyen talep yok.
2026-01-13 19:34:38,277 - [INFO] - 🕵️‍♂️ JOB BAŞLADI: Gerçek veritabanı kontrol ediliyor...
2026-01-13 19:34:38,280 - [INFO] - 💤 Bekleyen talep yok.
2026-01-13 19:34:48,349 - [INFO] - 🕵️‍♂️ JOB BAŞLADI: Gerçek veritabanı kontrol ediliyor...
2026-01-13 19:34:48,351 - [INFO] - 💤 Bekleyen talep yok.
2026-01-13 19:34:58,428 - [INFO] - 🕵️‍♂️ JOB BAŞLADI: Gerçek veritabanı kontrol ediliyor...
2026-01-13 19:34:58,430 - [INFO] - 💤 Bekleyen talep yok.
2026-01-13 19:35:08,513 - [INFO] - 🕵️‍♂️ JOB BAŞLADI: Gerçek veritabanı kontrol ediliyor...
2026-01-13 19:35:08,515 - [INFO] - 💤 Bekleyen talep yok.
2026-01-13 19:35:18,599 - [INFO] - 🕵️‍♂️ JOB BAŞLADI: Gerçek veritabanı kontrol ediliyor...
2026-01-13 19:35:18,601 - [INFO] - 💤 Bekleyen talep yok.
2026-01-13 19:35:28,679 - [INFO] - 🕵️‍♂️ JOB BAŞLADI: Gerçek veritabanı kontrol ediliyor...
2026-01-13 19:35:28,680 - [INFO] - 💤 Bekleyen talep yok.
2026-01-13 19:35:38,762 - [INFO] - 🕵️‍♂️ JOB BAŞLADI: Gerçek veritabanı kontrol ediliyor...
2026-01-13 19:35:38,764 - [INFO] - 💤 Bekleyen talep yok.
2026-01-13 19:35:48,851 - [INFO] - 🕵️‍♂️ JOB BAŞLADI: Gerçek veritabanı kontrol ediliyor...
2026-01-13 19:35:48,853 - [INFO] - 💤 Bekleyen talep yok.
2026-01-13 19:35:58,923 - [INFO] - 🕵️‍♂️ JOB BAŞLADI: Gerçek veritabanı kontrol ediliyor...
2026-01-13 19:35:58,926 - [INFO] - 💤 Bekleyen talep yok.
2026-01-13 19:36:09,008 - [INFO] - 🕵️‍♂️ JOB BAŞLADI: Gerçek veritabanı kontrol ediliyor...
2026-01-13 19:36:09,011 - [INFO] - 💤 Bekleyen talep yok.
2026-01-13 19:36:19,091 - [INFO] - 🕵️‍♂️ JOB BAŞLADI: Gerçek veritabanı kontrol ediliyor...
2026-01-13 19:36:19,094 - [INFO] - 💤 Bekleyen talep yok.
2026-01-13 19:36:29,139 - [INFO] - 🕵️‍♂️ JOB BAŞLADI: Gerçek veritabanı kontrol ediliyor...
2026-01-13 19:36:29,142 - [INFO] - 💤 Bekleyen talep yok.
2026-01-13 19:36:39,213 - [INFO] - 🕵️‍♂️ JOB BAŞLADI: Gerçek veritabanı kontrol ediliyor...
2026-01-13 19:36:39,225 - [INFO] - 💤 Bekleyen talep yok.
2026-01-13 19:36:49,288 - [INFO] - 🕵️‍♂️ JOB BAŞLADI: Gerçek veritabanı kontrol ediliyor...
2026-01-13 19:36:49,291 - [INFO] - 💤 Bekleyen talep yok.
2026-01-13 19:36:59,357 - [INFO] - 🕵️‍♂️ JOB BAŞLADI: Gerçek veritabanı kontrol ediliyor...
2026-01-13 19:36:59,358 - [INFO] - 💤 Bekleyen talep yok.
2026-01-13 19:37:09,438 - [INFO] - 🕵️‍♂️ JOB BAŞLADI: Gerçek veritabanı kontrol ediliyor...
2026-01-13 19:37:09,441 - [INFO] - 💤 Bekleyen talep yok.
2026-01-13 19:37:19,501 - [INFO] - 🕵️‍♂️ JOB BAŞLADI: Gerçek veritabanı kontrol ediliyor...
2026-01-13 19:37:19,504 - [INFO] - 💤 Bekleyen talep yok.
2026-01-13 19:37:29,579 - [INFO] - 🕵️‍♂️ JOB BAŞLADI: Gerçek veritabanı kontrol ediliyor...
2026-01-13 19:37:29,582 - [INFO] - 💤 Bekleyen talep yok.
2026-01-13 19:37:39,674 - [INFO] - 🕵️‍♂️ JOB BAŞLADI: Gerçek veritabanı kontrol ediliyor...
2026-01-13 19:37:39,676 - [INFO] - 💤 Bekleyen talep yok.
2026-01-13 19:37:49,741 - [INFO] - 🕵️‍♂️ JOB BAŞLADI: Gerçek veritabanı kontrol ediliyor...
2026-01-13 19:37:49,744 - [INFO] - 💤 Bekleyen talep yok.
2026-01-13 19:37:59,796 - [INFO] - 🕵️‍♂️ JOB BAŞLADI: Gerçek veritabanı kontrol ediliyor...
2026-01-13 19:37:59,798 - [INFO] - 💤 Bekleyen talep yok.
2026-01-13 19:38:09,869 - [INFO] - 🕵️‍♂️ JOB BAŞLADI: Gerçek veritabanı kontrol ediliyor...
2026-01-13 19:38:09,871 - [INFO] - 💤 Bekleyen talep yok.
2026-01-13 19:38:19,963 - [INFO] - 🕵️‍♂️ JOB BAŞLADI: Gerçek veritabanı kontrol ediliyor...
2026-01-13 19:38:19,964 - [INFO] - 💤 Bekleyen talep yok.
2026-01-13 19:38:30,029 - [INFO] - 🕵️‍♂️ JOB BAŞLADI: Gerçek veritabanı kontrol ediliyor...
2026-01-13 19:38:30,031 - [INFO] - 💤 Bekleyen talep yok.
2026-01-13 19:38:40,116 - [INFO] - 🕵️‍♂️ JOB BAŞLADI: Gerçek veritabanı kontrol ediliyor...
2026-01-13 19:38:40,118 - [INFO] - 💤 Bekleyen talep yok.
2026-01-13 19:38:50,195 - [INFO] - 🕵️‍♂️ JOB BAŞLADI: Gerçek veritabanı kontrol ediliyor...
2026-01-13 19:38:50,198 - [INFO] - 💤 Bekleyen talep yok.
2026-01-13 19:39:00,265 - [INFO] - 🕵️‍♂️ JOB BAŞLADI: Gerçek veritabanı kontrol ediliyor...
2026-01-13 19:39:00,267 - [INFO] - 💤 Bekleyen talep yok.
2026-01-13 19:39:10,327 - [INFO] - 🕵️‍♂️ JOB BAŞLADI: Gerçek veritabanı kontrol ediliyor...
2026-01-13 19:39:10,329 - [INFO] - 💤 Bekleyen talep yok.
2026-01-13 19:39:20,404 - [INFO] - 🕵️‍♂️ JOB BAŞLADI: Gerçek veritabanı kontrol ediliyor...
2026-01-13 19:39:20,406 - [INFO] - 💤 Bekleyen talep yok.
2026-01-13 19:39:30,476 - [INFO] - 🕵️‍♂️ JOB BAŞLADI: Gerçek veritabanı kontrol ediliyor...
2026-01-13 19:39:30,479 - [INFO] - 💤 Bekleyen talep yok.
2026-01-13 19:39:40,549 - [INFO] - 🕵️‍♂️ JOB BAŞLADI: Gerçek veritabanı kontrol ediliyor...
2026-01-13 19:39:40,551 - [INFO] - 💤 Bekleyen talep yok.
2026-01-13 19:39:50,626 - [INFO] - 🕵️‍♂️ JOB BAŞLADI: Gerçek veritabanı kontrol ediliyor...
2026-01-13 19:39:50,628 - [INFO] - 💤 Bekleyen talep yok.
2026-01-13 19:40:00,685 - [INFO] - 🕵️‍♂️ JOB BAŞLADI: Gerçek veritabanı kontrol ediliyor...
2026-01-13 19:40:00,688 - [INFO] - 💤 Bekleyen talep yok.
2026-01-13 19:40:10,747 - [INFO] - 🕵️‍♂️ JOB BAŞLADI: Gerçek veritabanı kontrol ediliyor...
2026-01-13 19:40:10,750 - [INFO] - 💤 Bekleyen talep yok.
2026-01-13 19:40:20,828 - [INFO] - 🕵️‍♂️ JOB BAŞLADI: Gerçek veritabanı kontrol ediliyor...
2026-01-13 19:40:20,831 - [INFO] - 💤 Bekleyen talep yok.
2026-01-13 19:40:30,887 - [INFO] - 🕵️‍♂️ JOB BAŞLADI: Gerçek veritabanı kontrol ediliyor...
2026-01-13 19:40:30,889 - [INFO] - 💤 Bekleyen talep yok.
2026-01-13 19:40:40,933 - [INFO] - 🕵️‍♂️ JOB BAŞLADI: Gerçek veritabanı kontrol ediliyor...
2026-01-13 19:40:40,935 - [INFO] - 💤 Bekleyen talep yok.
2026-01-13 19:40:51,009 - [INFO] - 🕵️‍♂️ JOB BAŞLADI: Gerçek veritabanı kontrol ediliyor...
2026-01-13 19:40:51,012 - [INFO] - 💤 Bekleyen talep yok.
2026-01-13 19:41:01,082 - [INFO] - 🕵️‍♂️ JOB BAŞLADI: Gerçek veritabanı kontrol ediliyor...
2026-01-13 19:41:01,085 - [INFO] - 💤 Bekleyen talep yok.
2026-01-13 19:41:11,148 - [INFO] - 🕵️‍♂️ JOB BAŞLADI: Gerçek veritabanı kontrol ediliyor...
2026-01-13 19:41:11,150 - [INFO] - 💤 Bekleyen talep yok.
2026-01-13 19:41:21,238 - [INFO] - 🕵️‍♂️ JOB BAŞLADI: Gerçek veritabanı kontrol ediliyor...
2026-01-13 19:41:21,241 - [INFO] - 💤 Bekleyen talep yok.
2026-01-13 19:41:31,297 - [INFO] - 🕵️‍♂️ JOB BAŞLADI: Gerçek veritabanı kontrol ediliyor...
2026-01-13 19:41:31,299 - [INFO] - 💤 Bekleyen talep yok.
2026-01-13 19:41:41,384 - [INFO] - 🕵️‍♂️ JOB BAŞLADI: Gerçek veritabanı kontrol ediliyor...
2026-01-13 19:41:41,386 - [INFO] - 💤 Bekleyen talep yok.
2026-01-13 19:41:51,475 - [INFO] - 🕵️‍♂️ JOB BAŞLADI: Gerçek veritabanı kontrol ediliyor...
2026-01-13 19:41:51,477 - [INFO] - 💤 Bekleyen talep yok.
2026-01-13 19:42:01,566 - [INFO] - 🕵️‍♂️ JOB BAŞLADI: Gerçek veritabanı kontrol ediliyor...
2026-01-13 19:42:01,568 - [INFO] - 💤 Bekleyen talep yok.
2026-01-13 19:42:11,622 - [INFO] - 🕵️‍♂️ JOB BAŞLADI: Gerçek veritabanı kontrol ediliyor...
2026-01-13 19:42:11,624 - [INFO] - 💤 Bekleyen talep yok.
2026-01-13 19:42:21,704 - [INFO] - 🕵️‍♂️ JOB BAŞLADI: Gerçek veritabanı kontrol ediliyor...
2026-01-13 19:42:21,706 - [INFO] - 💤 Bekleyen talep yok.
2026-01-13 19:42:31,778 - [INFO] - 🕵️‍♂️ JOB BAŞLADI: Gerçek veritabanı kontrol ediliyor...
2026-01-13 19:42:31,779 - [INFO] - 💤 Bekleyen talep yok.
2026-01-13 19:42:41,844 - [INFO] - 🕵️‍♂️ JOB BAŞLADI: Gerçek veritabanı kontrol ediliyor...
2026-01-13 19:42:41,847 - [INFO] - 💤 Bekleyen talep yok.
2026-01-13 19:42:51,914 - [INFO] - 🕵️‍♂️ JOB BAŞLADI: Gerçek veritabanı kontrol ediliyor...
2026-01-13 19:42:51,917 - [INFO] - 💤 Bekleyen talep yok.
2026-01-13 19:43:01,997 - [INFO] - 🕵️‍♂️ JOB BAŞLADI: Gerçek veritabanı kontrol ediliyor...
2026-01-13 19:43:02,000 - [INFO] - 💤 Bekleyen talep yok.
2026-01-13 19:43:12,090 - [INFO] - 🕵️‍♂️ JOB BAŞLADI: Gerçek veritabanı kontrol ediliyor...
2026-01-13 19:43:12,092 - [INFO] - 💤 Bekleyen talep yok.
2026-01-13 19:43:22,174 - [INFO] - 🕵️‍♂️ JOB BAŞLADI: Gerçek veritabanı kontrol ediliyor...
2026-01-13 19:43:22,176 - [INFO] - 💤 Bekleyen talep yok.
2026-01-13 19:43:32,268 - [INFO] - 🕵️‍♂️ JOB BAŞLADI: Gerçek veritabanı kontrol ediliyor...
2026-01-13 19:43:32,271 - [INFO] - 💤 Bekleyen talep yok.
2026-01-13 19:43:42,346 - [INFO] - 🕵️‍♂️ JOB BAŞLADI: Gerçek veritabanı kontrol ediliyor...
2026-01-13 19:43:42,348 - [INFO] - 💤 Bekleyen talep yok.
2026-01-13 19:43:52,430 - [INFO] - 🕵️‍♂️ JOB BAŞLADI: Gerçek veritabanı kontrol ediliyor...
2026-01-13 19:43:52,432 - [INFO] - 💤 Bekleyen talep yok.
2026-01-13 19:44:02,512 - [INFO] - 🕵️‍♂️ JOB BAŞLADI: Gerçek veritabanı kontrol ediliyor...
2026-01-13 19:44:02,515 - [INFO] - 💤 Bekleyen talep yok.
2026-01-13 19:44:12,574 - [INFO] - 🕵️‍♂️ JOB BAŞLADI: Gerçek veritabanı kontrol ediliyor...
2026-01-13 19:44:12,576 - [INFO] - 💤 Bekleyen talep yok.
2026-01-13 19:44:22,631 - [INFO] - 🕵️‍♂️ JOB BAŞLADI: Gerçek veritabanı kontrol ediliyor...
2026-01-13 19:44:22,633 - [INFO] - 💤 Bekleyen talep yok.
2026-01-13 19:44:32,711 - [INFO] - 🕵️‍♂️ JOB BAŞLADI: Gerçek veritabanı kontrol ediliyor...
2026-01-13 19:44:32,724 - [INFO] - 💤 Bekleyen talep yok.
2026-01-13 19:44:42,781 - [INFO] - 🕵️‍♂️ JOB BAŞLADI: Gerçek veritabanı kontrol ediliyor...
2026-01-13 19:44:42,783 - [INFO] - 💤 Bekleyen talep yok.
2026-01-13 19:44:52,872 - [INFO] - 🕵️‍♂️ JOB BAŞLADI: Gerçek veritabanı kontrol ediliyor...
2026-01-13 19:44:52,874 - [INFO] - 💤 Bekleyen talep yok.
2026-01-13 19:45:02,921 - [INFO] - 🕵️‍♂️ JOB BAŞLADI: Gerçek veritabanı kontrol ediliyor...
2026-01-13 19:45:02,923 - [INFO] - 💤 Bekleyen talep yok.
2026-01-13 19:45:12,991 - [INFO] - 🕵️‍♂️ JOB BAŞLADI: Gerçek veritabanı kontrol ediliyor...
2026-01-13 19:45:12,994 - [INFO] - 💤 Bekleyen talep yok.
2026-01-13 19:45:23,074 - [INFO] - 🕵️‍♂️ JOB BAŞLADI: Gerçek veritabanı kontrol ediliyor...
2026-01-13 19:45:23,075 - [INFO] - 💤 Bekleyen talep yok.
2026-01-13 19:45:33,174 - [INFO] - 🕵️‍♂️ JOB BAŞLADI: Gerçek veritabanı kontrol ediliyor...
2026-01-13 19:45:33,177 - [INFO] - 💤 Bekleyen talep yok.
2026-01-13 19:45:43,256 - [INFO] - 🕵️‍♂️ JOB BAŞLADI: Gerçek veritabanı kontrol ediliyor...
2026-01-13 19:45:43,258 - [INFO] - 💤 Bekleyen talep yok.
2026-01-13 19:45:53,312 - [INFO] - 🕵️‍♂️ JOB BAŞLADI: Gerçek veritabanı kontrol ediliyor...
2026-01-13 19:45:53,315 - [INFO] - 💤 Bekleyen talep yok.
2026-01-13 19:46:03,381 - [INFO] - 🕵️‍♂️ JOB BAŞLADI: Gerçek veritabanı kontrol ediliyor...
2026-01-13 19:46:03,383 - [INFO] - 💤 Bekleyen talep yok.
2026-01-13 19:46:13,469 - [INFO] - 🕵️‍♂️ JOB BAŞLADI: Gerçek veritabanı kontrol ediliyor...
2026-01-13 19:46:13,471 - [INFO] - 💤 Bekleyen talep yok.
2026-01-13 19:46:23,545 - [INFO] - 🕵️‍♂️ JOB BAŞLADI: Gerçek veritabanı kontrol ediliyor...
2026-01-13 19:46:23,547 - [INFO] - 💤 Bekleyen talep yok.
2026-01-13 19:46:33,609 - [INFO] - 🕵️‍♂️ JOB BAŞLADI: Gerçek veritabanı kontrol ediliyor...
2026-01-13 19:46:33,612 - [INFO] - 💤 Bekleyen talep yok.
2026-01-13 19:46:43,679 - [INFO] - 🕵️‍♂️ JOB BAŞLADI: Gerçek veritabanı kontrol ediliyor...
2026-01-13 19:46:43,681 - [INFO] - 💤 Bekleyen talep yok.
2026-01-13 19:46:53,759 - [INFO] - 🕵️‍♂️ JOB BAŞLADI: Gerçek veritabanı kontrol ediliyor...
2026-01-13 19:46:53,761 - [INFO] - 💤 Bekleyen talep yok.
2026-01-13 19:47:03,847 - [INFO] - 🕵️‍♂️ JOB BAŞLADI: Gerçek veritabanı kontrol ediliyor...
2026-01-13 19:47:03,849 - [INFO] - 💤 Bekleyen talep yok.
2026-01-13 19:47:13,931 - [INFO] - 🕵️‍♂️ JOB BAŞLADI: Gerçek veritabanı kontrol ediliyor...
2026-01-13 19:47:13,933 - [INFO] - 💤 Bekleyen talep yok.
2026-01-13 19:47:24,000 - [INFO] - 🕵️‍♂️ JOB BAŞLADI: Gerçek veritabanı kontrol ediliyor...
2026-01-13 19:47:24,002 - [INFO] - 💤 Bekleyen talep yok.
2026-01-13 19:47:34,076 - [INFO] - 🕵️‍♂️ JOB BAŞLADI: Gerçek veritabanı kontrol ediliyor...
2026-01-13 19:47:34,078 - [INFO] - 💤 Bekleyen talep yok.
2026-01-13 19:47:44,158 - [INFO] - 🕵️‍♂️ JOB BAŞLADI: Gerçek veritabanı kontrol ediliyor...
2026-01-13 19:47:44,159 - [INFO] - 💤 Bekleyen talep yok.
2026-01-13 19:47:54,228 - [INFO] - 🕵️‍♂️ JOB BAŞLADI: Gerçek veritabanı kontrol ediliyor...
2026-01-13 19:47:54,230 - [INFO] - 💤 Bekleyen talep yok.
2026-01-13 19:48:04,310 - [INFO] - 🕵️‍♂️ JOB BAŞLADI: Gerçek veritabanı kontrol ediliyor...
2026-01-13 19:48:04,312 - [INFO] - 💤 Bekleyen talep yok.
2026-01-13 19:48:14,384 - [INFO] - 🕵️‍♂️ JOB BAŞLADI: Gerçek veritabanı kontrol ediliyor...
2026-01-13 19:48:14,386 - [INFO] - 💤 Bekleyen talep yok.
2026-01-13 19:48:24,457 - [INFO] - 🕵️‍♂️ JOB BAŞLADI: Gerçek veritabanı kontrol ediliyor...
2026-01-13 19:48:24,459 - [INFO] - 💤 Bekleyen talep yok.
2026-01-13 19:48:34,546 - [INFO] - 🕵️‍♂️ JOB BAŞLADI: Gerçek veritabanı kontrol ediliyor...
2026-01-13 19:48:34,548 - [INFO] - 💤 Bekleyen talep yok.
2026-01-13 19:48:44,625 - [INFO] - 🕵️‍♂️ JOB BAŞLADI: Gerçek veritabanı kontrol ediliyor...
2026-01-13 19:48:44,628 - [INFO] - 💤 Bekleyen talep yok.
2026-01-13 19:48:54,694 - [INFO] - 🕵️‍♂️ JOB BAŞLADI: Gerçek veritabanı kontrol ediliyor...
2026-01-13 19:48:54,697 - [INFO] - 💤 Bekleyen talep yok.
2026-01-13 19:49:04,762 - [INFO] - 🕵️‍♂️ JOB BAŞLADI: Gerçek veritabanı kontrol ediliyor...
2026-01-13 19:49:04,764 - [INFO] - 💤 Bekleyen talep yok.
2026-01-13 19:49:14,842 - [INFO] - 🕵️‍♂️ JOB BAŞLADI: Gerçek veritabanı kontrol ediliyor...
2026-01-13 19:49:14,844 - [INFO] - 💤 Bekleyen talep yok.
2026-01-13 19:49:24,911 - [INFO] - 🕵️‍♂️ JOB BAŞLADI: Gerçek veritabanı kontrol ediliyor...
2026-01-13 19:49:24,913 - [INFO] - 💤 Bekleyen talep yok.
2026-01-13 19:49:34,994 - [INFO] - 🕵️‍♂️ JOB BAŞLADI: Gerçek veritabanı kontrol ediliyor...
2026-01-13 19:49:34,996 - [INFO] - 💤 Bekleyen talep yok.
2026-01-13 19:49:45,064 - [INFO] - 🕵️‍♂️ JOB BAŞLADI: Gerçek veritabanı kontrol ediliyor...
2026-01-13 19:49:45,066 - [INFO] - 💤 Bekleyen talep yok.
2026-01-13 19:49:55,146 - [INFO] - 🕵️‍♂️ JOB BAŞLADI: Gerçek veritabanı kontrol ediliyor...
2026-01-13 19:49:55,149 - [INFO] - 💤 Bekleyen talep yok.
2026-01-13 19:50:05,212 - [INFO] - 🕵️‍♂️ JOB BAŞLADI: Gerçek veritabanı kontrol ediliyor...
2026-01-13 19:50:05,214 - [INFO] - 💤 Bekleyen talep yok.
2026-01-13 19:50:15,277 - [INFO] - 🕵️‍♂️ JOB BAŞLADI: Gerçek veritabanı kontrol ediliyor...
2026-01-13 19:50:15,279 - [INFO] - 💤 Bekleyen talep yok.
2026-01-13 19:50:25,361 - [INFO] - 🕵️‍♂️ JOB BAŞLADI: Gerçek veritabanı kontrol ediliyor...
2026-01-13 19:50:25,363 - [INFO] - 💤 Bekleyen talep yok.
2026-01-13 19:50:35,440 - [INFO] - 🕵️‍♂️ JOB BAŞLADI: Gerçek veritabanı kontrol ediliyor...
2026-01-13 19:50:35,442 - [INFO] - 💤 Bekleyen talep yok.
2026-01-13 19:50:45,515 - [INFO] - 🕵️‍♂️ JOB BAŞLADI: Gerçek veritabanı kontrol ediliyor...
2026-01-13 19:50:45,518 - [INFO] - 💤 Bekleyen talep yok.
2026-01-13 19:50:55,585 - [INFO] - 🕵️‍♂️ JOB BAŞLADI: Gerçek veritabanı kontrol ediliyor...
2026-01-13 19:50:55,587 - [INFO] - 💤 Bekleyen talep yok.
2026-01-13 19:51:05,675 - [INFO] - 🕵️‍♂️ JOB BAŞLADI: Gerçek veritabanı kontrol ediliyor...
2026-01-13 19:51:05,677 - [INFO] - 💤 Bekleyen talep yok.
2026-01-13 19:51:15,754 - [INFO] - 🕵️‍♂️ JOB BAŞLADI: Gerçek veritabanı kontrol ediliyor...
2026-01-13 19:51:15,756 - [INFO] - 💤 Bekleyen talep yok.
2026-01-13 19:51:25,846 - [INFO] - 🕵️‍♂️ JOB BAŞLADI: Gerçek veritabanı kontrol ediliyor...
2026-01-13 19:51:25,849 - [INFO] - 💤 Bekleyen talep yok.
2026-01-13 19:51:35,921 - [INFO] - 🕵️‍♂️ JOB BAŞLADI: Gerçek veritabanı kontrol ediliyor...
2026-01-13 19:51:35,923 - [INFO] - 💤 Bekleyen talep yok.
2026-01-13 19:51:45,999 - [INFO] - 🕵️‍♂️ JOB BAŞLADI: Gerçek veritabanı kontrol ediliyor...
2026-01-13 19:51:46,002 - [INFO] - 💤 Bekleyen talep yok.
2026-01-13 19:51:56,072 - [INFO] - 🕵️‍♂️ JOB BAŞLADI: Gerçek veritabanı kontrol ediliyor...
2026-01-13 19:51:56,074 - [INFO] - 💤 Bekleyen talep yok.
2026-01-13 19:52:06,135 - [INFO] - 🕵️‍♂️ JOB BAŞLADI: Gerçek veritabanı kontrol ediliyor...
2026-01-13 19:52:06,138 - [INFO] - 💤 Bekleyen talep yok.
2026-01-13 19:52:16,208 - [INFO] - 🕵️‍♂️ JOB BAŞLADI: Gerçek veritabanı kontrol ediliyor...
2026-01-13 19:52:16,210 - [INFO] - 💤 Bekleyen talep yok.
2026-01-13 19:52:26,285 - [INFO] - 🕵️‍♂️ JOB BAŞLADI: Gerçek veritabanı kontrol ediliyor...
2026-01-13 19:52:26,288 - [INFO] - 💤 Bekleyen talep yok.
2026-01-13 19:52:36,369 - [INFO] - 🕵️‍♂️ JOB BAŞLADI: Gerçek veritabanı kontrol ediliyor...
2026-01-13 19:52:36,371 - [INFO] - 💤 Bekleyen talep yok.
2026-01-13 19:52:46,453 - [INFO] - 🕵️‍♂️ JOB BAŞLADI: Gerçek veritabanı kontrol ediliyor...
2026-01-13 19:52:46,454 - [INFO] - 💤 Bekleyen talep yok.
2026-01-13 19:52:56,524 - [INFO] - 🕵️‍♂️ JOB BAŞLADI: Gerçek veritabanı kontrol ediliyor...
2026-01-13 19:52:56,526 - [INFO] - 💤 Bekleyen talep yok.
2026-01-13 19:53:06,588 - [INFO] - 🕵️‍♂️ JOB BAŞLADI: Gerçek veritabanı kontrol ediliyor...
2026-01-13 19:53:06,590 - [INFO] - 💤 Bekleyen talep yok.
2026-01-13 19:53:16,679 - [INFO] - 🕵️‍♂️ JOB BAŞLADI: Gerçek veritabanı kontrol ediliyor...
2026-01-13 19:53:16,682 - [INFO] - 💤 Bekleyen talep yok.
2026-01-13 19:53:26,744 - [INFO] - 🕵️‍♂️ JOB BAŞLADI: Gerçek veritabanı kontrol ediliyor...
2026-01-13 19:53:26,747 - [INFO] - 💤 Bekleyen talep yok.
2026-01-13 19:53:36,814 - [INFO] - 🕵️‍♂️ JOB BAŞLADI: Gerçek veritabanı kontrol ediliyor...
2026-01-13 19:53:36,816 - [INFO] - 💤 Bekleyen talep yok.
2026-01-13 19:53:46,893 - [INFO] - 🕵️‍♂️ JOB BAŞLADI: Gerçek veritabanı kontrol ediliyor...
2026-01-13 19:53:46,895 - [INFO] - 💤 Bekleyen talep yok.
2026-01-13 19:53:56,979 - [INFO] - 🕵️‍♂️ JOB BAŞLADI: Gerçek veritabanı kontrol ediliyor...
2026-01-13 19:53:56,981 - [INFO] - 💤 Bekleyen talep yok.
2026-01-13 19:54:07,055 - [INFO] - 🕵️‍♂️ JOB BAŞLADI: Gerçek veritabanı kontrol ediliyor...
2026-01-13 19:54:07,058 - [INFO] - 💤 Bekleyen talep yok.
2026-01-13 19:54:17,116 - [INFO] - 🕵️‍♂️ JOB BAŞLADI: Gerçek veritabanı kontrol ediliyor...
2026-01-13 19:54:17,118 - [INFO] - 💤 Bekleyen talep yok.
2026-01-13 19:54:27,202 - [INFO] - 🕵️‍♂️ JOB BAŞLADI: Gerçek veritabanı kontrol ediliyor...
2026-01-13 19:54:27,205 - [INFO] - 💤 Bekleyen talep yok.
2026-01-13 19:54:37,261 - [INFO] - 🕵️‍♂️ JOB BAŞLADI: Gerçek veritabanı kontrol ediliyor...
2026-01-13 19:54:37,264 - [INFO] - 💤 Bekleyen talep yok.
2026-01-13 19:54:47,345 - [INFO] - 🕵️‍♂️ JOB BAŞLADI: Gerçek veritabanı kontrol ediliyor...
2026-01-13 19:54:47,348 - [INFO] - 💤 Bekleyen talep yok.
2026-01-13 19:54:57,425 - [INFO] - 🕵️‍♂️ JOB BAŞLADI: Gerçek veritabanı kontrol ediliyor...
2026-01-13 19:54:57,427 - [INFO] - 💤 Bekleyen talep yok.
2026-01-13 19:55:07,504 - [INFO] - 🕵️‍♂️ JOB BAŞLADI: Gerçek veritabanı kontrol ediliyor...
2026-01-13 19:55:07,506 - [INFO] - 💤 Bekleyen talep yok.
2026-01-13 19:55:17,551 - [INFO] - 🕵️‍♂️ JOB BAŞLADI: Gerçek veritabanı kontrol ediliyor...
2026-01-13 19:55:17,553 - [INFO] - 💤 Bekleyen talep yok.
2026-01-13 19:55:27,636 - [INFO] - 🕵️‍♂️ JOB BAŞLADI: Gerçek veritabanı kontrol ediliyor...
2026-01-13 19:55:27,637 - [INFO] - 💤 Bekleyen talep yok.
2026-01-13 19:55:37,694 - [INFO] - 🕵️‍♂️ JOB BAŞLADI: Gerçek veritabanı kontrol ediliyor...
2026-01-13 19:55:37,697 - [INFO] - 💤 Bekleyen talep yok.
2026-01-13 19:55:47,773 - [INFO] - 🕵️‍♂️ JOB BAŞLADI: Gerçek veritabanı kontrol ediliyor...
2026-01-13 19:55:47,776 - [INFO] - 💤 Bekleyen talep yok.
2026-01-13 19:55:57,850 - [INFO] - 🕵️‍♂️ JOB BAŞLADI: Gerçek veritabanı kontrol ediliyor...
2026-01-13 19:55:57,852 - [INFO] - 💤 Bekleyen talep yok.
2026-01-13 19:56:07,936 - [INFO] - 🕵️‍♂️ JOB BAŞLADI: Gerçek veritabanı kontrol ediliyor...
2026-01-13 19:56:07,938 - [INFO] - 💤 Bekleyen talep yok.
2026-01-13 19:56:18,010 - [INFO] - 🕵️‍♂️ JOB BAŞLADI: Gerçek veritabanı kontrol ediliyor...
2026-01-13 19:56:18,013 - [INFO] - 💤 Bekleyen talep yok.
2026-01-13 19:56:28,100 - [INFO] - 🕵️‍♂️ JOB BAŞLADI: Gerçek veritabanı kontrol ediliyor...
2026-01-13 19:56:28,103 - [INFO] - 💤 Bekleyen talep yok.
2026-01-13 19:56:38,192 - [INFO] - 🕵️‍♂️ JOB BAŞLADI: Gerçek veritabanı kontrol ediliyor...
2026-01-13 19:56:38,194 - [INFO] - 💤 Bekleyen talep yok.
2026-01-13 19:56:48,279 - [INFO] - 🕵️‍♂️ JOB BAŞLADI: Gerçek veritabanı kontrol ediliyor...
2026-01-13 19:56:48,281 - [INFO] - 💤 Bekleyen talep yok.
2026-01-13 19:56:58,355 - [INFO] - 🕵️‍♂️ JOB BAŞLADI: Gerçek veritabanı kontrol ediliyor...
2026-01-13 19:56:58,358 - [INFO] - 💤 Bekleyen talep yok.
2026-01-13 19:57:08,434 - [INFO] - 🕵️‍♂️ JOB BAŞLADI: Gerçek veritabanı kontrol ediliyor...
2026-01-13 19:57:08,436 - [INFO] - 💤 Bekleyen talep yok.
2026-01-13 19:57:18,489 - [INFO] - 🕵️‍♂️ JOB BAŞLADI: Gerçek veritabanı kontrol ediliyor...
2026-01-13 19:57:18,491 - [INFO] - 💤 Bekleyen talep yok.
2026-01-13 19:57:28,556 - [INFO] - 🕵️‍♂️ JOB BAŞLADI: Gerçek veritabanı kontrol ediliyor...
2026-01-13 19:57:28,558 - [INFO] - 💤 Bekleyen talep yok.
2026-01-13 19:57:38,611 - [INFO] - 🕵️‍♂️ JOB BAŞLADI: Gerçek veritabanı kontrol ediliyor...
2026-01-13 19:57:38,614 - [INFO] - 💤 Bekleyen talep yok.
2026-01-13 19:57:48,701 - [INFO] - 🕵️‍♂️ JOB BAŞLADI: Gerçek veritabanı kontrol ediliyor...
2026-01-13 19:57:48,703 - [INFO] - 💤 Bekleyen talep yok.
2026-01-13 19:57:58,773 - [INFO] - 🕵️‍♂️ JOB BAŞLADI: Gerçek veritabanı kontrol ediliyor...
2026-01-13 19:57:58,775 - [INFO] - 💤 Bekleyen talep yok.
2026-01-13 19:58:08,846 - [INFO] - 🕵️‍♂️ JOB BAŞLADI: Gerçek veritabanı kontrol ediliyor...
2026-01-13 19:58:08,848 - [INFO] - 💤 Bekleyen talep yok.
2026-01-13 19:58:18,916 - [INFO] - 🕵️‍♂️ JOB BAŞLADI: Gerçek veritabanı kontrol ediliyor...
2026-01-13 19:58:18,919 - [INFO] - 💤 Bekleyen talep yok.
2026-01-13 19:58:28,984 - [INFO] - 🕵️‍♂️ JOB BAŞLADI: Gerçek veritabanı kontrol ediliyor...
2026-01-13 19:58:28,986 - [INFO] - 💤 Bekleyen talep yok.
2026-01-13 19:58:39,071 - [INFO] - 🕵️‍♂️ JOB BAŞLADI: Gerçek veritabanı kontrol ediliyor...
2026-01-13 19:58:39,073 - [INFO] - 💤 Bekleyen talep yok.
2026-01-13 19:58:49,141 - [INFO] - 🕵️‍♂️ JOB BAŞLADI: Gerçek veritabanı kontrol ediliyor...
2026-01-13 19:58:49,143 - [INFO] - 💤 Bekleyen talep yok.
2026-01-13 19:58:59,227 - [INFO] - 🕵️‍♂️ JOB BAŞLADI: Gerçek veritabanı kontrol ediliyor...
2026-01-13 19:58:59,228 - [INFO] - 💤 Bekleyen talep yok.
2026-01-13 19:59:09,289 - [INFO] - 🕵️‍♂️ JOB BAŞLADI: Gerçek veritabanı kontrol ediliyor...
2026-01-13 19:59:09,291 - [INFO] - 💤 Bekleyen talep yok.
2026-01-13 19:59:19,352 - [INFO] - 🕵️‍♂️ JOB BAŞLADI: Gerçek veritabanı kontrol ediliyor...
2026-01-13 19:59:19,355 - [INFO] - 💤 Bekleyen talep yok.
2026-01-13 19:59:29,448 - [INFO] - 🕵️‍♂️ JOB BAŞLADI: Gerçek veritabanı kontrol ediliyor...
2026-01-13 19:59:29,451 - [INFO] - 💤 Bekleyen talep yok.
2026-01-13 19:59:39,522 - [INFO] - 🕵️‍♂️ JOB BAŞLADI: Gerçek veritabanı kontrol ediliyor...
2026-01-13 19:59:39,525 - [INFO] - 💤 Bekleyen talep yok.
2026-01-13 19:59:49,595 - [INFO] - 🕵️‍♂️ JOB BAŞLADI: Gerçek veritabanı kontrol ediliyor...
2026-01-13 19:59:49,597 - [INFO] - 💤 Bekleyen talep yok.
2026-01-13 19:59:59,658 - [INFO] - 🕵️‍♂️ JOB BAŞLADI: Gerçek veritabanı kontrol ediliyor...
2026-01-13 19:59:59,660 - [INFO] - 💤 Bekleyen talep yok.
2026-01-13 20:00:09,734 - [INFO] - 🕵️‍♂️ JOB BAŞLADI: Gerçek veritabanı kontrol ediliyor...
2026-01-13 20:00:09,737 - [INFO] - 💤 Bekleyen talep yok.
2026-01-13 20:00:19,806 - [INFO] - 🕵️‍♂️ JOB BAŞLADI: Gerçek veritabanı kontrol ediliyor...
2026-01-13 20:00:19,808 - [INFO] - 💤 Bekleyen talep yok.
2026-01-13 20:00:29,877 - [INFO] - 🕵️‍♂️ JOB BAŞLADI: Gerçek veritabanı kontrol ediliyor...
2026-01-13 20:00:29,879 - [INFO] - 💤 Bekleyen talep yok.
2026-01-13 20:00:39,955 - [INFO] - 🕵️‍♂️ JOB BAŞLADI: Gerçek veritabanı kontrol ediliyor...
2026-01-13 20:00:39,958 - [INFO] - 💤 Bekleyen talep yok.
2026-01-13 20:00:50,020 - [INFO] - 🕵️‍♂️ JOB BAŞLADI: Gerçek veritabanı kontrol ediliyor...
2026-01-13 20:00:50,022 - [INFO] - 💤 Bekleyen talep yok.
2026-01-13 20:01:00,089 - [INFO] - 🕵️‍♂️ JOB BAŞLADI: Gerçek veritabanı kontrol ediliyor...
2026-01-13 20:01:00,091 - [INFO] - 💤 Bekleyen talep yok.
2026-01-13 20:01:10,161 - [INFO] - 🕵️‍♂️ JOB BAŞLADI: Gerçek veritabanı kontrol ediliyor...
2026-01-13 20:01:10,162 - [INFO] - 💤 Bekleyen talep yok.
2026-01-13 20:01:20,238 - [INFO] - 🕵️‍♂️ JOB BAŞLADI: Gerçek veritabanı kontrol ediliyor...
2026-01-13 20:01:20,241 - [INFO] - 💤 Bekleyen talep yok.
2026-01-13 20:01:30,307 - [INFO] - 🕵️‍♂️ JOB BAŞLADI: Gerçek veritabanı kontrol ediliyor...
2026-01-13 20:01:30,309 - [INFO] - 💤 Bekleyen talep yok.
2026-01-13 20:01:40,382 - [INFO] - 🕵️‍♂️ JOB BAŞLADI: Gerçek veritabanı kontrol ediliyor...
2026-01-13 20:01:40,385 - [INFO] - 💤 Bekleyen talep yok.
2026-01-13 20:01:50,461 - [INFO] - 🕵️‍♂️ JOB BAŞLADI: Gerçek veritabanı kontrol ediliyor...
2026-01-13 20:01:50,463 - [INFO] - 💤 Bekleyen talep yok.
2026-01-13 20:02:00,558 - [INFO] - 🕵️‍♂️ JOB BAŞLADI: Gerçek veritabanı kontrol ediliyor...
2026-01-13 20:02:00,561 - [INFO] - 💤 Bekleyen talep yok.
2026-01-13 20:02:10,647 - [INFO] - 🕵️‍♂️ JOB BAŞLADI: Gerçek veritabanı kontrol ediliyor...
2026-01-13 20:02:10,649 - [INFO] - 💤 Bekleyen talep yok.
2026-01-13 20:02:20,734 - [INFO] - 🕵️‍♂️ JOB BAŞLADI: Gerçek veritabanı kontrol ediliyor...
2026-01-13 20:02:20,736 - [INFO] - 💤 Bekleyen talep yok.
2026-01-13 20:02:30,807 - [INFO] - 🕵️‍♂️ JOB BAŞLADI: Gerçek veritabanı kontrol ediliyor...
2026-01-13 20:02:30,808 - [INFO] - 💤 Bekleyen talep yok.
2026-01-13 20:02:40,883 - [INFO] - 🕵️‍♂️ JOB BAŞLADI: Gerçek veritabanı kontrol ediliyor...
2026-01-13 20:02:40,885 - [INFO] - 💤 Bekleyen talep yok.
2026-01-13 20:02:50,944 - [INFO] - 🕵️‍♂️ JOB BAŞLADI: Gerçek veritabanı kontrol ediliyor...
2026-01-13 20:02:50,946 - [INFO] - 💤 Bekleyen talep yok.
2026-01-13 20:03:01,017 - [INFO] - 🕵️‍♂️ JOB BAŞLADI: Gerçek veritabanı kontrol ediliyor...
2026-01-13 20:03:01,019 - [INFO] - 💤 Bekleyen talep yok.
2026-01-13 20:03:11,089 - [INFO] - 🕵️‍♂️ JOB BAŞLADI: Gerçek veritabanı kontrol ediliyor...
2026-01-13 20:03:11,091 - [INFO] - 💤 Bekleyen talep yok.
2026-01-13 20:03:21,170 - [INFO] - 🕵️‍♂️ JOB BAŞLADI: Gerçek veritabanı kontrol ediliyor...
2026-01-13 20:03:21,172 - [INFO] - 💤 Bekleyen talep yok.
2026-01-13 20:03:31,240 - [INFO] - 🕵️‍♂️ JOB BAŞLADI: Gerçek veritabanı kontrol ediliyor...
2026-01-13 20:03:31,242 - [INFO] - 💤 Bekleyen talep yok.
2026-01-13 20:03:41,323 - [INFO] - 🕵️‍♂️ JOB BAŞLADI: Gerçek veritabanı kontrol ediliyor...
2026-01-13 20:03:41,325 - [INFO] - 💤 Bekleyen talep yok.
2026-01-13 20:03:51,400 - [INFO] - 🕵️‍♂️ JOB BAŞLADI: Gerçek veritabanı kontrol ediliyor...
2026-01-13 20:03:51,402 - [INFO] - 💤 Bekleyen talep yok.
2026-01-13 20:04:01,482 - [INFO] - 🕵️‍♂️ JOB BAŞLADI: Gerçek veritabanı kontrol ediliyor...
2026-01-13 20:04:01,485 - [INFO] - 💤 Bekleyen talep yok.
2026-01-13 20:04:11,567 - [INFO] - 🕵️‍♂️ JOB BAŞLADI: Gerçek veritabanı kontrol ediliyor...
2026-01-13 20:04:11,569 - [INFO] - 💤 Bekleyen talep yok.
2026-01-13 20:04:21,660 - [INFO] - 🕵️‍♂️ JOB BAŞLADI: Gerçek veritabanı kontrol ediliyor...
2026-01-13 20:04:21,661 - [INFO] - 💤 Bekleyen talep yok.
2026-01-13 20:04:31,754 - [INFO] - 🕵️‍♂️ JOB BAŞLADI: Gerçek veritabanı kontrol ediliyor...
2026-01-13 20:04:31,756 - [INFO] - 💤 Bekleyen talep yok.
2026-01-13 20:04:41,833 - [INFO] - 🕵️‍♂️ JOB BAŞLADI: Gerçek veritabanı kontrol ediliyor...
2026-01-13 20:04:41,835 - [INFO] - 💤 Bekleyen talep yok.
2026-01-13 20:04:51,914 - [INFO] - 🕵️‍♂️ JOB BAŞLADI: Gerçek veritabanı kontrol ediliyor...
2026-01-13 20:04:51,916 - [INFO] - 💤 Bekleyen talep yok.
2026-01-13 20:05:01,982 - [INFO] - 🕵️‍♂️ JOB BAŞLADI: Gerçek veritabanı kontrol ediliyor...
2026-01-13 20:05:01,984 - [INFO] - 💤 Bekleyen talep yok.
2026-01-13 20:05:12,049 - [INFO] - 🕵️‍♂️ JOB BAŞLADI: Gerçek veritabanı kontrol ediliyor...
2026-01-13 20:05:12,051 - [INFO] - 💤 Bekleyen talep yok.
2026-01-13 20:05:22,130 - [INFO] - 🕵️‍♂️ JOB BAŞLADI: Gerçek veritabanı kontrol ediliyor...
2026-01-13 20:05:22,132 - [INFO] - 💤 Bekleyen talep yok.
2026-01-13 20:05:32,207 - [INFO] - 🕵️‍♂️ JOB BAŞLADI: Gerçek veritabanı kontrol ediliyor...
2026-01-13 20:05:32,210 - [INFO] - 💤 Bekleyen talep yok.
2026-01-13 20:05:42,291 - [INFO] - 🕵️‍♂️ JOB BAŞLADI: Gerçek veritabanı kontrol ediliyor...
2026-01-13 20:05:42,294 - [INFO] - 💤 Bekleyen talep yok.
2026-01-13 20:05:52,366 - [INFO] - 🕵️‍♂️ JOB BAŞLADI: Gerçek veritabanı kontrol ediliyor...
2026-01-13 20:05:52,368 - [INFO] - 💤 Bekleyen talep yok.
2026-01-13 20:06:02,420 - [INFO] - 🕵️‍♂️ JOB BAŞLADI: Gerçek veritabanı kontrol ediliyor...
2026-01-13 20:06:02,422 - [INFO] - 💤 Bekleyen talep yok.
2026-01-13 20:06:12,506 - [INFO] - 🕵️‍♂️ JOB BAŞLADI: Gerçek veritabanı kontrol ediliyor...
2026-01-13 20:06:12,508 - [INFO] - 💤 Bekleyen talep yok.
2026-01-13 20:06:22,568 - [INFO] - 🕵️‍♂️ JOB BAŞLADI: Gerçek veritabanı kontrol ediliyor...
2026-01-13 20:06:22,569 - [INFO] - 💤 Bekleyen talep yok.
2026-01-13 20:06:32,655 - [INFO] - 🕵️‍♂️ JOB BAŞLADI: Gerçek veritabanı kontrol ediliyor...
2026-01-13 20:06:32,658 - [INFO] - 💤 Bekleyen talep yok.
2026-01-13 20:06:42,724 - [INFO] - 🕵️‍♂️ JOB BAŞLADI: Gerçek veritabanı kontrol ediliyor...
2026-01-13 20:06:42,727 - [INFO] - 💤 Bekleyen talep yok.
2026-01-13 20:06:52,820 - [INFO] - 🕵️‍♂️ JOB BAŞLADI: Gerçek veritabanı kontrol ediliyor...
2026-01-13 20:06:52,822 - [INFO] - 💤 Bekleyen talep yok.
2026-01-13 20:07:02,899 - [INFO] - 🕵️‍♂️ JOB BAŞLADI: Gerçek veritabanı kontrol ediliyor...
2026-01-13 20:07:02,902 - [INFO] - 💤 Bekleyen talep yok.
2026-01-13 20:07:12,970 - [INFO] - 🕵️‍♂️ JOB BAŞLADI: Gerçek veritabanı kontrol ediliyor...
2026-01-13 20:07:12,973 - [INFO] - 💤 Bekleyen talep yok.
2026-01-13 20:07:23,041 - [INFO] - 🕵️‍♂️ JOB BAŞLADI: Gerçek veritabanı kontrol ediliyor...
2026-01-13 20:07:23,044 - [INFO] - 💤 Bekleyen talep yok.
2026-01-13 20:07:33,130 - [INFO] - 🕵️‍♂️ JOB BAŞLADI: Gerçek veritabanı kontrol ediliyor...
2026-01-13 20:07:33,132 - [INFO] - 💤 Bekleyen talep yok.
2026-01-13 20:07:43,207 - [INFO] - 🕵️‍♂️ JOB BAŞLADI: Gerçek veritabanı kontrol ediliyor...
2026-01-13 20:07:43,209 - [INFO] - 💤 Bekleyen talep yok.
2026-01-13 20:07:53,288 - [INFO] - 🕵️‍♂️ JOB BAŞLADI: Gerçek veritabanı kontrol ediliyor...
2026-01-13 20:07:53,291 - [INFO] - 💤 Bekleyen talep yok.
2026-01-13 20:08:03,358 - [INFO] - 🕵️‍♂️ JOB BAŞLADI: Gerçek veritabanı kontrol ediliyor...
2026-01-13 20:08:03,360 - [INFO] - 💤 Bekleyen talep yok.
2026-01-13 20:08:13,449 - [INFO] - 🕵️‍♂️ JOB BAŞLADI: Gerçek veritabanı kontrol ediliyor...
2026-01-13 20:08:13,451 - [INFO] - 💤 Bekleyen talep yok.
2026-01-13 20:08:23,506 - [INFO] - 🕵️‍♂️ JOB BAŞLADI: Gerçek veritabanı kontrol ediliyor...
2026-01-13 20:08:23,508 - [INFO] - 💤 Bekleyen talep yok.
2026-01-13 20:08:33,578 - [INFO] - 🕵️‍♂️ JOB BAŞLADI: Gerçek veritabanı kontrol ediliyor...
2026-01-13 20:08:33,580 - [INFO] - 💤 Bekleyen talep yok.
2026-01-13 20:08:43,669 - [INFO] - 🕵️‍♂️ JOB BAŞLADI: Gerçek veritabanı kontrol ediliyor...
2026-01-13 20:08:43,671 - [INFO] - 💤 Bekleyen talep yok.
2026-01-13 20:08:53,755 - [INFO] - 🕵️‍♂️ JOB BAŞLADI: Gerçek veritabanı kontrol ediliyor...
2026-01-13 20:08:53,757 - [INFO] - 💤 Bekleyen talep yok.
2026-01-13 20:09:03,832 - [INFO] - 🕵️‍♂️ JOB BAŞLADI: Gerçek veritabanı kontrol ediliyor...
2026-01-13 20:09:03,834 - [INFO] - 💤 Bekleyen talep yok.
2026-01-13 20:09:13,916 - [INFO] - 🕵️‍♂️ JOB BAŞLADI: Gerçek veritabanı kontrol ediliyor...
2026-01-13 20:09:13,918 - [INFO] - 💤 Bekleyen talep yok.
2026-01-13 20:09:23,998 - [INFO] - 🕵️‍♂️ JOB BAŞLADI: Gerçek veritabanı kontrol ediliyor...
2026-01-13 20:09:24,001 - [INFO] - 💤 Bekleyen talep yok.
2026-01-13 20:09:34,080 - [INFO] - 🕵️‍♂️ JOB BAŞLADI: Gerçek veritabanı kontrol ediliyor...
2026-01-13 20:09:34,082 - [INFO] - 💤 Bekleyen talep yok.
2026-01-13 20:09:44,155 - [INFO] - 🕵️‍♂️ JOB BAŞLADI: Gerçek veritabanı kontrol ediliyor...
2026-01-13 20:09:44,158 - [INFO] - 💤 Bekleyen talep yok.
2026-01-13 20:09:54,238 - [INFO] - 🕵️‍♂️ JOB BAŞLADI: Gerçek veritabanı kontrol ediliyor...
2026-01-13 20:09:54,240 - [INFO] - 💤 Bekleyen talep yok.
2026-01-13 20:10:04,319 - [INFO] - 🕵️‍♂️ JOB BAŞLADI: Gerçek veritabanı kontrol ediliyor...
2026-01-13 20:10:04,321 - [INFO] - 💤 Bekleyen talep yok.
2026-01-13 20:10:14,407 - [INFO] - 🕵️‍♂️ JOB BAŞLADI: Gerçek veritabanı kontrol ediliyor...
2026-01-13 20:10:14,409 - [INFO] - 💤 Bekleyen talep yok.
2026-01-13 20:10:24,488 - [INFO] - 🕵️‍♂️ JOB BAŞLADI: Gerçek veritabanı kontrol ediliyor...
2026-01-13 20:10:24,490 - [INFO] - 💤 Bekleyen talep yok.
2026-01-13 20:10:34,572 - [INFO] - 🕵️‍♂️ JOB BAŞLADI: Gerçek veritabanı kontrol ediliyor...
2026-01-13 20:10:34,574 - [INFO] - 💤 Bekleyen talep yok.
2026-01-13 20:10:44,652 - [INFO] - 🕵️‍♂️ JOB BAŞLADI: Gerçek veritabanı kontrol ediliyor...
2026-01-13 20:10:44,655 - [INFO] - 💤 Bekleyen talep yok.
2026-01-13 20:10:54,738 - [INFO] - 🕵️‍♂️ JOB BAŞLADI: Gerçek veritabanı kontrol ediliyor...
2026-01-13 20:10:54,740 - [INFO] - 💤 Bekleyen talep yok.
2026-01-13 20:11:04,826 - [INFO] - 🕵️‍♂️ JOB BAŞLADI: Gerçek veritabanı kontrol ediliyor...
2026-01-13 20:11:04,828 - [INFO] - 💤 Bekleyen talep yok.
2026-01-13 20:11:14,899 - [INFO] - 🕵️‍♂️ JOB BAŞLADI: Gerçek veritabanı kontrol ediliyor...
2026-01-13 20:11:14,902 - [INFO] - 💤 Bekleyen talep yok.
2026-01-13 20:11:24,985 - [INFO] - 🕵️‍♂️ JOB BAŞLADI: Gerçek veritabanı kontrol ediliyor...
2026-01-13 20:11:24,988 - [INFO] - 💤 Bekleyen talep yok.
2026-01-13 20:11:35,085 - [INFO] - 🕵️‍♂️ JOB BAŞLADI: Gerçek veritabanı kontrol ediliyor...
2026-01-13 20:11:35,087 - [INFO] - 💤 Bekleyen talep yok.
2026-01-13 20:11:45,147 - [INFO] - 🕵️‍♂️ JOB BAŞLADI: Gerçek veritabanı kontrol ediliyor...
2026-01-13 20:11:45,149 - [INFO] - 💤 Bekleyen talep yok.
2026-01-13 20:11:55,224 - [INFO] - 🕵️‍♂️ JOB BAŞLADI: Gerçek veritabanı kontrol ediliyor...
2026-01-13 20:11:55,226 - [INFO] - 💤 Bekleyen talep yok.
2026-01-13 20:12:05,322 - [INFO] - 🕵️‍♂️ JOB BAŞLADI: Gerçek veritabanı kontrol ediliyor...
2026-01-13 20:12:05,325 - [INFO] - 💤 Bekleyen talep yok.
2026-01-13 20:12:15,405 - [INFO] - 🕵️‍♂️ JOB BAŞLADI: Gerçek veritabanı kontrol ediliyor...
2026-01-13 20:12:15,407 - [INFO] - 💤 Bekleyen talep yok.
2026-01-13 20:12:25,480 - [INFO] - 🕵️‍♂️ JOB BAŞLADI: Gerçek veritabanı kontrol ediliyor...
2026-01-13 20:12:25,482 - [INFO] - 💤 Bekleyen talep yok.
2026-01-13 20:12:35,555 - [INFO] - 🕵️‍♂️ JOB BAŞLADI: Gerçek veritabanı kontrol ediliyor...
2026-01-13 20:12:35,558 - [INFO] - 💤 Bekleyen talep yok.
2026-01-13 20:12:45,617 - [INFO] - 🕵️‍♂️ JOB BAŞLADI: Gerçek veritabanı kontrol ediliyor...
2026-01-13 20:12:45,619 - [INFO] - 💤 Bekleyen talep yok.
2026-01-13 20:12:55,704 - [INFO] - 🕵️‍♂️ JOB BAŞLADI: Gerçek veritabanı kontrol ediliyor...
2026-01-13 20:12:55,706 - [INFO] - 💤 Bekleyen talep yok.
2026-01-13 20:13:05,785 - [INFO] - 🕵️‍♂️ JOB BAŞLADI: Gerçek veritabanı kontrol ediliyor...
2026-01-13 20:13:05,787 - [INFO] - 💤 Bekleyen talep yok.
2026-01-13 20:13:15,864 - [INFO] - 🕵️‍♂️ JOB BAŞLADI: Gerçek veritabanı kontrol ediliyor...
2026-01-13 20:13:15,867 - [INFO] - 💤 Bekleyen talep yok.
2026-01-13 20:13:25,955 - [INFO] - 🕵️‍♂️ JOB BAŞLADI: Gerçek veritabanı kontrol ediliyor...
2026-01-13 20:13:25,957 - [INFO] - 💤 Bekleyen talep yok.
2026-01-13 20:13:36,021 - [INFO] - 🕵️‍♂️ JOB BAŞLADI: Gerçek veritabanı kontrol ediliyor...
2026-01-13 20:13:36,024 - [INFO] - 💤 Bekleyen talep yok.
2026-01-13 20:13:46,104 - [INFO] - 🕵️‍♂️ JOB BAŞLADI: Gerçek veritabanı kontrol ediliyor...
2026-01-13 20:13:46,106 - [INFO] - 💤 Bekleyen talep yok.
2026-01-13 20:13:56,183 - [INFO] - 🕵️‍♂️ JOB BAŞLADI: Gerçek veritabanı kontrol ediliyor...
2026-01-13 20:13:56,185 - [INFO] - 💤 Bekleyen talep yok.
2026-01-13 20:14:06,268 - [INFO] - 🕵️‍♂️ JOB BAŞLADI: Gerçek veritabanı kontrol ediliyor...
2026-01-13 20:14:06,270 - [INFO] - 💤 Bekleyen talep yok.
2026-01-13 20:14:16,328 - [INFO] - 🕵️‍♂️ JOB BAŞLADI: Gerçek veritabanı kontrol ediliyor...
2026-01-13 20:14:16,330 - [INFO] - 💤 Bekleyen talep yok.
2026-01-13 20:14:26,414 - [INFO] - 🕵️‍♂️ JOB BAŞLADI: Gerçek veritabanı kontrol ediliyor...
2026-01-13 20:14:26,417 - [INFO] - 💤 Bekleyen talep yok.
2026-01-13 20:14:36,487 - [INFO] - 🕵️‍♂️ JOB BAŞLADI: Gerçek veritabanı kontrol ediliyor...
2026-01-13 20:14:36,489 - [INFO] - 💤 Bekleyen talep yok.
2026-01-13 20:14:46,556 - [INFO] - 🕵️‍♂️ JOB BAŞLADI: Gerçek veritabanı kontrol ediliyor...
2026-01-13 20:14:46,558 - [INFO] - 💤 Bekleyen talep yok.
2026-01-13 20:14:56,618 - [INFO] - 🕵️‍♂️ JOB BAŞLADI: Gerçek veritabanı kontrol ediliyor...
2026-01-13 20:14:56,620 - [INFO] - 💤 Bekleyen talep yok.
2026-01-13 20:15:06,695 - [INFO] - 🕵️‍♂️ JOB BAŞLADI: Gerçek veritabanı kontrol ediliyor...
2026-01-13 20:15:06,697 - [INFO] - 💤 Bekleyen talep yok.
2026-01-13 20:15:16,780 - [INFO] - 🕵️‍♂️ JOB BAŞLADI: Gerçek veritabanı kontrol ediliyor...
2026-01-13 20:15:16,782 - [INFO] - 💤 Bekleyen talep yok.
2026-01-13 20:15:26,851 - [INFO] - 🕵️‍♂️ JOB BAŞLADI: Gerçek veritabanı kontrol ediliyor...
2026-01-13 20:15:26,853 - [INFO] - 💤 Bekleyen talep yok.
2026-01-13 20:15:36,918 - [INFO] - 🕵️‍♂️ JOB BAŞLADI: Gerçek veritabanı kontrol ediliyor...
2026-01-13 20:15:36,920 - [INFO] - 💤 Bekleyen talep yok.
2026-01-13 20:15:46,988 - [INFO] - 🕵️‍♂️ JOB BAŞLADI: Gerçek veritabanı kontrol ediliyor...
2026-01-13 20:15:46,990 - [INFO] - 💤 Bekleyen talep yok.
2026-01-13 20:15:57,066 - [INFO] - 🕵️‍♂️ JOB BAŞLADI: Gerçek veritabanı kontrol ediliyor...
2026-01-13 20:15:57,068 - [INFO] - 💤 Bekleyen talep yok.
2026-01-13 20:16:07,146 - [INFO] - 🕵️‍♂️ JOB BAŞLADI: Gerçek veritabanı kontrol ediliyor...
2026-01-13 20:16:07,148 - [INFO] - 💤 Bekleyen talep yok.
2026-01-13 20:16:17,213 - [INFO] - 🕵️‍♂️ JOB BAŞLADI: Gerçek veritabanı kontrol ediliyor...
2026-01-13 20:16:17,215 - [INFO] - 💤 Bekleyen talep yok.
2026-01-13 20:16:27,284 - [INFO] - 🕵️‍♂️ JOB BAŞLADI: Gerçek veritabanı kontrol ediliyor...
2026-01-13 20:16:27,286 - [INFO] - 💤 Bekleyen talep yok.
2026-01-13 20:16:37,366 - [INFO] - 🕵️‍♂️ JOB BAŞLADI: Gerçek veritabanı kontrol ediliyor...
2026-01-13 20:16:37,368 - [INFO] - 💤 Bekleyen talep yok.
2026-01-13 20:16:47,436 - [INFO] - 🕵️‍♂️ JOB BAŞLADI: Gerçek veritabanı kontrol ediliyor...
2026-01-13 20:16:47,438 - [INFO] - 💤 Bekleyen talep yok.
2026-01-13 20:16:57,513 - [INFO] - 🕵️‍♂️ JOB BAŞLADI: Gerçek veritabanı kontrol ediliyor...
2026-01-13 20:16:57,515 - [INFO] - 💤 Bekleyen talep yok.
2026-01-13 20:17:07,586 - [INFO] - 🕵️‍♂️ JOB BAŞLADI: Gerçek veritabanı kontrol ediliyor...
2026-01-13 20:17:07,588 - [INFO] - 💤 Bekleyen talep yok.
2026-01-13 20:17:17,679 - [INFO] - 🕵️‍♂️ JOB BAŞLADI: Gerçek veritabanı kontrol ediliyor...
2026-01-13 20:17:17,681 - [INFO] - 💤 Bekleyen talep yok.
2026-01-13 20:17:27,756 - [INFO] - 🕵️‍♂️ JOB BAŞLADI: Gerçek veritabanı kontrol ediliyor...
2026-01-13 20:17:27,758 - [INFO] - 💤 Bekleyen talep yok.
2026-01-13 20:17:37,836 - [INFO] - 🕵️‍♂️ JOB BAŞLADI: Gerçek veritabanı kontrol ediliyor...
2026-01-13 20:17:37,839 - [INFO] - 💤 Bekleyen talep yok.
2026-01-13 20:17:47,938 - [INFO] - 🕵️‍♂️ JOB BAŞLADI: Gerçek veritabanı kontrol ediliyor...
2026-01-13 20:17:47,941 - [INFO] - 💤 Bekleyen talep yok.
2026-01-13 20:17:58,001 - [INFO] - 🕵️‍♂️ JOB BAŞLADI: Gerçek veritabanı kontrol ediliyor...
2026-01-13 20:17:58,003 - [INFO] - 💤 Bekleyen talep yok.
2026-01-13 20:18:08,083 - [INFO] - 🕵️‍♂️ JOB BAŞLADI: Gerçek veritabanı kontrol ediliyor...
2026-01-13 20:18:08,086 - [INFO] - 💤 Bekleyen talep yok.
2026-01-13 20:18:18,161 - [INFO] - 🕵️‍♂️ JOB BAŞLADI: Gerçek veritabanı kontrol ediliyor...
2026-01-13 20:18:18,164 - [INFO] - 💤 Bekleyen talep yok.
2026-01-13 20:18:28,251 - [INFO] - 🕵️‍♂️ JOB BAŞLADI: Gerçek veritabanı kontrol ediliyor...
2026-01-13 20:18:28,253 - [INFO] - 💤 Bekleyen talep yok.
2026-01-13 20:18:38,342 - [INFO] - 🕵️‍♂️ JOB BAŞLADI: Gerçek veritabanı kontrol ediliyor...
2026-01-13 20:18:38,345 - [INFO] - 💤 Bekleyen talep yok.
2026-01-13 20:18:48,422 - [INFO] - 🕵️‍♂️ JOB BAŞLADI: Gerçek veritabanı kontrol ediliyor...
2026-01-13 20:18:48,424 - [INFO] - 💤 Bekleyen talep yok.
2026-01-13 20:18:58,503 - [INFO] - 🕵️‍♂️ JOB BAŞLADI: Gerçek veritabanı kontrol ediliyor...
2026-01-13 20:18:58,504 - [INFO] - 💤 Bekleyen talep yok.
2026-01-13 20:19:08,583 - [INFO] - 🕵️‍♂️ JOB BAŞLADI: Gerçek veritabanı kontrol ediliyor...
2026-01-13 20:19:08,585 - [INFO] - 💤 Bekleyen talep yok.
2026-01-13 20:19:18,666 - [INFO] - 🕵️‍♂️ JOB BAŞLADI: Gerçek veritabanı kontrol ediliyor...
2026-01-13 20:19:18,668 - [INFO] - 💤 Bekleyen talep yok.
2026-01-13 20:19:28,751 - [INFO] - 🕵️‍♂️ JOB BAŞLADI: Gerçek veritabanı kontrol ediliyor...
2026-01-13 20:19:28,753 - [INFO] - 💤 Bekleyen talep yok.
2026-01-13 20:19:38,827 - [INFO] - 🕵️‍♂️ JOB BAŞLADI: Gerçek veritabanı kontrol ediliyor...
2026-01-13 20:19:38,830 - [INFO] - 💤 Bekleyen talep yok.
2026-01-13 20:19:48,906 - [INFO] - 🕵️‍♂️ JOB BAŞLADI: Gerçek veritabanı kontrol ediliyor...
2026-01-13 20:19:48,909 - [INFO] - 💤 Bekleyen talep yok.
2026-01-13 20:19:59,002 - [INFO] - 🕵️‍♂️ JOB BAŞLADI: Gerçek veritabanı kontrol ediliyor...
2026-01-13 20:19:59,005 - [INFO] - 💤 Bekleyen talep yok.
2026-01-13 20:20:09,088 - [INFO] - 🕵️‍♂️ JOB BAŞLADI: Gerçek veritabanı kontrol ediliyor...
2026-01-13 20:20:09,090 - [INFO] - 💤 Bekleyen talep yok.
2026-01-13 20:20:19,186 - [INFO] - 🕵️‍♂️ JOB BAŞLADI: Gerçek veritabanı kontrol ediliyor...
2026-01-13 20:20:19,189 - [INFO] - 💤 Bekleyen talep yok.
2026-01-13 20:20:29,262 - [INFO] - 🕵️‍♂️ JOB BAŞLADI: Gerçek veritabanı kontrol ediliyor...
2026-01-13 20:20:29,265 - [INFO] - 💤 Bekleyen talep yok.
2026-01-13 20:20:39,333 - [INFO] - 🕵️‍♂️ JOB BAŞLADI: Gerçek veritabanı kontrol ediliyor...
2026-01-13 20:20:39,335 - [INFO] - 💤 Bekleyen talep yok.
2026-01-13 20:20:49,402 - [INFO] - 🕵️‍♂️ JOB BAŞLADI: Gerçek veritabanı kontrol ediliyor...
2026-01-13 20:20:49,405 - [INFO] - 💤 Bekleyen talep yok.
2026-01-13 20:20:59,488 - [INFO] - 🕵️‍♂️ JOB BAŞLADI: Gerçek veritabanı kontrol ediliyor...
2026-01-13 20:20:59,490 - [INFO] - 💤 Bekleyen talep yok.
2026-01-13 20:21:09,578 - [INFO] - 🕵️‍♂️ JOB BAŞLADI: Gerçek veritabanı kontrol ediliyor...
2026-01-13 20:21:09,580 - [INFO] - 💤 Bekleyen talep yok.
2026-01-13 20:21:19,653 - [INFO] - 🕵️‍♂️ JOB BAŞLADI: Gerçek veritabanı kontrol ediliyor...
2026-01-13 20:21:19,655 - [INFO] - 💤 Bekleyen talep yok.
2026-01-13 20:21:29,733 - [INFO] - 🕵️‍♂️ JOB BAŞLADI: Gerçek veritabanı kontrol ediliyor...
2026-01-13 20:21:29,736 - [INFO] - 💤 Bekleyen talep yok.
2026-01-13 20:21:39,818 - [INFO] - 🕵️‍♂️ JOB BAŞLADI: Gerçek veritabanı kontrol ediliyor...
2026-01-13 20:21:39,821 - [INFO] - 💤 Bekleyen talep yok.
2026-01-13 20:21:49,902 - [INFO] - 🕵️‍♂️ JOB BAŞLADI: Gerçek veritabanı kontrol ediliyor...
2026-01-13 20:21:49,904 - [INFO] - 💤 Bekleyen talep yok.
2026-01-13 20:21:59,960 - [INFO] - 🕵️‍♂️ JOB BAŞLADI: Gerçek veritabanı kontrol ediliyor...
2026-01-13 20:21:59,962 - [INFO] - 💤 Bekleyen talep yok.
2026-01-13 20:22:10,045 - [INFO] - 🕵️‍♂️ JOB BAŞLADI: Gerçek veritabanı kontrol ediliyor...
2026-01-13 20:22:10,047 - [INFO] - 💤 Bekleyen talep yok.
2026-01-13 20:22:20,129 - [INFO] - 🕵️‍♂️ JOB BAŞLADI: Gerçek veritabanı kontrol ediliyor...
2026-01-13 20:22:20,132 - [INFO] - 💤 Bekleyen talep yok.
2026-01-13 20:22:30,196 - [INFO] - 🕵️‍♂️ JOB BAŞLADI: Gerçek veritabanı kontrol ediliyor...
2026-01-13 20:22:30,198 - [INFO] - 💤 Bekleyen talep yok.
2026-01-13 20:22:40,265 - [INFO] - 🕵️‍♂️ JOB BAŞLADI: Gerçek veritabanı kontrol ediliyor...
2026-01-13 20:22:40,267 - [INFO] - 💤 Bekleyen talep yok.
2026-01-13 20:22:50,345 - [INFO] - 🕵️‍♂️ JOB BAŞLADI: Gerçek veritabanı kontrol ediliyor...
2026-01-13 20:22:50,347 - [INFO] - 💤 Bekleyen talep yok.
2026-01-13 20:23:00,425 - [INFO] - 🕵️‍♂️ JOB BAŞLADI: Gerçek veritabanı kontrol ediliyor...
2026-01-13 20:23:00,427 - [INFO] - 💤 Bekleyen talep yok.
2026-01-13 20:23:10,496 - [INFO] - 🕵️‍♂️ JOB BAŞLADI: Gerçek veritabanı kontrol ediliyor...
2026-01-13 20:23:10,498 - [INFO] - 💤 Bekleyen talep yok.
2026-01-13 20:23:20,573 - [INFO] - 🕵️‍♂️ JOB BAŞLADI: Gerçek veritabanı kontrol ediliyor...
2026-01-13 20:23:20,576 - [INFO] - 💤 Bekleyen talep yok.
2026-01-13 20:23:30,651 - [INFO] - 🕵️‍♂️ JOB BAŞLADI: Gerçek veritabanı kontrol ediliyor...
2026-01-13 20:23:30,654 - [INFO] - 💤 Bekleyen talep yok.
2026-01-13 20:23:40,716 - [INFO] - 🕵️‍♂️ JOB BAŞLADI: Gerçek veritabanı kontrol ediliyor...
2026-01-13 20:23:40,718 - [INFO] - 💤 Bekleyen talep yok.
2026-01-13 20:23:50,801 - [INFO] - 🕵️‍♂️ JOB BAŞLADI: Gerçek veritabanı kontrol ediliyor...
2026-01-13 20:23:50,804 - [INFO] - 💤 Bekleyen talep yok.
2026-01-13 20:24:00,884 - [INFO] - 🕵️‍♂️ JOB BAŞLADI: Gerçek veritabanı kontrol ediliyor...
2026-01-13 20:24:00,887 - [INFO] - 💤 Bekleyen talep yok.
2026-01-13 20:24:10,966 - [INFO] - 🕵️‍♂️ JOB BAŞLADI: Gerçek veritabanı kontrol ediliyor...
2026-01-13 20:24:10,968 - [INFO] - 💤 Bekleyen talep yok.
2026-01-13 20:24:21,062 - [INFO] - 🕵️‍♂️ JOB BAŞLADI: Gerçek veritabanı kontrol ediliyor...
2026-01-13 20:24:21,065 - [INFO] - 💤 Bekleyen talep yok.
2026-01-13 20:24:31,149 - [INFO] - 🕵️‍♂️ JOB BAŞLADI: Gerçek veritabanı kontrol ediliyor...
2026-01-13 20:24:31,151 - [INFO] - 💤 Bekleyen talep yok.
2026-01-13 20:24:41,246 - [INFO] - 🕵️‍♂️ JOB BAŞLADI: Gerçek veritabanı kontrol ediliyor...
2026-01-13 20:24:41,248 - [INFO] - 💤 Bekleyen talep yok.
2026-01-13 20:24:51,330 - [INFO] - 🕵️‍♂️ JOB BAŞLADI: Gerçek veritabanı kontrol ediliyor...
2026-01-13 20:24:51,332 - [INFO] - 💤 Bekleyen talep yok.
2026-01-13 20:25:01,388 - [INFO] - 🕵️‍♂️ JOB BAŞLADI: Gerçek veritabanı kontrol ediliyor...
2026-01-13 20:25:01,390 - [INFO] - 💤 Bekleyen talep yok.
2026-01-13 20:25:11,463 - [INFO] - 🕵️‍♂️ JOB BAŞLADI: Gerçek veritabanı kontrol ediliyor...
2026-01-13 20:25:11,466 - [INFO] - 💤 Bekleyen talep yok.
2026-01-13 20:25:21,544 - [INFO] - 🕵️‍♂️ JOB BAŞLADI: Gerçek veritabanı kontrol ediliyor...
2026-01-13 20:25:21,547 - [INFO] - 💤 Bekleyen talep yok.
2026-01-13 20:25:31,598 - [INFO] - 🕵️‍♂️ JOB BAŞLADI: Gerçek veritabanı kontrol ediliyor...
2026-01-13 20:25:31,599 - [INFO] - 💤 Bekleyen talep yok.
2026-01-13 20:25:41,632 - [INFO] - 🕵️‍♂️ JOB BAŞLADI: Gerçek veritabanı kontrol ediliyor...
2026-01-13 20:25:41,635 - [INFO] - 💤 Bekleyen talep yok.
2026-01-13 20:25:51,669 - [INFO] - 🕵️‍♂️ JOB BAŞLADI: Gerçek veritabanı kontrol ediliyor...
2026-01-13 20:25:51,671 - [INFO] - 💤 Bekleyen talep yok.
2026-01-13 20:26:01,706 - [INFO] - 🕵️‍♂️ JOB BAŞLADI: Gerçek veritabanı kontrol ediliyor...
2026-01-13 20:26:01,709 - [INFO] - 💤 Bekleyen talep yok.
2026-01-13 20:26:11,746 - [INFO] - 🕵️‍♂️ JOB BAŞLADI: Gerçek veritabanı kontrol ediliyor...
2026-01-13 20:26:11,749 - [INFO] - 💤 Bekleyen talep yok.
2026-01-13 20:26:21,792 - [INFO] - 🕵️‍♂️ JOB BAŞLADI: Gerçek veritabanı kontrol ediliyor...
2026-01-13 20:26:21,794 - [INFO] - 💤 Bekleyen talep yok.
2026-01-13 20:26:31,835 - [INFO] - 🕵️‍♂️ JOB BAŞLADI: Gerçek veritabanı kontrol ediliyor...
2026-01-13 20:26:31,838 - [INFO] - 💤 Bekleyen talep yok.
2026-01-13 20:26:41,875 - [INFO] - 🕵️‍♂️ JOB BAŞLADI: Gerçek veritabanı kontrol ediliyor...
2026-01-13 20:26:41,877 - [INFO] - 💤 Bekleyen talep yok.
2026-01-13 20:26:51,916 - [INFO] - 🕵️‍♂️ JOB BAŞLADI: Gerçek veritabanı kontrol ediliyor...
2026-01-13 20:26:51,918 - [INFO] - 💤 Bekleyen talep yok.
2026-01-13 20:27:01,957 - [INFO] - 🕵️‍♂️ JOB BAŞLADI: Gerçek veritabanı kontrol ediliyor...
2026-01-13 20:27:01,959 - [INFO] - 💤 Bekleyen talep yok.
2026-01-13 20:27:11,996 - [INFO] - 🕵️‍♂️ JOB BAŞLADI: Gerçek veritabanı kontrol ediliyor...
2026-01-13 20:27:11,998 - [INFO] - 💤 Bekleyen talep yok.
2026-01-13 20:27:22,040 - [INFO] - 🕵️‍♂️ JOB BAŞLADI: Gerçek veritabanı kontrol ediliyor...
2026-01-13 20:27:22,043 - [INFO] - 💤 Bekleyen talep yok.
2026-01-13 20:27:32,086 - [INFO] - 🕵️‍♂️ JOB BAŞLADI: Gerçek veritabanı kontrol ediliyor...
2026-01-13 20:27:32,088 - [INFO] - 💤 Bekleyen talep yok.
2026-01-13 20:27:42,122 - [INFO] - 🕵️‍♂️ JOB BAŞLADI: Gerçek veritabanı kontrol ediliyor...
2026-01-13 20:27:42,124 - [INFO] - 💤 Bekleyen talep yok.
2026-01-13 20:27:52,162 - [INFO] - 🕵️‍♂️ JOB BAŞLADI: Gerçek veritabanı kontrol ediliyor...
2026-01-13 20:27:52,164 - [INFO] - 💤 Bekleyen talep yok.
2026-01-13 20:28:02,211 - [INFO] - 🕵️‍♂️ JOB BAŞLADI: Gerçek veritabanı kontrol ediliyor...
2026-01-13 20:28:02,213 - [INFO] - 💤 Bekleyen talep yok.
2026-01-13 20:28:12,246 - [INFO] - 🕵️‍♂️ JOB BAŞLADI: Gerçek veritabanı kontrol ediliyor...
2026-01-13 20:28:12,249 - [INFO] - 💤 Bekleyen talep yok.
2026-01-13 20:28:22,291 - [INFO] - 🕵️‍♂️ JOB BAŞLADI: Gerçek veritabanı kontrol ediliyor...
2026-01-13 20:28:22,293 - [INFO] - 💤 Bekleyen talep yok.
2026-01-13 20:28:32,330 - [INFO] - 🕵️‍♂️ JOB BAŞLADI: Gerçek veritabanı kontrol ediliyor...
2026-01-13 20:28:32,333 - [INFO] - 💤 Bekleyen talep yok.
2026-01-13 20:28:42,366 - [INFO] - 🕵️‍♂️ JOB BAŞLADI: Gerçek veritabanı kontrol ediliyor...
2026-01-13 20:28:42,369 - [INFO] - 💤 Bekleyen talep yok.
2026-01-13 20:28:52,404 - [INFO] - 🕵️‍♂️ JOB BAŞLADI: Gerçek veritabanı kontrol ediliyor...
2026-01-13 20:28:52,406 - [INFO] - 💤 Bekleyen talep yok.
2026-01-13 20:29:02,441 - [INFO] - 🕵️‍♂️ JOB BAŞLADI: Gerçek veritabanı kontrol ediliyor...
2026-01-13 20:29:02,443 - [INFO] - 💤 Bekleyen talep yok.
2026-01-13 20:29:12,477 - [INFO] - 🕵️‍♂️ JOB BAŞLADI: Gerçek veritabanı kontrol ediliyor...
2026-01-13 20:29:12,479 - [INFO] - 💤 Bekleyen talep yok.
2026-01-13 20:29:22,537 - [INFO] - 🕵️‍♂️ JOB BAŞLADI: Gerçek veritabanı kontrol ediliyor...
2026-01-13 20:29:22,540 - [INFO] - 💤 Bekleyen talep yok.
2026-01-13 20:29:32,575 - [INFO] - 🕵️‍♂️ JOB BAŞLADI: Gerçek veritabanı kontrol ediliyor...
2026-01-13 20:29:32,577 - [INFO] - 💤 Bekleyen talep yok.
2026-01-13 20:29:42,620 - [INFO] - 🕵️‍♂️ JOB BAŞLADI: Gerçek veritabanı kontrol ediliyor...
2026-01-13 20:29:42,622 - [INFO] - 💤 Bekleyen talep yok.
2026-01-13 20:29:52,663 - [INFO] - 🕵️‍♂️ JOB BAŞLADI: Gerçek veritabanı kontrol ediliyor...
2026-01-13 20:29:52,665 - [INFO] - 💤 Bekleyen talep yok.
2026-01-13 20:30:02,703 - [INFO] - 🕵️‍♂️ JOB BAŞLADI: Gerçek veritabanı kontrol ediliyor...
2026-01-13 20:30:02,705 - [INFO] - 💤 Bekleyen talep yok.
2026-01-13 20:30:12,753 - [INFO] - 🕵️‍♂️ JOB BAŞLADI: Gerçek veritabanı kontrol ediliyor...
2026-01-13 20:30:12,756 - [INFO] - 💤 Bekleyen talep yok.
2026-01-13 20:30:22,799 - [INFO] - 🕵️‍♂️ JOB BAŞLADI: Gerçek veritabanı kontrol ediliyor...
2026-01-13 20:30:22,801 - [INFO] - 💤 Bekleyen talep yok.
2026-01-13 20:30:32,838 - [INFO] - 🕵️‍♂️ JOB BAŞLADI: Gerçek veritabanı kontrol ediliyor...
2026-01-13 20:30:32,840 - [INFO] - 💤 Bekleyen talep yok.
2026-01-13 20:30:42,888 - [INFO] - 🕵️‍♂️ JOB BAŞLADI: Gerçek veritabanı kontrol ediliyor...
2026-01-13 20:30:42,890 - [INFO] - 💤 Bekleyen talep yok.
2026-01-13 20:30:52,924 - [INFO] - 🕵️‍♂️ JOB BAŞLADI: Gerçek veritabanı kontrol ediliyor...
2026-01-13 20:30:52,926 - [INFO] - 💤 Bekleyen talep yok.
2026-01-13 20:31:02,967 - [INFO] - 🕵️‍♂️ JOB BAŞLADI: Gerçek veritabanı kontrol ediliyor...
2026-01-13 20:31:02,969 - [INFO] - 💤 Bekleyen talep yok.
2026-01-13 20:31:13,013 - [INFO] - 🕵️‍♂️ JOB BAŞLADI: Gerçek veritabanı kontrol ediliyor...
2026-01-13 20:31:13,015 - [INFO] - 💤 Bekleyen talep yok.
2026-01-13 20:31:23,061 - [INFO] - 🕵️‍♂️ JOB BAŞLADI: Gerçek veritabanı kontrol ediliyor...
2026-01-13 20:31:23,063 - [INFO] - 💤 Bekleyen talep yok.
2026-01-13 20:31:33,101 - [INFO] - 🕵️‍♂️ JOB BAŞLADI: Gerçek veritabanı kontrol ediliyor...
2026-01-13 20:31:33,104 - [INFO] - 💤 Bekleyen talep yok.
2026-01-13 20:31:43,175 - [INFO] - 🕵️‍♂️ JOB BAŞLADI: Gerçek veritabanı kontrol ediliyor...
2026-01-13 20:31:43,177 - [INFO] - 💤 Bekleyen talep yok.
2026-01-13 20:31:53,266 - [INFO] - 🕵️‍♂️ JOB BAŞLADI: Gerçek veritabanı kontrol ediliyor...
2026-01-13 20:31:53,268 - [INFO] - 💤 Bekleyen talep yok.
2026-01-13 20:32:03,352 - [INFO] - 🕵️‍♂️ JOB BAŞLADI: Gerçek veritabanı kontrol ediliyor...
2026-01-13 20:32:03,354 - [INFO] - 💤 Bekleyen talep yok.
2026-01-13 20:32:13,431 - [INFO] - 🕵️‍♂️ JOB BAŞLADI: Gerçek veritabanı kontrol ediliyor...
2026-01-13 20:32:13,433 - [INFO] - 💤 Bekleyen talep yok.
2026-01-13 20:32:23,495 - [INFO] - 🕵️‍♂️ JOB BAŞLADI: Gerçek veritabanı kontrol ediliyor...
2026-01-13 20:32:23,498 - [INFO] - 💤 Bekleyen talep yok.
2026-01-13 20:32:33,590 - [INFO] - 🕵️‍♂️ JOB BAŞLADI: Gerçek veritabanı kontrol ediliyor...
2026-01-13 20:32:33,592 - [INFO] - 💤 Bekleyen talep yok.
2026-01-13 20:32:43,647 - [INFO] - 🕵️‍♂️ JOB BAŞLADI: Gerçek veritabanı kontrol ediliyor...
2026-01-13 20:32:43,650 - [INFO] - 💤 Bekleyen talep yok.
2026-01-13 20:32:53,690 - [INFO] - 🕵️‍♂️ JOB BAŞLADI: Gerçek veritabanı kontrol ediliyor...
2026-01-13 20:32:53,691 - [INFO] - 💤 Bekleyen talep yok.
2026-01-13 20:33:03,731 - [INFO] - 🕵️‍♂️ JOB BAŞLADI: Gerçek veritabanı kontrol ediliyor...
2026-01-13 20:33:03,733 - [INFO] - 💤 Bekleyen talep yok.
2026-01-13 20:33:13,773 - [INFO] - 🕵️‍♂️ JOB BAŞLADI: Gerçek veritabanı kontrol ediliyor...
2026-01-13 20:33:13,776 - [INFO] - 💤 Bekleyen talep yok.
2026-01-13 20:33:23,821 - [INFO] - 🕵️‍♂️ JOB BAŞLADI: Gerçek veritabanı kontrol ediliyor...
2026-01-13 20:33:23,823 - [INFO] - 💤 Bekleyen talep yok.
2026-01-13 20:33:33,854 - [INFO] - 🕵️‍♂️ JOB BAŞLADI: Gerçek veritabanı kontrol ediliyor...
2026-01-13 20:33:33,856 - [INFO] - 💤 Bekleyen talep yok.
2026-01-13 20:33:43,888 - [INFO] - 🕵️‍♂️ JOB BAŞLADI: Gerçek veritabanı kontrol ediliyor...
2026-01-13 20:33:43,891 - [INFO] - 💤 Bekleyen talep yok.
2026-01-13 20:33:53,922 - [INFO] - 🕵️‍♂️ JOB BAŞLADI: Gerçek veritabanı kontrol ediliyor...
2026-01-13 20:33:53,923 - [INFO] - 💤 Bekleyen talep yok.
2026-01-13 20:34:03,967 - [INFO] - 🕵️‍♂️ JOB BAŞLADI: Gerçek veritabanı kontrol ediliyor...
2026-01-13 20:34:03,969 - [INFO] - 💤 Bekleyen talep yok.
2026-01-13 20:34:14,004 - [INFO] - 🕵️‍♂️ JOB BAŞLADI: Gerçek veritabanı kontrol ediliyor...
2026-01-13 20:34:14,005 - [INFO] - 💤 Bekleyen talep yok.
2026-01-13 20:34:24,037 - [INFO] - 🕵️‍♂️ JOB BAŞLADI: Gerçek veritabanı kontrol ediliyor...
2026-01-13 20:34:24,039 - [INFO] - 💤 Bekleyen talep yok.
2026-01-13 20:34:34,071 - [INFO] - 🕵️‍♂️ JOB BAŞLADI: Gerçek veritabanı kontrol ediliyor...
2026-01-13 20:34:34,072 - [INFO] - 💤 Bekleyen talep yok.
2026-01-13 20:34:44,101 - [INFO] - 🕵️‍♂️ JOB BAŞLADI: Gerçek veritabanı kontrol ediliyor...
2026-01-13 20:34:44,102 - [INFO] - 💤 Bekleyen talep yok.
2026-01-13 20:34:54,135 - [INFO] - 🕵️‍♂️ JOB BAŞLADI: Gerçek veritabanı kontrol ediliyor...
2026-01-13 20:34:54,138 - [INFO] - 💤 Bekleyen talep yok.
2026-01-13 20:35:04,177 - [INFO] - 🕵️‍♂️ JOB BAŞLADI: Gerçek veritabanı kontrol ediliyor...
2026-01-13 20:35:04,179 - [INFO] - 💤 Bekleyen talep yok.
2026-01-13 20:35:14,208 - [INFO] - 🕵️‍♂️ JOB BAŞLADI: Gerçek veritabanı kontrol ediliyor...
2026-01-13 20:35:14,210 - [INFO] - 💤 Bekleyen talep yok.
2026-01-13 20:35:24,244 - [INFO] - 🕵️‍♂️ JOB BAŞLADI: Gerçek veritabanı kontrol ediliyor...
2026-01-13 20:35:24,246 - [INFO] - 💤 Bekleyen talep yok.
2026-01-13 20:35:34,279 - [INFO] - 🕵️‍♂️ JOB BAŞLADI: Gerçek veritabanı kontrol ediliyor...
2026-01-13 20:35:34,282 - [INFO] - 💤 Bekleyen talep yok.
2026-01-13 20:35:44,321 - [INFO] - 🕵️‍♂️ JOB BAŞLADI: Gerçek veritabanı kontrol ediliyor...
2026-01-13 20:35:44,323 - [INFO] - 💤 Bekleyen talep yok.
2026-01-13 20:35:54,361 - [INFO] - 🕵️‍♂️ JOB BAŞLADI: Gerçek veritabanı kontrol ediliyor...
2026-01-13 20:35:54,363 - [INFO] - 💤 Bekleyen talep yok.
2026-01-13 20:36:04,399 - [INFO] - 🕵️‍♂️ JOB BAŞLADI: Gerçek veritabanı kontrol ediliyor...
2026-01-13 20:36:04,401 - [INFO] - 💤 Bekleyen talep yok.
2026-01-13 20:36:14,439 - [INFO] - 🕵️‍♂️ JOB BAŞLADI: Gerçek veritabanı kontrol ediliyor...
2026-01-13 20:36:14,440 - [INFO] - 💤 Bekleyen talep yok.
2026-01-13 20:36:24,481 - [INFO] - 🕵️‍♂️ JOB BAŞLADI: Gerçek veritabanı kontrol ediliyor...
2026-01-13 20:36:24,483 - [INFO] - 💤 Bekleyen talep yok.
2026-01-13 20:36:34,524 - [INFO] - 🕵️‍♂️ JOB BAŞLADI: Gerçek veritabanı kontrol ediliyor...
2026-01-13 20:36:34,527 - [INFO] - 💤 Bekleyen talep yok.
2026-01-13 20:36:44,560 - [INFO] - 🕵️‍♂️ JOB BAŞLADI: Gerçek veritabanı kontrol ediliyor...
2026-01-13 20:36:44,563 - [INFO] - 💤 Bekleyen talep yok.
2026-01-13 20:36:54,597 - [INFO] - 🕵️‍♂️ JOB BAŞLADI: Gerçek veritabanı kontrol ediliyor...
2026-01-13 20:36:54,599 - [INFO] - 💤 Bekleyen talep yok.
2026-01-13 20:37:04,638 - [INFO] - 🕵️‍♂️ JOB BAŞLADI: Gerçek veritabanı kontrol ediliyor...
2026-01-13 20:37:04,639 - [INFO] - 💤 Bekleyen talep yok.
2026-01-13 20:37:14,677 - [INFO] - 🕵️‍♂️ JOB BAŞLADI: Gerçek veritabanı kontrol ediliyor...
2026-01-13 20:37:14,679 - [INFO] - 💤 Bekleyen talep yok.
2026-01-13 20:37:24,715 - [INFO] - 🕵️‍♂️ JOB BAŞLADI: Gerçek veritabanı kontrol ediliyor...
2026-01-13 20:37:24,717 - [INFO] - 💤 Bekleyen talep yok.
2026-01-13 20:37:34,758 - [INFO] - 🕵️‍♂️ JOB BAŞLADI: Gerçek veritabanı kontrol ediliyor...
2026-01-13 20:37:34,760 - [INFO] - 💤 Bekleyen talep yok.
2026-01-13 20:37:44,793 - [INFO] - 🕵️‍♂️ JOB BAŞLADI: Gerçek veritabanı kontrol ediliyor...
2026-01-13 20:37:44,795 - [INFO] - 💤 Bekleyen talep yok.
2026-01-13 20:37:54,829 - [INFO] - 🕵️‍♂️ JOB BAŞLADI: Gerçek veritabanı kontrol ediliyor...
2026-01-13 20:37:54,831 - [INFO] - 💤 Bekleyen talep yok.
2026-01-13 20:38:04,872 - [INFO] - 🕵️‍♂️ JOB BAŞLADI: Gerçek veritabanı kontrol ediliyor...
2026-01-13 20:38:04,874 - [INFO] - 💤 Bekleyen talep yok.
2026-01-13 20:38:14,912 - [INFO] - 🕵️‍♂️ JOB BAŞLADI: Gerçek veritabanı kontrol ediliyor...
2026-01-13 20:38:14,914 - [INFO] - 💤 Bekleyen talep yok.
2026-01-13 20:38:24,946 - [INFO] - 🕵️‍♂️ JOB BAŞLADI: Gerçek veritabanı kontrol ediliyor...
2026-01-13 20:38:24,948 - [INFO] - 💤 Bekleyen talep yok.
2026-01-13 20:38:34,978 - [INFO] - 🕵️‍♂️ JOB BAŞLADI: Gerçek veritabanı kontrol ediliyor...
2026-01-13 20:38:34,980 - [INFO] - 💤 Bekleyen talep yok.
2026-01-13 20:38:45,019 - [INFO] - 🕵️‍♂️ JOB BAŞLADI: Gerçek veritabanı kontrol ediliyor...
2026-01-13 20:38:45,021 - [INFO] - 💤 Bekleyen talep yok.
2026-01-13 20:38:55,056 - [INFO] - 🕵️‍♂️ JOB BAŞLADI: Gerçek veritabanı kontrol ediliyor...
2026-01-13 20:38:55,057 - [INFO] - 💤 Bekleyen talep yok.
2026-01-13 20:39:05,079 - [INFO] - 🕵️‍♂️ JOB BAŞLADI: Gerçek veritabanı kontrol ediliyor...
2026-01-13 20:39:05,081 - [INFO] - 💤 Bekleyen talep yok.
2026-01-13 20:39:15,115 - [INFO] - 🕵️‍♂️ JOB BAŞLADI: Gerçek veritabanı kontrol ediliyor...
2026-01-13 20:39:15,118 - [INFO] - 💤 Bekleyen talep yok.
2026-01-13 20:39:25,145 - [INFO] - 🕵️‍♂️ JOB BAŞLADI: Gerçek veritabanı kontrol ediliyor...
2026-01-13 20:39:25,147 - [INFO] - 💤 Bekleyen talep yok.
2026-01-13 20:39:35,181 - [INFO] - 🕵️‍♂️ JOB BAŞLADI: Gerçek veritabanı kontrol ediliyor...
2026-01-13 20:39:35,183 - [INFO] - 💤 Bekleyen talep yok.
2026-01-13 20:39:45,226 - [INFO] - 🕵️‍♂️ JOB BAŞLADI: Gerçek veritabanı kontrol ediliyor...
2026-01-13 20:39:45,228 - [INFO] - 💤 Bekleyen talep yok.
2026-01-13 20:39:55,266 - [INFO] - 🕵️‍♂️ JOB BAŞLADI: Gerçek veritabanı kontrol ediliyor...
2026-01-13 20:39:55,268 - [INFO] - 💤 Bekleyen talep yok.
2026-01-13 20:40:05,315 - [INFO] - 🕵️‍♂️ JOB BAŞLADI: Gerçek veritabanı kontrol ediliyor...
2026-01-13 20:40:05,317 - [INFO] - 💤 Bekleyen talep yok.
2026-01-13 20:40:15,355 - [INFO] - 🕵️‍♂️ JOB BAŞLADI: Gerçek veritabanı kontrol ediliyor...
2026-01-13 20:40:15,358 - [INFO] - 💤 Bekleyen talep yok.
2026-01-13 20:40:25,399 - [INFO] - 🕵️‍♂️ JOB BAŞLADI: Gerçek veritabanı kontrol ediliyor...
2026-01-13 20:40:25,401 - [INFO] - 💤 Bekleyen talep yok.
2026-01-13 20:40:35,426 - [INFO] - 🕵️‍♂️ JOB BAŞLADI: Gerçek veritabanı kontrol ediliyor...
2026-01-13 20:40:35,427 - [INFO] - 💤 Bekleyen talep yok.
2026-01-13 20:40:45,465 - [INFO] - 🕵️‍♂️ JOB BAŞLADI: Gerçek veritabanı kontrol ediliyor...
2026-01-13 20:40:45,467 - [INFO] - 💤 Bekleyen talep yok.
2026-01-13 20:40:55,503 - [INFO] - 🕵️‍♂️ JOB BAŞLADI: Gerçek veritabanı kontrol ediliyor...
2026-01-13 20:40:55,505 - [INFO] - 💤 Bekleyen talep yok.
2026-01-13 20:41:05,544 - [INFO] - 🕵️‍♂️ JOB BAŞLADI: Gerçek veritabanı kontrol ediliyor...
2026-01-13 20:41:05,545 - [INFO] - 💤 Bekleyen talep yok.
2026-01-13 20:41:15,593 - [INFO] - 🕵️‍♂️ JOB BAŞLADI: Gerçek veritabanı kontrol ediliyor...
2026-01-13 20:41:15,594 - [INFO] - 💤 Bekleyen talep yok.
2026-01-13 20:41:25,633 - [INFO] - 🕵️‍♂️ JOB BAŞLADI: Gerçek veritabanı kontrol ediliyor...
2026-01-13 20:41:25,635 - [INFO] - 💤 Bekleyen talep yok.
2026-01-13 20:41:35,665 - [INFO] - 🕵️‍♂️ JOB BAŞLADI: Gerçek veritabanı kontrol ediliyor...
2026-01-13 20:41:35,667 - [INFO] - 💤 Bekleyen talep yok.
2026-01-13 20:41:45,701 - [INFO] - 🕵️‍♂️ JOB BAŞLADI: Gerçek veritabanı kontrol ediliyor...
2026-01-13 20:41:45,703 - [INFO] - 💤 Bekleyen talep yok.
2026-01-13 20:41:55,752 - [INFO] - 🕵️‍♂️ JOB BAŞLADI: Gerçek veritabanı kontrol ediliyor...
2026-01-13 20:41:55,754 - [INFO] - 💤 Bekleyen talep yok.
2026-01-13 20:42:05,793 - [INFO] - 🕵️‍♂️ JOB BAŞLADI: Gerçek veritabanı kontrol ediliyor...
2026-01-13 20:42:05,796 - [INFO] - 💤 Bekleyen talep yok.
2026-01-13 20:42:15,831 - [INFO] - 🕵️‍♂️ JOB BAŞLADI: Gerçek veritabanı kontrol ediliyor...
2026-01-13 20:42:15,833 - [INFO] - 💤 Bekleyen talep yok.
2026-01-13 20:42:25,868 - [INFO] - 🕵️‍♂️ JOB BAŞLADI: Gerçek veritabanı kontrol ediliyor...
2026-01-13 20:42:25,870 - [INFO] - 💤 Bekleyen talep yok.
2026-01-13 20:42:35,895 - [INFO] - 🕵️‍♂️ JOB BAŞLADI: Gerçek veritabanı kontrol ediliyor...
2026-01-13 20:42:35,896 - [INFO] - 💤 Bekleyen talep yok.
2026-01-13 20:42:45,933 - [INFO] - 🕵️‍♂️ JOB BAŞLADI: Gerçek veritabanı kontrol ediliyor...
2026-01-13 20:42:45,935 - [INFO] - 💤 Bekleyen talep yok.
2026-01-13 20:42:55,965 - [INFO] - 🕵️‍♂️ JOB BAŞLADI: Gerçek veritabanı kontrol ediliyor...
2026-01-13 20:42:55,967 - [INFO] - 💤 Bekleyen talep yok.
2026-01-13 20:43:06,009 - [INFO] - 🕵️‍♂️ JOB BAŞLADI: Gerçek veritabanı kontrol ediliyor...
2026-01-13 20:43:06,011 - [INFO] - 💤 Bekleyen talep yok.
2026-01-13 20:43:16,060 - [INFO] - 🕵️‍♂️ JOB BAŞLADI: Gerçek veritabanı kontrol ediliyor...
2026-01-13 20:43:16,062 - [INFO] - 💤 Bekleyen talep yok.
2026-01-13 20:43:26,102 - [INFO] - 🕵️‍♂️ JOB BAŞLADI: Gerçek veritabanı kontrol ediliyor...
2026-01-13 20:43:26,104 - [INFO] - 💤 Bekleyen talep yok.
2026-01-13 20:43:36,141 - [INFO] - 🕵️‍♂️ JOB BAŞLADI: Gerçek veritabanı kontrol ediliyor...
2026-01-13 20:43:36,143 - [INFO] - 💤 Bekleyen talep yok.
2026-01-13 20:43:46,185 - [INFO] - 🕵️‍♂️ JOB BAŞLADI: Gerçek veritabanı kontrol ediliyor...
2026-01-13 20:43:46,187 - [INFO] - 💤 Bekleyen talep yok.
2026-01-13 20:43:56,224 - [INFO] - 🕵️‍♂️ JOB BAŞLADI: Gerçek veritabanı kontrol ediliyor...
2026-01-13 20:43:56,226 - [INFO] - 💤 Bekleyen talep yok.
2026-01-13 20:44:06,267 - [INFO] - 🕵️‍♂️ JOB BAŞLADI: Gerçek veritabanı kontrol ediliyor...
2026-01-13 20:44:06,269 - [INFO] - 💤 Bekleyen talep yok.
2026-01-13 20:44:16,320 - [INFO] - 🕵️‍♂️ JOB BAŞLADI: Gerçek veritabanı kontrol ediliyor...
2026-01-13 20:44:16,323 - [INFO] - 💤 Bekleyen talep yok.
2026-01-13 20:44:26,365 - [INFO] - 🕵️‍♂️ JOB BAŞLADI: Gerçek veritabanı kontrol ediliyor...
2026-01-13 20:44:26,368 - [INFO] - 💤 Bekleyen talep yok.
2026-01-13 20:44:36,403 - [INFO] - 🕵️‍♂️ JOB BAŞLADI: Gerçek veritabanı kontrol ediliyor...
2026-01-13 20:44:36,405 - [INFO] - 💤 Bekleyen talep yok.
2026-01-13 20:44:46,452 - [INFO] - 🕵️‍♂️ JOB BAŞLADI: Gerçek veritabanı kontrol ediliyor...
2026-01-13 20:44:46,454 - [INFO] - 💤 Bekleyen talep yok.
2026-01-13 20:44:56,498 - [INFO] - 🕵️‍♂️ JOB BAŞLADI: Gerçek veritabanı kontrol ediliyor...
2026-01-13 20:44:56,500 - [INFO] - 💤 Bekleyen talep yok.
2026-01-13 20:45:06,537 - [INFO] - 🕵️‍♂️ JOB BAŞLADI: Gerçek veritabanı kontrol ediliyor...
2026-01-13 20:45:06,539 - [INFO] - 💤 Bekleyen talep yok.
2026-01-13 20:45:16,583 - [INFO] - 🕵️‍♂️ JOB BAŞLADI: Gerçek veritabanı kontrol ediliyor...
2026-01-13 20:45:16,585 - [INFO] - 💤 Bekleyen talep yok.
2026-01-13 20:45:26,628 - [INFO] - 🕵️‍♂️ JOB BAŞLADI: Gerçek veritabanı kontrol ediliyor...
2026-01-13 20:45:26,631 - [INFO] - 💤 Bekleyen talep yok.
2026-01-13 20:45:36,669 - [INFO] - 🕵️‍♂️ JOB BAŞLADI: Gerçek veritabanı kontrol ediliyor...
2026-01-13 20:45:36,671 - [INFO] - 💤 Bekleyen talep yok.
2026-01-13 20:45:46,712 - [INFO] - 🕵️‍♂️ JOB BAŞLADI: Gerçek veritabanı kontrol ediliyor...
2026-01-13 20:45:46,715 - [INFO] - 💤 Bekleyen talep yok.
2026-01-13 20:45:56,744 - [INFO] - 🕵️‍♂️ JOB BAŞLADI: Gerçek veritabanı kontrol ediliyor...
2026-01-13 20:45:56,746 - [INFO] - 💤 Bekleyen talep yok.
2026-01-13 20:46:06,783 - [INFO] - 🕵️‍♂️ JOB BAŞLADI: Gerçek veritabanı kontrol ediliyor...
2026-01-13 20:46:06,784 - [INFO] - 💤 Bekleyen talep yok.
2026-01-13 20:46:16,819 - [INFO] - 🕵️‍♂️ JOB BAŞLADI: Gerçek veritabanı kontrol ediliyor...
2026-01-13 20:46:16,822 - [INFO] - 💤 Bekleyen talep yok.
2026-01-13 20:46:26,858 - [INFO] - 🕵️‍♂️ JOB BAŞLADI: Gerçek veritabanı kontrol ediliyor...
2026-01-13 20:46:26,860 - [INFO] - 💤 Bekleyen talep yok.
2026-01-13 20:46:36,891 - [INFO] - 🕵️‍♂️ JOB BAŞLADI: Gerçek veritabanı kontrol ediliyor...
2026-01-13 20:46:36,894 - [INFO] - 💤 Bekleyen talep yok.
2026-01-13 20:46:46,934 - [INFO] - 🕵️‍♂️ JOB BAŞLADI: Gerçek veritabanı kontrol ediliyor...
2026-01-13 20:46:46,936 - [INFO] - 💤 Bekleyen talep yok.
2026-01-13 20:46:56,972 - [INFO] - 🕵️‍♂️ JOB BAŞLADI: Gerçek veritabanı kontrol ediliyor...
2026-01-13 20:46:56,974 - [INFO] - 💤 Bekleyen talep yok.
2026-01-13 20:47:07,020 - [INFO] - 🕵️‍♂️ JOB BAŞLADI: Gerçek veritabanı kontrol ediliyor...
2026-01-13 20:47:07,022 - [INFO] - 💤 Bekleyen talep yok.
2026-01-13 20:47:17,068 - [INFO] - 🕵️‍♂️ JOB BAŞLADI: Gerçek veritabanı kontrol ediliyor...
2026-01-13 20:47:17,070 - [INFO] - 💤 Bekleyen talep yok.
2026-01-13 20:47:27,114 - [INFO] - 🕵️‍♂️ JOB BAŞLADI: Gerçek veritabanı kontrol ediliyor...
2026-01-13 20:47:27,116 - [INFO] - 💤 Bekleyen talep yok.
2026-01-13 20:47:37,156 - [INFO] - 🕵️‍♂️ JOB BAŞLADI: Gerçek veritabanı kontrol ediliyor...
2026-01-13 20:47:37,159 - [INFO] - 💤 Bekleyen talep yok.
2026-01-13 20:47:47,201 - [INFO] - 🕵️‍♂️ JOB BAŞLADI: Gerçek veritabanı kontrol ediliyor...
2026-01-13 20:47:47,204 - [INFO] - 💤 Bekleyen talep yok.
2026-01-13 20:47:57,242 - [INFO] - 🕵️‍♂️ JOB BAŞLADI: Gerçek veritabanı kontrol ediliyor...
2026-01-13 20:47:57,245 - [INFO] - 💤 Bekleyen talep yok.
2026-01-13 20:48:07,281 - [INFO] - 🕵️‍♂️ JOB BAŞLADI: Gerçek veritabanı kontrol ediliyor...
2026-01-13 20:48:07,283 - [INFO] - 💤 Bekleyen talep yok.
2026-01-13 20:48:17,319 - [INFO] - 🕵️‍♂️ JOB BAŞLADI: Gerçek veritabanı kontrol ediliyor...
2026-01-13 20:48:17,320 - [INFO] - 💤 Bekleyen talep yok.
2026-01-13 20:48:27,361 - [INFO] - 🕵️‍♂️ JOB BAŞLADI: Gerçek veritabanı kontrol ediliyor...
2026-01-13 20:48:27,362 - [INFO] - 💤 Bekleyen talep yok.
2026-01-13 20:48:37,402 - [INFO] - 🕵️‍♂️ JOB BAŞLADI: Gerçek veritabanı kontrol ediliyor...
2026-01-13 20:48:37,403 - [INFO] - 💤 Bekleyen talep yok.
2026-01-13 20:48:47,452 - [INFO] - 🕵️‍♂️ JOB BAŞLADI: Gerçek veritabanı kontrol ediliyor...
2026-01-13 20:48:47,454 - [INFO] - 💤 Bekleyen talep yok.
2026-01-13 20:48:57,495 - [INFO] - 🕵️‍♂️ JOB BAŞLADI: Gerçek veritabanı kontrol ediliyor...
2026-01-13 20:48:57,497 - [INFO] - 💤 Bekleyen talep yok.
2026-01-13 20:49:07,528 - [INFO] - 🕵️‍♂️ JOB BAŞLADI: Gerçek veritabanı kontrol ediliyor...
2026-01-13 20:49:07,529 - [INFO] - 💤 Bekleyen talep yok.
2026-01-13 20:49:17,559 - [INFO] - 🕵️‍♂️ JOB BAŞLADI: Gerçek veritabanı kontrol ediliyor...
2026-01-13 20:49:17,561 - [INFO] - 💤 Bekleyen talep yok.
2026-01-13 20:49:27,596 - [INFO] - 🕵️‍♂️ JOB BAŞLADI: Gerçek veritabanı kontrol ediliyor...
2026-01-13 20:49:27,598 - [INFO] - 💤 Bekleyen talep yok.
2026-01-13 20:49:37,630 - [INFO] - 🕵️‍♂️ JOB BAŞLADI: Gerçek veritabanı kontrol ediliyor...
2026-01-13 20:49:37,633 - [INFO] - 💤 Bekleyen talep yok.
2026-01-13 20:49:47,668 - [INFO] - 🕵️‍♂️ JOB BAŞLADI: Gerçek veritabanı kontrol ediliyor...
2026-01-13 20:49:47,669 - [INFO] - 💤 Bekleyen talep yok.
2026-01-13 20:49:57,700 - [INFO] - 🕵️‍♂️ JOB BAŞLADI: Gerçek veritabanı kontrol ediliyor...
2026-01-13 20:49:57,703 - [INFO] - 💤 Bekleyen talep yok.
2026-01-13 20:50:07,740 - [INFO] - 🕵️‍♂️ JOB BAŞLADI: Gerçek veritabanı kontrol ediliyor...
2026-01-13 20:50:07,742 - [INFO] - 💤 Bekleyen talep yok.
2026-01-13 20:50:17,779 - [INFO] - 🕵️‍♂️ JOB BAŞLADI: Gerçek veritabanı kontrol ediliyor...
2026-01-13 20:50:17,780 - [INFO] - 💤 Bekleyen talep yok.
2026-01-13 20:50:27,810 - [INFO] - 🕵️‍♂️ JOB BAŞLADI: Gerçek veritabanı kontrol ediliyor...
2026-01-13 20:50:27,812 - [INFO] - 💤 Bekleyen talep yok.
2026-01-13 20:50:37,852 - [INFO] - 🕵️‍♂️ JOB BAŞLADI: Gerçek veritabanı kontrol ediliyor...
2026-01-13 20:50:37,854 - [INFO] - 💤 Bekleyen talep yok.
2026-01-13 20:50:47,939 - [INFO] - 🕵️‍♂️ JOB BAŞLADI: Gerçek veritabanı kontrol ediliyor...
2026-01-13 20:50:47,941 - [INFO] - 💤 Bekleyen talep yok.
2026-01-13 20:50:57,978 - [INFO] - 🕵️‍♂️ JOB BAŞLADI: Gerçek veritabanı kontrol ediliyor...
2026-01-13 20:50:57,979 - [INFO] - 💤 Bekleyen talep yok.
2026-01-13 20:51:08,016 - [INFO] - 🕵️‍♂️ JOB BAŞLADI: Gerçek veritabanı kontrol ediliyor...
2026-01-13 20:51:08,018 - [INFO] - 💤 Bekleyen talep yok.
2026-01-13 20:51:18,047 - [INFO] - 🕵️‍♂️ JOB BAŞLADI: Gerçek veritabanı kontrol ediliyor...
2026-01-13 20:51:18,049 - [INFO] - 💤 Bekleyen talep yok.
2026-01-13 20:51:28,090 - [INFO] - 🕵️‍♂️ JOB BAŞLADI: Gerçek veritabanı kontrol ediliyor...
2026-01-13 20:51:28,091 - [INFO] - 💤 Bekleyen talep yok.
2026-01-13 20:51:38,127 - [INFO] - 🕵️‍♂️ JOB BAŞLADI: Gerçek veritabanı kontrol ediliyor...
2026-01-13 20:51:38,130 - [INFO] - 💤 Bekleyen talep yok.
2026-01-13 20:51:48,163 - [INFO] - 🕵️‍♂️ JOB BAŞLADI: Gerçek veritabanı kontrol ediliyor...
2026-01-13 20:51:48,166 - [INFO] - 💤 Bekleyen talep yok.
2026-01-13 20:51:58,209 - [INFO] - 🕵️‍♂️ JOB BAŞLADI: Gerçek veritabanı kontrol ediliyor...
2026-01-13 20:51:58,211 - [INFO] - 💤 Bekleyen talep yok.
2026-01-13 20:52:08,248 - [INFO] - 🕵️‍♂️ JOB BAŞLADI: Gerçek veritabanı kontrol ediliyor...
2026-01-13 20:52:08,250 - [INFO] - 💤 Bekleyen talep yok.
2026-01-13 20:52:18,293 - [INFO] - 🕵️‍♂️ JOB BAŞLADI: Gerçek veritabanı kontrol ediliyor...
2026-01-13 20:52:18,295 - [INFO] - 💤 Bekleyen talep yok.
2026-01-13 20:52:28,330 - [INFO] - 🕵️‍♂️ JOB BAŞLADI: Gerçek veritabanı kontrol ediliyor...
2026-01-13 20:52:28,331 - [INFO] - 💤 Bekleyen talep yok.
2026-01-13 20:52:38,374 - [INFO] - 🕵️‍♂️ JOB BAŞLADI: Gerçek veritabanı kontrol ediliyor...
2026-01-13 20:52:38,377 - [INFO] - 💤 Bekleyen talep yok.
2026-01-13 20:52:48,419 - [INFO] - 🕵️‍♂️ JOB BAŞLADI: Gerçek veritabanı kontrol ediliyor...
2026-01-13 20:52:48,421 - [INFO] - 💤 Bekleyen talep yok.
2026-01-13 20:52:58,457 - [INFO] - 🕵️‍♂️ JOB BAŞLADI: Gerçek veritabanı kontrol ediliyor...
2026-01-13 20:52:58,459 - [INFO] - 💤 Bekleyen talep yok.
2026-01-13 20:53:08,496 - [INFO] - 🕵️‍♂️ JOB BAŞLADI: Gerçek veritabanı kontrol ediliyor...
2026-01-13 20:53:08,498 - [INFO] - 💤 Bekleyen talep yok.
2026-01-13 20:53:18,540 - [INFO] - 🕵️‍♂️ JOB BAŞLADI: Gerçek veritabanı kontrol ediliyor...
2026-01-13 20:53:18,543 - [INFO] - 💤 Bekleyen talep yok.
2026-01-13 20:53:28,574 - [INFO] - 🕵️‍♂️ JOB BAŞLADI: Gerçek veritabanı kontrol ediliyor...
2026-01-13 20:53:28,575 - [INFO] - 💤 Bekleyen talep yok.
2026-01-13 20:53:38,616 - [INFO] - 🕵️‍♂️ JOB BAŞLADI: Gerçek veritabanı kontrol ediliyor...
2026-01-13 20:53:38,618 - [INFO] - 💤 Bekleyen talep yok.
2026-01-13 20:53:48,653 - [INFO] - 🕵️‍♂️ JOB BAŞLADI: Gerçek veritabanı kontrol ediliyor...
2026-01-13 20:53:48,655 - [INFO] - 💤 Bekleyen talep yok.
2026-01-13 20:53:58,694 - [INFO] - 🕵️‍♂️ JOB BAŞLADI: Gerçek veritabanı kontrol ediliyor...
2026-01-13 20:53:58,696 - [INFO] - 💤 Bekleyen talep yok.
2026-01-13 20:54:08,737 - [INFO] - 🕵️‍♂️ JOB BAŞLADI: Gerçek veritabanı kontrol ediliyor...
2026-01-13 20:54:08,739 - [INFO] - 💤 Bekleyen talep yok.
2026-01-13 20:54:18,779 - [INFO] - 🕵️‍♂️ JOB BAŞLADI: Gerçek veritabanı kontrol ediliyor...
2026-01-13 20:54:18,781 - [INFO] - 💤 Bekleyen talep yok.
2026-01-13 20:54:28,852 - [INFO] - 🕵️‍♂️ JOB BAŞLADI: Gerçek veritabanı kontrol ediliyor...
2026-01-13 20:54:28,855 - [INFO] - 💤 Bekleyen talep yok.
2026-01-13 20:54:38,915 - [INFO] - 🕵️‍♂️ JOB BAŞLADI: Gerçek veritabanı kontrol ediliyor...
2026-01-13 20:54:38,917 - [INFO] - 💤 Bekleyen talep yok.
2026-01-13 20:54:48,990 - [INFO] - 🕵️‍♂️ JOB BAŞLADI: Gerçek veritabanı kontrol ediliyor...
2026-01-13 20:54:48,992 - [INFO] - 💤 Bekleyen talep yok.
2026-01-13 20:54:59,053 - [INFO] - 🕵️‍♂️ JOB BAŞLADI: Gerçek veritabanı kontrol ediliyor...
2026-01-13 20:54:59,054 - [INFO] - 💤 Bekleyen talep yok.
2026-01-13 20:55:09,117 - [INFO] - 🕵️‍♂️ JOB BAŞLADI: Gerçek veritabanı kontrol ediliyor...
2026-01-13 20:55:09,119 - [INFO] - 💤 Bekleyen talep yok.
2026-01-13 20:55:19,189 - [INFO] - 🕵️‍♂️ JOB BAŞLADI: Gerçek veritabanı kontrol ediliyor...
2026-01-13 20:55:19,191 - [INFO] - 💤 Bekleyen talep yok.
2026-01-13 20:55:29,260 - [INFO] - 🕵️‍♂️ JOB BAŞLADI: Gerçek veritabanı kontrol ediliyor...
2026-01-13 20:55:29,263 - [INFO] - 💤 Bekleyen talep yok.
2026-01-13 20:55:39,330 - [INFO] - 🕵️‍♂️ JOB BAŞLADI: Gerçek veritabanı kontrol ediliyor...
2026-01-13 20:55:39,331 - [INFO] - 💤 Bekleyen talep yok.
2026-01-13 20:55:49,402 - [INFO] - 🕵️‍♂️ JOB BAŞLADI: Gerçek veritabanı kontrol ediliyor...
2026-01-13 20:55:49,404 - [INFO] - 💤 Bekleyen talep yok.
2026-01-13 20:55:59,480 - [INFO] - 🕵️‍♂️ JOB BAŞLADI: Gerçek veritabanı kontrol ediliyor...
2026-01-13 20:55:59,481 - [INFO] - 💤 Bekleyen talep yok.
2026-01-13 20:56:09,540 - [INFO] - 🕵️‍♂️ JOB BAŞLADI: Gerçek veritabanı kontrol ediliyor...
2026-01-13 20:56:09,542 - [INFO] - 💤 Bekleyen talep yok.
2026-01-13 20:56:19,607 - [INFO] - 🕵️‍♂️ JOB BAŞLADI: Gerçek veritabanı kontrol ediliyor...
2026-01-13 20:56:19,610 - [INFO] - 💤 Bekleyen talep yok.
2026-01-13 20:56:29,687 - [INFO] - 🕵️‍♂️ JOB BAŞLADI: Gerçek veritabanı kontrol ediliyor...
2026-01-13 20:56:29,690 - [INFO] - 💤 Bekleyen talep yok.
2026-01-13 20:56:39,725 - [INFO] - 🕵️‍♂️ JOB BAŞLADI: Gerçek veritabanı kontrol ediliyor...
2026-01-13 20:56:39,727 - [INFO] - 💤 Bekleyen talep yok.
2026-01-13 20:56:49,768 - [INFO] - 🕵️‍♂️ JOB BAŞLADI: Gerçek veritabanı kontrol ediliyor...
2026-01-13 20:56:49,770 - [INFO] - 💤 Bekleyen talep yok.
2026-01-13 20:56:59,805 - [INFO] - 🕵️‍♂️ JOB BAŞLADI: Gerçek veritabanı kontrol ediliyor...
2026-01-13 20:56:59,807 - [INFO] - 💤 Bekleyen talep yok.
2026-01-13 20:57:09,850 - [INFO] - 🕵️‍♂️ JOB BAŞLADI: Gerçek veritabanı kontrol ediliyor...
2026-01-13 20:57:09,852 - [INFO] - 💤 Bekleyen talep yok.
2026-01-13 20:57:19,889 - [INFO] - 🕵️‍♂️ JOB BAŞLADI: Gerçek veritabanı kontrol ediliyor...
2026-01-13 20:57:19,891 - [INFO] - 💤 Bekleyen talep yok.
2026-01-13 20:57:29,928 - [INFO] - 🕵️‍♂️ JOB BAŞLADI: Gerçek veritabanı kontrol ediliyor...
2026-01-13 20:57:29,930 - [INFO] - 💤 Bekleyen talep yok.
2026-01-13 20:57:39,966 - [INFO] - 🕵️‍♂️ JOB BAŞLADI: Gerçek veritabanı kontrol ediliyor...
2026-01-13 20:57:39,967 - [INFO] - 💤 Bekleyen talep yok.
2026-01-13 20:57:49,997 - [INFO] - 🕵️‍♂️ JOB BAŞLADI: Gerçek veritabanı kontrol ediliyor...
2026-01-13 20:57:49,999 - [INFO] - 💤 Bekleyen talep yok.
2026-01-13 20:58:00,036 - [INFO] - 🕵️‍♂️ JOB BAŞLADI: Gerçek veritabanı kontrol ediliyor...
2026-01-13 20:58:00,038 - [INFO] - 💤 Bekleyen talep yok.
2026-01-13 20:58:10,075 - [INFO] - 🕵️‍♂️ JOB BAŞLADI: Gerçek veritabanı kontrol ediliyor...
2026-01-13 20:58:10,077 - [INFO] - 💤 Bekleyen talep yok.
2026-01-13 20:58:20,116 - [INFO] - 🕵️‍♂️ JOB BAŞLADI: Gerçek veritabanı kontrol ediliyor...
2026-01-13 20:58:20,116 - [INFO] - 💤 Bekleyen talep yok.
2026-01-13 20:58:30,147 - [INFO] - 🕵️‍♂️ JOB BAŞLADI: Gerçek veritabanı kontrol ediliyor...
2026-01-13 20:58:30,149 - [INFO] - 💤 Bekleyen talep yok.
2026-01-13 20:58:40,184 - [INFO] - 🕵️‍♂️ JOB BAŞLADI: Gerçek veritabanı kontrol ediliyor...
2026-01-13 20:58:40,187 - [INFO] - 💤 Bekleyen talep yok.
2026-01-13 20:58:50,227 - [INFO] - 🕵️‍♂️ JOB BAŞLADI: Gerçek veritabanı kontrol ediliyor...
2026-01-13 20:58:50,229 - [INFO] - 💤 Bekleyen talep yok.
2026-01-13 20:59:00,272 - [INFO] - 🕵️‍♂️ JOB BAŞLADI: Gerçek veritabanı kontrol ediliyor...
2026-01-13 20:59:00,274 - [INFO] - 💤 Bekleyen talep yok.
2026-01-13 20:59:10,308 - [INFO] - 🕵️‍♂️ JOB BAŞLADI: Gerçek veritabanı kontrol ediliyor...
2026-01-13 20:59:10,309 - [INFO] - 💤 Bekleyen talep yok.
2026-01-13 20:59:20,343 - [INFO] - 🕵️‍♂️ JOB BAŞLADI: Gerçek veritabanı kontrol ediliyor...
2026-01-13 20:59:20,344 - [INFO] - 💤 Bekleyen talep yok.
2026-01-13 20:59:30,383 - [INFO] - 🕵️‍♂️ JOB BAŞLADI: Gerçek veritabanı kontrol ediliyor...
2026-01-13 20:59:30,384 - [INFO] - 💤 Bekleyen talep yok.
2026-01-13 20:59:40,430 - [INFO] - 🕵️‍♂️ JOB BAŞLADI: Gerçek veritabanı kontrol ediliyor...
2026-01-13 20:59:40,432 - [INFO] - 💤 Bekleyen talep yok.
2026-01-13 20:59:50,465 - [INFO] - 🕵️‍♂️ JOB BAŞLADI: Gerçek veritabanı kontrol ediliyor...
2026-01-13 20:59:50,467 - [INFO] - 💤 Bekleyen talep yok.
2026-01-13 21:00:00,504 - [INFO] - 🕵️‍♂️ JOB BAŞLADI: Gerçek veritabanı kontrol ediliyor...
2026-01-13 21:00:00,506 - [INFO] - 💤 Bekleyen talep yok.
2026-01-13 21:00:10,551 - [INFO] - 🕵️‍♂️ JOB BAŞLADI: Gerçek veritabanı kontrol ediliyor...
2026-01-13 21:00:10,553 - [INFO] - 💤 Bekleyen talep yok.
2026-01-13 21:00:20,594 - [INFO] - 🕵️‍♂️ JOB BAŞLADI: Gerçek veritabanı kontrol ediliyor...
2026-01-13 21:00:20,596 - [INFO] - 💤 Bekleyen talep yok.
2026-01-13 21:00:30,636 - [INFO] - 🕵️‍♂️ JOB BAŞLADI: Gerçek veritabanı kontrol ediliyor...
2026-01-13 21:00:30,639 - [INFO] - 💤 Bekleyen talep yok.
2026-01-13 21:00:40,678 - [INFO] - 🕵️‍♂️ JOB BAŞLADI: Gerçek veritabanı kontrol ediliyor...
2026-01-13 21:00:40,679 - [INFO] - 💤 Bekleyen talep yok.
2026-01-13 21:00:50,710 - [INFO] - 🕵️‍♂️ JOB BAŞLADI: Gerçek veritabanı kontrol ediliyor...
2026-01-13 21:00:50,712 - [INFO] - 💤 Bekleyen talep yok.
2026-01-13 21:01:00,755 - [INFO] - 🕵️‍♂️ JOB BAŞLADI: Gerçek veritabanı kontrol ediliyor...
2026-01-13 21:01:00,756 - [INFO] - 💤 Bekleyen talep yok.
2026-01-13 21:01:10,785 - [INFO] - 🕵️‍♂️ JOB BAŞLADI: Gerçek veritabanı kontrol ediliyor...
2026-01-13 21:01:10,788 - [INFO] - 💤 Bekleyen talep yok.
2026-01-13 21:01:20,826 - [INFO] - 🕵️‍♂️ JOB BAŞLADI: Gerçek veritabanı kontrol ediliyor...
2026-01-13 21:01:20,828 - [INFO] - 💤 Bekleyen talep yok.
2026-01-13 21:01:30,867 - [INFO] - 🕵️‍♂️ JOB BAŞLADI: Gerçek veritabanı kontrol ediliyor...
2026-01-13 21:01:30,869 - [INFO] - 💤 Bekleyen talep yok.
2026-01-13 21:01:40,906 - [INFO] - 🕵️‍♂️ JOB BAŞLADI: Gerçek veritabanı kontrol ediliyor...
2026-01-13 21:01:40,907 - [INFO] - 💤 Bekleyen talep yok.
2026-01-13 21:01:50,947 - [INFO] - 🕵️‍♂️ JOB BAŞLADI: Gerçek veritabanı kontrol ediliyor...
2026-01-13 21:01:50,949 - [INFO] - 💤 Bekleyen talep yok.
2026-01-13 21:02:00,989 - [INFO] - 🕵️‍♂️ JOB BAŞLADI: Gerçek veritabanı kontrol ediliyor...
2026-01-13 21:02:00,991 - [INFO] - 💤 Bekleyen talep yok.
2026-01-13 21:02:11,019 - [INFO] - 🕵️‍♂️ JOB BAŞLADI: Gerçek veritabanı kontrol ediliyor...
2026-01-13 21:02:11,022 - [INFO] - 💤 Bekleyen talep yok.
2026-01-13 21:02:21,053 - [INFO] - 🕵️‍♂️ JOB BAŞLADI: Gerçek veritabanı kontrol ediliyor...
2026-01-13 21:02:21,055 - [INFO] - 💤 Bekleyen talep yok.
2026-01-13 21:02:31,094 - [INFO] - 🕵️‍♂️ JOB BAŞLADI: Gerçek veritabanı kontrol ediliyor...
2026-01-13 21:02:31,096 - [INFO] - 💤 Bekleyen talep yok.
2026-01-13 21:02:41,142 - [INFO] - 🕵️‍♂️ JOB BAŞLADI: Gerçek veritabanı kontrol ediliyor...
2026-01-13 21:02:41,144 - [INFO] - 💤 Bekleyen talep yok.
2026-01-13 21:02:51,183 - [INFO] - 🕵️‍♂️ JOB BAŞLADI: Gerçek veritabanı kontrol ediliyor...
2026-01-13 21:02:51,185 - [INFO] - 💤 Bekleyen talep yok.
2026-01-13 21:03:01,231 - [INFO] - 🕵️‍♂️ JOB BAŞLADI: Gerçek veritabanı kontrol ediliyor...
2026-01-13 21:03:01,232 - [INFO] - 💤 Bekleyen talep yok.
2026-01-13 21:03:11,265 - [INFO] - 🕵️‍♂️ JOB BAŞLADI: Gerçek veritabanı kontrol ediliyor...
2026-01-13 21:03:11,267 - [INFO] - 💤 Bekleyen talep yok.
2026-01-13 21:03:21,296 - [INFO] - 🕵️‍♂️ JOB BAŞLADI: Gerçek veritabanı kontrol ediliyor...
2026-01-13 21:03:21,297 - [INFO] - 💤 Bekleyen talep yok.
2026-01-13 21:03:31,332 - [INFO] - 🕵️‍♂️ JOB BAŞLADI: Gerçek veritabanı kontrol ediliyor...
2026-01-13 21:03:31,333 - [INFO] - 💤 Bekleyen talep yok.
2026-01-13 21:03:41,366 - [INFO] - 🕵️‍♂️ JOB BAŞLADI: Gerçek veritabanı kontrol ediliyor...
2026-01-13 21:03:41,369 - [INFO] - 💤 Bekleyen talep yok.
2026-01-13 21:03:51,404 - [INFO] - 🕵️‍♂️ JOB BAŞLADI: Gerçek veritabanı kontrol ediliyor...
2026-01-13 21:03:51,406 - [INFO] - 💤 Bekleyen talep yok.
2026-01-13 21:04:01,440 - [INFO] - 🕵️‍♂️ JOB BAŞLADI: Gerçek veritabanı kontrol ediliyor...
2026-01-13 21:04:01,443 - [INFO] - 💤 Bekleyen talep yok.
2026-01-13 21:04:11,478 - [INFO] - 🕵️‍♂️ JOB BAŞLADI: Gerçek veritabanı kontrol ediliyor...
2026-01-13 21:04:11,479 - [INFO] - 💤 Bekleyen talep yok.
2026-01-13 21:04:21,510 - [INFO] - 🕵️‍♂️ JOB BAŞLADI: Gerçek veritabanı kontrol ediliyor...
2026-01-13 21:04:21,511 - [INFO] - 💤 Bekleyen talep yok.
2026-01-13 21:04:31,542 - [INFO] - 🕵️‍♂️ JOB BAŞLADI: Gerçek veritabanı kontrol ediliyor...
2026-01-13 21:04:31,544 - [INFO] - 💤 Bekleyen talep yok.
2026-01-13 21:04:41,587 - [INFO] - 🕵️‍♂️ JOB BAŞLADI: Gerçek veritabanı kontrol ediliyor...
2026-01-13 21:04:41,589 - [INFO] - 💤 Bekleyen talep yok.
2026-01-13 21:04:51,630 - [INFO] - 🕵️‍♂️ JOB BAŞLADI: Gerçek veritabanı kontrol ediliyor...
2026-01-13 21:04:51,632 - [INFO] - 💤 Bekleyen talep yok.
2026-01-13 21:05:01,674 - [INFO] - 🕵️‍♂️ JOB BAŞLADI: Gerçek veritabanı kontrol ediliyor...
2026-01-13 21:05:01,676 - [INFO] - 💤 Bekleyen talep yok.
2026-01-13 21:05:11,707 - [INFO] - 🕵️‍♂️ JOB BAŞLADI: Gerçek veritabanı kontrol ediliyor...
2026-01-13 21:05:11,708 - [INFO] - 💤 Bekleyen talep yok.
2026-01-13 21:05:21,753 - [INFO] - 🕵️‍♂️ JOB BAŞLADI: Gerçek veritabanı kontrol ediliyor...
2026-01-13 21:05:21,755 - [INFO] - 💤 Bekleyen talep yok.
2026-01-13 21:05:31,800 - [INFO] - 🕵️‍♂️ JOB BAŞLADI: Gerçek veritabanı kontrol ediliyor...
2026-01-13 21:05:31,802 - [INFO] - 💤 Bekleyen talep yok.
2026-01-13 21:05:41,840 - [INFO] - 🕵️‍♂️ JOB BAŞLADI: Gerçek veritabanı kontrol ediliyor...
2026-01-13 21:05:41,842 - [INFO] - 💤 Bekleyen talep yok.
2026-01-13 21:05:51,884 - [INFO] - 🕵️‍♂️ JOB BAŞLADI: Gerçek veritabanı kontrol ediliyor...
2026-01-13 21:05:51,887 - [INFO] - 💤 Bekleyen talep yok.
2026-01-13 21:06:01,922 - [INFO] - 🕵️‍♂️ JOB BAŞLADI: Gerçek veritabanı kontrol ediliyor...
2026-01-13 21:06:01,924 - [INFO] - 💤 Bekleyen talep yok.
2026-01-13 21:06:11,951 - [INFO] - 🕵️‍♂️ JOB BAŞLADI: Gerçek veritabanı kontrol ediliyor...
2026-01-13 21:06:11,953 - [INFO] - 💤 Bekleyen talep yok.
2026-01-13 21:06:21,988 - [INFO] - 🕵️‍♂️ JOB BAŞLADI: Gerçek veritabanı kontrol ediliyor...
2026-01-13 21:06:21,989 - [INFO] - 💤 Bekleyen talep yok.
2026-01-13 21:06:32,027 - [INFO] - 🕵️‍♂️ JOB BAŞLADI: Gerçek veritabanı kontrol ediliyor...
2026-01-13 21:06:32,030 - [INFO] - 💤 Bekleyen talep yok.
2026-01-13 21:06:42,068 - [INFO] - 🕵️‍♂️ JOB BAŞLADI: Gerçek veritabanı kontrol ediliyor...
2026-01-13 21:06:42,071 - [INFO] - 💤 Bekleyen talep yok.
2026-01-13 21:06:52,108 - [INFO] - 🕵️‍♂️ JOB BAŞLADI: Gerçek veritabanı kontrol ediliyor...
2026-01-13 21:06:52,110 - [INFO] - 💤 Bekleyen talep yok.
2026-01-13 21:07:02,135 - [INFO] - 🕵️‍♂️ JOB BAŞLADI: Gerçek veritabanı kontrol ediliyor...
2026-01-13 21:07:02,137 - [INFO] - 💤 Bekleyen talep yok.
2026-01-13 21:07:12,180 - [INFO] - 🕵️‍♂️ JOB BAŞLADI: Gerçek veritabanı kontrol ediliyor...
2026-01-13 21:07:12,182 - [INFO] - 💤 Bekleyen talep yok.
2026-01-13 21:07:22,211 - [INFO] - 🕵️‍♂️ JOB BAŞLADI: Gerçek veritabanı kontrol ediliyor...
2026-01-13 21:07:22,214 - [INFO] - 💤 Bekleyen talep yok.
2026-01-13 21:07:32,260 - [INFO] - 🕵️‍♂️ JOB BAŞLADI: Gerçek veritabanı kontrol ediliyor...
2026-01-13 21:07:32,262 - [INFO] - 💤 Bekleyen talep yok.
2026-01-13 21:07:42,297 - [INFO] - 🕵️‍♂️ JOB BAŞLADI: Gerçek veritabanı kontrol ediliyor...
2026-01-13 21:07:42,299 - [INFO] - 💤 Bekleyen talep yok.
2026-01-13 21:07:52,333 - [INFO] - 🕵️‍♂️ JOB BAŞLADI: Gerçek veritabanı kontrol ediliyor...
2026-01-13 21:07:52,335 - [INFO] - 💤 Bekleyen talep yok.
2026-01-13 21:08:02,368 - [INFO] - 🕵️‍♂️ JOB BAŞLADI: Gerçek veritabanı kontrol ediliyor...
2026-01-13 21:08:02,370 - [INFO] - 💤 Bekleyen talep yok.
2026-01-13 21:08:12,401 - [INFO] - 🕵️‍♂️ JOB BAŞLADI: Gerçek veritabanı kontrol ediliyor...
2026-01-13 21:08:12,403 - [INFO] - 💤 Bekleyen talep yok.
2026-01-13 21:08:22,433 - [INFO] - 🕵️‍♂️ JOB BAŞLADI: Gerçek veritabanı kontrol ediliyor...
2026-01-13 21:08:22,435 - [INFO] - 💤 Bekleyen talep yok.
2026-01-13 21:08:32,470 - [INFO] - 🕵️‍♂️ JOB BAŞLADI: Gerçek veritabanı kontrol ediliyor...
2026-01-13 21:08:32,472 - [INFO] - 💤 Bekleyen talep yok.
2026-01-13 21:08:42,510 - [INFO] - 🕵️‍♂️ JOB BAŞLADI: Gerçek veritabanı kontrol ediliyor...
2026-01-13 21:08:42,512 - [INFO] - 💤 Bekleyen talep yok.
2026-01-13 21:08:52,548 - [INFO] - 🕵️‍♂️ JOB BAŞLADI: Gerçek veritabanı kontrol ediliyor...
2026-01-13 21:08:52,550 - [INFO] - 💤 Bekleyen talep yok.
2026-01-13 21:09:02,588 - [INFO] - 🕵️‍♂️ JOB BAŞLADI: Gerçek veritabanı kontrol ediliyor...
2026-01-13 21:09:02,590 - [INFO] - 💤 Bekleyen talep yok.
2026-01-13 21:09:12,635 - [INFO] - 🕵️‍♂️ JOB BAŞLADI: Gerçek veritabanı kontrol ediliyor...
2026-01-13 21:09:12,637 - [INFO] - 💤 Bekleyen talep yok.
2026-01-13 21:09:22,677 - [INFO] - 🕵️‍♂️ JOB BAŞLADI: Gerçek veritabanı kontrol ediliyor...
2026-01-13 21:09:22,679 - [INFO] - 💤 Bekleyen talep yok.
2026-01-13 21:09:32,721 - [INFO] - 🕵️‍♂️ JOB BAŞLADI: Gerçek veritabanı kontrol ediliyor...
2026-01-13 21:09:32,723 - [INFO] - 💤 Bekleyen talep yok.
2026-01-13 21:09:42,754 - [INFO] - 🕵️‍♂️ JOB BAŞLADI: Gerçek veritabanı kontrol ediliyor...
2026-01-13 21:09:42,756 - [INFO] - 💤 Bekleyen talep yok.
2026-01-13 21:09:52,781 - [INFO] - 🕵️‍♂️ JOB BAŞLADI: Gerçek veritabanı kontrol ediliyor...
2026-01-13 21:09:52,783 - [INFO] - 💤 Bekleyen talep yok.
2026-01-13 21:10:02,827 - [INFO] - 🕵️‍♂️ JOB BAŞLADI: Gerçek veritabanı kontrol ediliyor...
2026-01-13 21:10:02,829 - [INFO] - 💤 Bekleyen talep yok.
2026-01-13 21:10:12,866 - [INFO] - 🕵️‍♂️ JOB BAŞLADI: Gerçek veritabanı kontrol ediliyor...
2026-01-13 21:10:12,868 - [INFO] - 💤 Bekleyen talep yok.
2026-01-13 21:10:22,904 - [INFO] - 🕵️‍♂️ JOB BAŞLADI: Gerçek veritabanı kontrol ediliyor...
2026-01-13 21:10:22,906 - [INFO] - 💤 Bekleyen talep yok.
2026-01-13 21:10:32,925 - [INFO] - 🕵️‍♂️ JOB BAŞLADI: Gerçek veritabanı kontrol ediliyor...
2026-01-13 21:10:32,928 - [INFO] - 💤 Bekleyen talep yok.
2026-01-13 21:10:42,968 - [INFO] - 🕵️‍♂️ JOB BAŞLADI: Gerçek veritabanı kontrol ediliyor...
2026-01-13 21:10:42,969 - [INFO] - 💤 Bekleyen talep yok.
2026-01-13 21:10:53,006 - [INFO] - 🕵️‍♂️ JOB BAŞLADI: Gerçek veritabanı kontrol ediliyor...
2026-01-13 21:10:53,008 - [INFO] - 💤 Bekleyen talep yok.
2026-01-13 21:11:03,043 - [INFO] - 🕵️‍♂️ JOB BAŞLADI: Gerçek veritabanı kontrol ediliyor...
2026-01-13 21:11:03,045 - [INFO] - 💤 Bekleyen talep yok.
2026-01-13 21:11:13,090 - [INFO] - 🕵️‍♂️ JOB BAŞLADI: Gerçek veritabanı kontrol ediliyor...
2026-01-13 21:11:13,093 - [INFO] - 💤 Bekleyen talep yok.
2026-01-13 21:11:23,126 - [INFO] - 🕵️‍♂️ JOB BAŞLADI: Gerçek veritabanı kontrol ediliyor...
2026-01-13 21:11:23,129 - [INFO] - 💤 Bekleyen talep yok.
2026-01-13 21:11:33,165 - [INFO] - 🕵️‍♂️ JOB BAŞLADI: Gerçek veritabanı kontrol ediliyor...
2026-01-13 21:11:33,166 - [INFO] - 💤 Bekleyen talep yok.
2026-01-13 21:11:43,204 - [INFO] - 🕵️‍♂️ JOB BAŞLADI: Gerçek veritabanı kontrol ediliyor...
2026-01-13 21:11:43,205 - [INFO] - 💤 Bekleyen talep yok.
2026-01-13 21:11:53,243 - [INFO] - 🕵️‍♂️ JOB BAŞLADI: Gerçek veritabanı kontrol ediliyor...
2026-01-13 21:11:53,245 - [INFO] - 💤 Bekleyen talep yok.
2026-01-13 21:12:03,281 - [INFO] - 🕵️‍♂️ JOB BAŞLADI: Gerçek veritabanı kontrol ediliyor...
2026-01-13 21:12:03,283 - [INFO] - 💤 Bekleyen talep yok.
2026-01-13 21:12:13,317 - [INFO] - 🕵️‍♂️ JOB BAŞLADI: Gerçek veritabanı kontrol ediliyor...
2026-01-13 21:12:13,319 - [INFO] - 💤 Bekleyen talep yok.
2026-01-13 21:12:23,361 - [INFO] - 🕵️‍♂️ JOB BAŞLADI: Gerçek veritabanı kontrol ediliyor...
2026-01-13 21:12:23,363 - [INFO] - 💤 Bekleyen talep yok.
2026-01-13 21:12:33,387 - [INFO] - 🕵️‍♂️ JOB BAŞLADI: Gerçek veritabanı kontrol ediliyor...
2026-01-13 21:12:33,390 - [INFO] - 💤 Bekleyen talep yok.
2026-01-13 21:12:43,425 - [INFO] - 🕵️‍♂️ JOB BAŞLADI: Gerçek veritabanı kontrol ediliyor...
2026-01-13 21:12:43,427 - [INFO] - 💤 Bekleyen talep yok.
2026-01-13 21:12:53,471 - [INFO] - 🕵️‍♂️ JOB BAŞLADI: Gerçek veritabanı kontrol ediliyor...
2026-01-13 21:12:53,474 - [INFO] - 💤 Bekleyen talep yok.
2026-01-13 21:13:03,521 - [INFO] - 🕵️‍♂️ JOB BAŞLADI: Gerçek veritabanı kontrol ediliyor...
2026-01-13 21:13:03,523 - [INFO] - 💤 Bekleyen talep yok.
2026-01-13 21:13:13,565 - [INFO] - 🕵️‍♂️ JOB BAŞLADI: Gerçek veritabanı kontrol ediliyor...
2026-01-13 21:13:13,568 - [INFO] - 💤 Bekleyen talep yok.
2026-01-13 21:13:23,596 - [INFO] - 🕵️‍♂️ JOB BAŞLADI: Gerçek veritabanı kontrol ediliyor...
2026-01-13 21:13:23,596 - [INFO] - 💤 Bekleyen talep yok.
2026-01-13 21:13:33,633 - [INFO] - 🕵️‍♂️ JOB BAŞLADI: Gerçek veritabanı kontrol ediliyor...
2026-01-13 21:13:33,635 - [INFO] - 💤 Bekleyen talep yok.
2026-01-13 21:13:43,672 - [INFO] - 🕵️‍♂️ JOB BAŞLADI: Gerçek veritabanı kontrol ediliyor...
2026-01-13 21:13:43,674 - [INFO] - 💤 Bekleyen talep yok.
2026-01-13 21:13:53,714 - [INFO] - 🕵️‍♂️ JOB BAŞLADI: Gerçek veritabanı kontrol ediliyor...
2026-01-13 21:13:53,716 - [INFO] - 💤 Bekleyen talep yok.
2026-01-13 21:14:03,760 - [INFO] - 🕵️‍♂️ JOB BAŞLADI: Gerçek veritabanı kontrol ediliyor...
2026-01-13 21:14:03,763 - [INFO] - 💤 Bekleyen talep yok.
2026-01-13 21:14:13,801 - [INFO] - 🕵️‍♂️ JOB BAŞLADI: Gerçek veritabanı kontrol ediliyor...
2026-01-13 21:14:13,803 - [INFO] - 💤 Bekleyen talep yok.
2026-01-13 21:14:23,842 - [INFO] - 🕵️‍♂️ JOB BAŞLADI: Gerçek veritabanı kontrol ediliyor...
2026-01-13 21:14:23,844 - [INFO] - 💤 Bekleyen talep yok.
2026-01-13 21:14:33,879 - [INFO] - 🕵️‍♂️ JOB BAŞLADI: Gerçek veritabanı kontrol ediliyor...
2026-01-13 21:14:33,882 - [INFO] - 💤 Bekleyen talep yok.
2026-01-13 21:14:43,914 - [INFO] - 🕵️‍♂️ JOB BAŞLADI: Gerçek veritabanı kontrol ediliyor...
2026-01-13 21:14:43,917 - [INFO] - 💤 Bekleyen talep yok.
2026-01-13 21:14:53,952 - [INFO] - 🕵️‍♂️ JOB BAŞLADI: Gerçek veritabanı kontrol ediliyor...
2026-01-13 21:14:53,955 - [INFO] - 💤 Bekleyen talep yok.
2026-01-13 21:15:03,995 - [INFO] - 🕵️‍♂️ JOB BAŞLADI: Gerçek veritabanı kontrol ediliyor...
2026-01-13 21:15:03,998 - [INFO] - 💤 Bekleyen talep yok.
2026-01-13 21:15:14,040 - [INFO] - 🕵️‍♂️ JOB BAŞLADI: Gerçek veritabanı kontrol ediliyor...
2026-01-13 21:15:14,042 - [INFO] - 💤 Bekleyen talep yok.
2026-01-13 21:15:24,086 - [INFO] - 🕵️‍♂️ JOB BAŞLADI: Gerçek veritabanı kontrol ediliyor...
2026-01-13 21:15:24,089 - [INFO] - 💤 Bekleyen talep yok.
2026-01-13 21:15:34,131 - [INFO] - 🕵️‍♂️ JOB BAŞLADI: Gerçek veritabanı kontrol ediliyor...
2026-01-13 21:15:34,134 - [INFO] - 💤 Bekleyen talep yok.
2026-01-13 21:15:44,181 - [INFO] - 🕵️‍♂️ JOB BAŞLADI: Gerçek veritabanı kontrol ediliyor...
2026-01-13 21:15:44,183 - [INFO] - 💤 Bekleyen talep yok.
2026-01-13 21:15:54,216 - [INFO] - 🕵️‍♂️ JOB BAŞLADI: Gerçek veritabanı kontrol ediliyor...
2026-01-13 21:15:54,218 - [INFO] - 💤 Bekleyen talep yok.
2026-01-13 21:16:04,253 - [INFO] - 🕵️‍♂️ JOB BAŞLADI: Gerçek veritabanı kontrol ediliyor...
2026-01-13 21:16:04,255 - [INFO] - 💤 Bekleyen talep yok.
2026-01-13 21:16:14,294 - [INFO] - 🕵️‍♂️ JOB BAŞLADI: Gerçek veritabanı kontrol ediliyor...
2026-01-13 21:16:14,299 - [INFO] - 💤 Bekleyen talep yok.
2026-01-13 21:16:24,340 - [INFO] - 🕵️‍♂️ JOB BAŞLADI: Gerçek veritabanı kontrol ediliyor...
2026-01-13 21:16:24,343 - [INFO] - 💤 Bekleyen talep yok.
2026-01-13 21:16:34,394 - [INFO] - 🕵️‍♂️ JOB BAŞLADI: Gerçek veritabanı kontrol ediliyor...
2026-01-13 21:16:34,396 - [INFO] - 💤 Bekleyen talep yok.
2026-01-13 21:16:44,441 - [INFO] - 🕵️‍♂️ JOB BAŞLADI: Gerçek veritabanı kontrol ediliyor...
2026-01-13 21:16:44,443 - [INFO] - 💤 Bekleyen talep yok.
2026-01-13 21:16:54,489 - [INFO] - 🕵️‍♂️ JOB BAŞLADI: Gerçek veritabanı kontrol ediliyor...
2026-01-13 21:16:54,491 - [INFO] - 💤 Bekleyen talep yok.
2026-01-13 21:17:04,536 - [INFO] - 🕵️‍♂️ JOB BAŞLADI: Gerçek veritabanı kontrol ediliyor...
2026-01-13 21:17:04,538 - [INFO] - 💤 Bekleyen talep yok.
2026-01-13 21:17:14,576 - [INFO] - 🕵️‍♂️ JOB BAŞLADI: Gerçek veritabanı kontrol ediliyor...
2026-01-13 21:17:14,579 - [INFO] - 💤 Bekleyen talep yok.
2026-01-13 21:17:24,621 - [INFO] - 🕵️‍♂️ JOB BAŞLADI: Gerçek veritabanı kontrol ediliyor...
2026-01-13 21:17:24,623 - [INFO] - 💤 Bekleyen talep yok.
2026-01-13 21:17:34,665 - [INFO] - 🕵️‍♂️ JOB BAŞLADI: Gerçek veritabanı kontrol ediliyor...
2026-01-13 21:17:34,668 - [INFO] - 💤 Bekleyen talep yok.
2026-01-13 21:17:44,711 - [INFO] - 🕵️‍♂️ JOB BAŞLADI: Gerçek veritabanı kontrol ediliyor...
2026-01-13 21:17:44,713 - [INFO] - 💤 Bekleyen talep yok.
2026-01-13 21:17:54,751 - [INFO] - 🕵️‍♂️ JOB BAŞLADI: Gerçek veritabanı kontrol ediliyor...
2026-01-13 21:17:54,754 - [INFO] - 💤 Bekleyen talep yok.
2026-01-13 21:18:04,782 - [INFO] - 🕵️‍♂️ JOB BAŞLADI: Gerçek veritabanı kontrol ediliyor...
2026-01-13 21:18:04,784 - [INFO] - 💤 Bekleyen talep yok.
2026-01-13 21:18:14,818 - [INFO] - 🕵️‍♂️ JOB BAŞLADI: Gerçek veritabanı kontrol ediliyor...
2026-01-13 21:18:14,820 - [INFO] - 💤 Bekleyen talep yok.
2026-01-13 21:18:24,855 - [INFO] - 🕵️‍♂️ JOB BAŞLADI: Gerçek veritabanı kontrol ediliyor...
2026-01-13 21:18:24,857 - [INFO] - 💤 Bekleyen talep yok.
2026-01-13 21:18:34,902 - [INFO] - 🕵️‍♂️ JOB BAŞLADI: Gerçek veritabanı kontrol ediliyor...
2026-01-13 21:18:34,904 - [INFO] - 💤 Bekleyen talep yok.
2026-01-13 21:18:44,947 - [INFO] - 🕵️‍♂️ JOB BAŞLADI: Gerçek veritabanı kontrol ediliyor...
2026-01-13 21:18:44,949 - [INFO] - 💤 Bekleyen talep yok.
2026-01-13 21:18:54,984 - [INFO] - 🕵️‍♂️ JOB BAŞLADI: Gerçek veritabanı kontrol ediliyor...
2026-01-13 21:18:54,986 - [INFO] - 💤 Bekleyen talep yok.
2026-01-13 21:19:05,025 - [INFO] - 🕵️‍♂️ JOB BAŞLADI: Gerçek veritabanı kontrol ediliyor...
2026-01-13 21:19:05,028 - [INFO] - 💤 Bekleyen talep yok.
2026-01-13 21:19:15,061 - [INFO] - 🕵️‍♂️ JOB BAŞLADI: Gerçek veritabanı kontrol ediliyor...
2026-01-13 21:19:15,063 - [INFO] - 💤 Bekleyen talep yok.
2026-01-13 21:19:25,100 - [INFO] - 🕵️‍♂️ JOB BAŞLADI: Gerçek veritabanı kontrol ediliyor...
2026-01-13 21:19:25,101 - [INFO] - 💤 Bekleyen talep yok.
2026-01-13 21:19:35,128 - [INFO] - 🕵️‍♂️ JOB BAŞLADI: Gerçek veritabanı kontrol ediliyor...
2026-01-13 21:19:35,129 - [INFO] - 💤 Bekleyen talep yok.
2026-01-13 21:19:45,175 - [INFO] - 🕵️‍♂️ JOB BAŞLADI: Gerçek veritabanı kontrol ediliyor...
2026-01-13 21:19:45,179 - [INFO] - 💤 Bekleyen talep yok.
2026-01-13 21:19:55,220 - [INFO] - 🕵️‍♂️ JOB BAŞLADI: Gerçek veritabanı kontrol ediliyor...
2026-01-13 21:19:55,222 - [INFO] - 💤 Bekleyen talep yok.
2026-01-13 21:20:05,260 - [INFO] - 🕵️‍♂️ JOB BAŞLADI: Gerçek veritabanı kontrol ediliyor...
2026-01-13 21:20:05,262 - [INFO] - 💤 Bekleyen talep yok.
2026-01-13 21:20:15,291 - [INFO] - 🕵️‍♂️ JOB BAŞLADI: Gerçek veritabanı kontrol ediliyor...
2026-01-13 21:20:15,292 - [INFO] - 💤 Bekleyen talep yok.
2026-01-13 21:20:25,346 - [INFO] - 🕵️‍♂️ JOB BAŞLADI: Gerçek veritabanı kontrol ediliyor...
2026-01-13 21:20:25,348 - [INFO] - 💤 Bekleyen talep yok.
2026-01-13 21:20:35,385 - [INFO] - 🕵️‍♂️ JOB BAŞLADI: Gerçek veritabanı kontrol ediliyor...
2026-01-13 21:20:35,388 - [INFO] - 💤 Bekleyen talep yok.
2026-01-13 21:20:45,433 - [INFO] - 🕵️‍♂️ JOB BAŞLADI: Gerçek veritabanı kontrol ediliyor...
2026-01-13 21:20:45,436 - [INFO] - 💤 Bekleyen talep yok.
2026-01-13 21:20:55,484 - [INFO] - 🕵️‍♂️ JOB BAŞLADI: Gerçek veritabanı kontrol ediliyor...
2026-01-13 21:20:55,485 - [INFO] - 💤 Bekleyen talep yok.
2026-01-13 21:21:05,523 - [INFO] - 🕵️‍♂️ JOB BAŞLADI: Gerçek veritabanı kontrol ediliyor...
2026-01-13 21:21:05,525 - [INFO] - 💤 Bekleyen talep yok.
2026-01-13 21:21:15,564 - [INFO] - 🕵️‍♂️ JOB BAŞLADI: Gerçek veritabanı kontrol ediliyor...
2026-01-13 21:21:15,567 - [INFO] - 💤 Bekleyen talep yok.
2026-01-13 21:21:25,610 - [INFO] - 🕵️‍♂️ JOB BAŞLADI: Gerçek veritabanı kontrol ediliyor...
2026-01-13 21:21:25,612 - [INFO] - 💤 Bekleyen talep yok.
2026-01-13 21:21:35,656 - [INFO] - 🕵️‍♂️ JOB BAŞLADI: Gerçek veritabanı kontrol ediliyor...
2026-01-13 21:21:35,659 - [INFO] - 💤 Bekleyen talep yok.
2026-01-13 21:21:45,691 - [INFO] - 🕵️‍♂️ JOB BAŞLADI: Gerçek veritabanı kontrol ediliyor...
2026-01-13 21:21:45,692 - [INFO] - 💤 Bekleyen talep yok.
2026-01-13 21:21:55,740 - [INFO] - 🕵️‍♂️ JOB BAŞLADI: Gerçek veritabanı kontrol ediliyor...
2026-01-13 21:21:55,742 - [INFO] - 💤 Bekleyen talep yok.
2026-01-13 21:22:05,779 - [INFO] - 🕵️‍♂️ JOB BAŞLADI: Gerçek veritabanı kontrol ediliyor...
2026-01-13 21:22:05,781 - [INFO] - 💤 Bekleyen talep yok.
2026-01-13 21:22:15,823 - [INFO] - 🕵️‍♂️ JOB BAŞLADI: Gerçek veritabanı kontrol ediliyor...
2026-01-13 21:22:15,825 - [INFO] - 💤 Bekleyen talep yok.
2026-01-13 21:22:25,863 - [INFO] - 🕵️‍♂️ JOB BAŞLADI: Gerçek veritabanı kontrol ediliyor...
2026-01-13 21:22:25,865 - [INFO] - 💤 Bekleyen talep yok.
2026-01-13 21:22:35,906 - [INFO] - 🕵️‍♂️ JOB BAŞLADI: Gerçek veritabanı kontrol ediliyor...
2026-01-13 21:22:35,908 - [INFO] - 💤 Bekleyen talep yok.
2026-01-13 21:22:45,943 - [INFO] - 🕵️‍♂️ JOB BAŞLADI: Gerçek veritabanı kontrol ediliyor...
2026-01-13 21:22:45,945 - [INFO] - 💤 Bekleyen talep yok.
2026-01-13 21:22:55,995 - [INFO] - 🕵️‍♂️ JOB BAŞLADI: Gerçek veritabanı kontrol ediliyor...
2026-01-13 21:22:55,997 - [INFO] - 💤 Bekleyen talep yok.
2026-01-13 21:23:06,043 - [INFO] - 🕵️‍♂️ JOB BAŞLADI: Gerçek veritabanı kontrol ediliyor...
2026-01-13 21:23:06,045 - [INFO] - 💤 Bekleyen talep yok.
2026-01-13 21:23:16,084 - [INFO] - 🕵️‍♂️ JOB BAŞLADI: Gerçek veritabanı kontrol ediliyor...
2026-01-13 21:23:16,087 - [INFO] - 💤 Bekleyen talep yok.
2026-01-13 21:23:26,123 - [INFO] - 🕵️‍♂️ JOB BAŞLADI: Gerçek veritabanı kontrol ediliyor...
2026-01-13 21:23:26,125 - [INFO] - 💤 Bekleyen talep yok.
2026-01-13 21:23:36,165 - [INFO] - 🕵️‍♂️ JOB BAŞLADI: Gerçek veritabanı kontrol ediliyor...
2026-01-13 21:23:36,167 - [INFO] - 💤 Bekleyen talep yok.
2026-01-13 21:23:46,208 - [INFO] - 🕵️‍♂️ JOB BAŞLADI: Gerçek veritabanı kontrol ediliyor...
2026-01-13 21:23:46,212 - [INFO] - 💤 Bekleyen talep yok.
2026-01-13 21:23:56,255 - [INFO] - 🕵️‍♂️ JOB BAŞLADI: Gerçek veritabanı kontrol ediliyor...
2026-01-13 21:23:56,257 - [INFO] - 💤 Bekleyen talep yok.
2026-01-13 21:24:06,295 - [INFO] - 🕵️‍♂️ JOB BAŞLADI: Gerçek veritabanı kontrol ediliyor...
2026-01-13 21:24:06,298 - [INFO] - 💤 Bekleyen talep yok.
2026-01-13 21:24:16,340 - [INFO] - 🕵️‍♂️ JOB BAŞLADI: Gerçek veritabanı kontrol ediliyor...
2026-01-13 21:24:16,342 - [INFO] - 💤 Bekleyen talep yok.
2026-01-13 21:24:26,369 - [INFO] - 🕵️‍♂️ JOB BAŞLADI: Gerçek veritabanı kontrol ediliyor...
2026-01-13 21:24:26,371 - [INFO] - 💤 Bekleyen talep yok.
2026-01-13 21:24:36,404 - [INFO] - 🕵️‍♂️ JOB BAŞLADI: Gerçek veritabanı kontrol ediliyor...
2026-01-13 21:24:36,406 - [INFO] - 💤 Bekleyen talep yok.
2026-01-13 21:24:46,442 - [INFO] - 🕵️‍♂️ JOB BAŞLADI: Gerçek veritabanı kontrol ediliyor...
2026-01-13 21:24:46,444 - [INFO] - 💤 Bekleyen talep yok.
2026-01-13 21:24:56,477 - [INFO] - 🕵️‍♂️ JOB BAŞLADI: Gerçek veritabanı kontrol ediliyor...
2026-01-13 21:24:56,481 - [INFO] - 💤 Bekleyen talep yok.
2026-01-13 21:25:06,522 - [INFO] - 🕵️‍♂️ JOB BAŞLADI: Gerçek veritabanı kontrol ediliyor...
2026-01-13 21:25:06,525 - [INFO] - 💤 Bekleyen talep yok.
2026-01-13 21:25:16,550 - [INFO] - 🕵️‍♂️ JOB BAŞLADI: Gerçek veritabanı kontrol ediliyor...
2026-01-13 21:25:16,551 - [INFO] - 💤 Bekleyen talep yok.
2026-01-13 21:25:26,595 - [INFO] - 🕵️‍♂️ JOB BAŞLADI: Gerçek veritabanı kontrol ediliyor...
2026-01-13 21:25:26,598 - [INFO] - 💤 Bekleyen talep yok.
2026-01-13 21:25:36,632 - [INFO] - 🕵️‍♂️ JOB BAŞLADI: Gerçek veritabanı kontrol ediliyor...
2026-01-13 21:25:36,636 - [INFO] - 💤 Bekleyen talep yok.
2026-01-13 21:25:46,678 - [INFO] - 🕵️‍♂️ JOB BAŞLADI: Gerçek veritabanı kontrol ediliyor...
2026-01-13 21:25:46,680 - [INFO] - 💤 Bekleyen talep yok.
2026-01-13 21:25:56,717 - [INFO] - 🕵️‍♂️ JOB BAŞLADI: Gerçek veritabanı kontrol ediliyor...
2026-01-13 21:25:56,720 - [INFO] - 💤 Bekleyen talep yok.
2026-01-13 21:26:06,760 - [INFO] - 🕵️‍♂️ JOB BAŞLADI: Gerçek veritabanı kontrol ediliyor...
2026-01-13 21:26:06,763 - [INFO] - 💤 Bekleyen talep yok.
2026-01-13 21:26:16,800 - [INFO] - 🕵️‍♂️ JOB BAŞLADI: Gerçek veritabanı kontrol ediliyor...
2026-01-13 21:26:16,803 - [INFO] - 💤 Bekleyen talep yok.
2026-01-13 21:26:26,842 - [INFO] - 🕵️‍♂️ JOB BAŞLADI: Gerçek veritabanı kontrol ediliyor...
2026-01-13 21:26:26,844 - [INFO] - 💤 Bekleyen talep yok.
2026-01-13 21:26:36,884 - [INFO] - 🕵️‍♂️ JOB BAŞLADI: Gerçek veritabanı kontrol ediliyor...
2026-01-13 21:26:36,887 - [INFO] - 💤 Bekleyen talep yok.
2026-01-13 21:26:46,925 - [INFO] - 🕵️‍♂️ JOB BAŞLADI: Gerçek veritabanı kontrol ediliyor...
2026-01-13 21:26:46,928 - [INFO] - 💤 Bekleyen talep yok.
2026-01-13 21:26:56,964 - [INFO] - 🕵️‍♂️ JOB BAŞLADI: Gerçek veritabanı kontrol ediliyor...
2026-01-13 21:26:56,966 - [INFO] - 💤 Bekleyen talep yok.
2026-01-13 21:27:07,001 - [INFO] - 🕵️‍♂️ JOB BAŞLADI: Gerçek veritabanı kontrol ediliyor...
2026-01-13 21:27:07,004 - [INFO] - 💤 Bekleyen talep yok.
2026-01-13 21:27:17,046 - [INFO] - 🕵️‍♂️ JOB BAŞLADI: Gerçek veritabanı kontrol ediliyor...
2026-01-13 21:27:17,048 - [INFO] - 💤 Bekleyen talep yok.
2026-01-13 21:27:27,089 - [INFO] - 🕵️‍♂️ JOB BAŞLADI: Gerçek veritabanı kontrol ediliyor...
2026-01-13 21:27:27,092 - [INFO] - 💤 Bekleyen talep yok.
2026-01-13 21:27:37,124 - [INFO] - 🕵️‍♂️ JOB BAŞLADI: Gerçek veritabanı kontrol ediliyor...
2026-01-13 21:27:37,126 - [INFO] - 💤 Bekleyen talep yok.
2026-01-13 21:27:47,170 - [INFO] - 🕵️‍♂️ JOB BAŞLADI: Gerçek veritabanı kontrol ediliyor...
2026-01-13 21:27:47,174 - [INFO] - 💤 Bekleyen talep yok.
2026-01-13 21:27:57,216 - [INFO] - 🕵️‍♂️ JOB BAŞLADI: Gerçek veritabanı kontrol ediliyor...
2026-01-13 21:27:57,218 - [INFO] - 💤 Bekleyen talep yok.
2026-01-13 21:28:07,258 - [INFO] - 🕵️‍♂️ JOB BAŞLADI: Gerçek veritabanı kontrol ediliyor...
2026-01-13 21:28:07,261 - [INFO] - 💤 Bekleyen talep yok.
2026-01-13 21:28:17,302 - [INFO] - 🕵️‍♂️ JOB BAŞLADI: Gerçek veritabanı kontrol ediliyor...
2026-01-13 21:28:17,304 - [INFO] - 💤 Bekleyen talep yok.
2026-01-13 21:28:27,336 - [INFO] - 🕵️‍♂️ JOB BAŞLADI: Gerçek veritabanı kontrol ediliyor...
2026-01-13 21:28:27,337 - [INFO] - 💤 Bekleyen talep yok.
2026-01-13 21:28:37,371 - [INFO] - 🕵️‍♂️ JOB BAŞLADI: Gerçek veritabanı kontrol ediliyor...
2026-01-13 21:28:37,373 - [INFO] - 💤 Bekleyen talep yok.
2026-01-13 21:28:47,415 - [INFO] - 🕵️‍♂️ JOB BAŞLADI: Gerçek veritabanı kontrol ediliyor...
2026-01-13 21:28:47,417 - [INFO] - 💤 Bekleyen talep yok.
2026-01-13 21:28:57,464 - [INFO] - 🕵️‍♂️ JOB BAŞLADI: Gerçek veritabanı kontrol ediliyor...
2026-01-13 21:28:57,466 - [INFO] - 💤 Bekleyen talep yok.
2026-01-13 21:29:07,508 - [INFO] - 🕵️‍♂️ JOB BAŞLADI: Gerçek veritabanı kontrol ediliyor...
2026-01-13 21:29:07,510 - [INFO] - 💤 Bekleyen talep yok.
2026-01-13 21:29:17,558 - [INFO] - 🕵️‍♂️ JOB BAŞLADI: Gerçek veritabanı kontrol ediliyor...
2026-01-13 21:29:17,560 - [INFO] - 💤 Bekleyen talep yok.
2026-01-13 21:29:27,607 - [INFO] - 🕵️‍♂️ JOB BAŞLADI: Gerçek veritabanı kontrol ediliyor...
2026-01-13 21:29:27,609 - [INFO] - 💤 Bekleyen talep yok.
2026-01-13 21:29:37,656 - [INFO] - 🕵️‍♂️ JOB BAŞLADI: Gerçek veritabanı kontrol ediliyor...
2026-01-13 21:29:37,659 - [INFO] - 💤 Bekleyen talep yok.
2026-01-13 21:29:47,697 - [INFO] - 🕵️‍♂️ JOB BAŞLADI: Gerçek veritabanı kontrol ediliyor...
2026-01-13 21:29:47,700 - [INFO] - 💤 Bekleyen talep yok.
2026-01-13 21:29:57,744 - [INFO] - 🕵️‍♂️ JOB BAŞLADI: Gerçek veritabanı kontrol ediliyor...
2026-01-13 21:29:57,746 - [INFO] - 💤 Bekleyen talep yok.
2026-01-13 21:30:07,785 - [INFO] - 🕵️‍♂️ JOB BAŞLADI: Gerçek veritabanı kontrol ediliyor...
2026-01-13 21:30:07,787 - [INFO] - 💤 Bekleyen talep yok.
2026-01-13 21:30:17,835 - [INFO] - 🕵️‍♂️ JOB BAŞLADI: Gerçek veritabanı kontrol ediliyor...
2026-01-13 21:30:17,838 - [INFO] - 💤 Bekleyen talep yok.
2026-01-13 21:30:27,886 - [INFO] - 🕵️‍♂️ JOB BAŞLADI: Gerçek veritabanı kontrol ediliyor...
2026-01-13 21:30:27,888 - [INFO] - 💤 Bekleyen talep yok.
2026-01-13 21:30:37,929 - [INFO] - 🕵️‍♂️ JOB BAŞLADI: Gerçek veritabanı kontrol ediliyor...
2026-01-13 21:30:37,932 - [INFO] - 💤 Bekleyen talep yok.
2026-01-13 21:30:47,987 - [INFO] - 🕵️‍♂️ JOB BAŞLADI: Gerçek veritabanı kontrol ediliyor...
2026-01-13 21:30:47,989 - [INFO] - 💤 Bekleyen talep yok.
2026-01-13 21:30:58,054 - [INFO] - 🕵️‍♂️ JOB BAŞLADI: Gerçek veritabanı kontrol ediliyor...
2026-01-13 21:30:58,057 - [INFO] - 💤 Bekleyen talep yok.
2026-01-13 21:31:08,133 - [INFO] - 🕵️‍♂️ JOB BAŞLADI: Gerçek veritabanı kontrol ediliyor...
2026-01-13 21:31:08,135 - [INFO] - 💤 Bekleyen talep yok.
2026-01-13 21:31:18,213 - [INFO] - 🕵️‍♂️ JOB BAŞLADI: Gerçek veritabanı kontrol ediliyor...
2026-01-13 21:31:18,215 - [INFO] - 💤 Bekleyen talep yok.
2026-01-13 21:31:28,300 - [INFO] - 🕵️‍♂️ JOB BAŞLADI: Gerçek veritabanı kontrol ediliyor...
2026-01-13 21:31:28,302 - [INFO] - 💤 Bekleyen talep yok.
2026-01-13 21:31:38,391 - [INFO] - 🕵️‍♂️ JOB BAŞLADI: Gerçek veritabanı kontrol ediliyor...
2026-01-13 21:31:38,393 - [INFO] - 💤 Bekleyen talep yok.
2026-01-13 21:31:48,474 - [INFO] - 🕵️‍♂️ JOB BAŞLADI: Gerçek veritabanı kontrol ediliyor...
2026-01-13 21:31:48,476 - [INFO] - 💤 Bekleyen talep yok.
2026-01-13 21:31:58,561 - [INFO] - 🕵️‍♂️ JOB BAŞLADI: Gerçek veritabanı kontrol ediliyor...
2026-01-13 21:31:58,563 - [INFO] - 💤 Bekleyen talep yok.
2026-01-13 21:32:08,645 - [INFO] - 🕵️‍♂️ JOB BAŞLADI: Gerçek veritabanı kontrol ediliyor...
2026-01-13 21:32:08,647 - [INFO] - 💤 Bekleyen talep yok.
2026-01-13 21:32:18,738 - [INFO] - 🕵️‍♂️ JOB BAŞLADI: Gerçek veritabanı kontrol ediliyor...
2026-01-13 21:32:18,740 - [INFO] - 💤 Bekleyen talep yok.
2026-01-13 21:32:28,828 - [INFO] - 🕵️‍♂️ JOB BAŞLADI: Gerçek veritabanı kontrol ediliyor...
2026-01-13 21:32:28,830 - [INFO] - 💤 Bekleyen talep yok.
2026-01-13 21:32:38,910 - [INFO] - 🕵️‍♂️ JOB BAŞLADI: Gerçek veritabanı kontrol ediliyor...
2026-01-13 21:32:38,912 - [INFO] - 💤 Bekleyen talep yok.
2026-01-13 21:32:48,999 - [INFO] - 🕵️‍♂️ JOB BAŞLADI: Gerçek veritabanı kontrol ediliyor...
2026-01-13 21:32:49,001 - [INFO] - 💤 Bekleyen talep yok.
2026-01-13 21:32:59,089 - [INFO] - 🕵️‍♂️ JOB BAŞLADI: Gerçek veritabanı kontrol ediliyor...
2026-01-13 21:32:59,091 - [INFO] - 💤 Bekleyen talep yok.
2026-01-13 21:33:09,174 - [INFO] - 🕵️‍♂️ JOB BAŞLADI: Gerçek veritabanı kontrol ediliyor...
2026-01-13 21:33:09,177 - [INFO] - 💤 Bekleyen talep yok.
2026-01-13 21:33:19,258 - [INFO] - 🕵️‍♂️ JOB BAŞLADI: Gerçek veritabanı kontrol ediliyor...
2026-01-13 21:33:19,260 - [INFO] - 💤 Bekleyen talep yok.
2026-01-13 21:33:29,330 - [INFO] - 🕵️‍♂️ JOB BAŞLADI: Gerçek veritabanı kontrol ediliyor...
2026-01-13 21:33:29,333 - [INFO] - 💤 Bekleyen talep yok.
2026-01-13 21:33:39,407 - [INFO] - 🕵️‍♂️ JOB BAŞLADI: Gerçek veritabanı kontrol ediliyor...
2026-01-13 21:33:39,409 - [INFO] - 💤 Bekleyen talep yok.
2026-01-13 21:33:49,500 - [INFO] - 🕵️‍♂️ JOB BAŞLADI: Gerçek veritabanı kontrol ediliyor...
2026-01-13 21:33:49,502 - [INFO] - 💤 Bekleyen talep yok.
2026-01-13 21:33:59,597 - [INFO] - 🕵️‍♂️ JOB BAŞLADI: Gerçek veritabanı kontrol ediliyor...
2026-01-13 21:33:59,599 - [INFO] - 💤 Bekleyen talep yok.
2026-01-13 21:34:09,694 - [INFO] - 🕵️‍♂️ JOB BAŞLADI: Gerçek veritabanı kontrol ediliyor...
2026-01-13 21:34:09,697 - [INFO] - 💤 Bekleyen talep yok.
2026-01-13 21:34:19,782 - [INFO] - 🕵️‍♂️ JOB BAŞLADI: Gerçek veritabanı kontrol ediliyor...
2026-01-13 21:34:19,784 - [INFO] - 💤 Bekleyen talep yok.
2026-01-13 21:34:29,874 - [INFO] - 🕵️‍♂️ JOB BAŞLADI: Gerçek veritabanı kontrol ediliyor...
2026-01-13 21:34:29,877 - [INFO] - 💤 Bekleyen talep yok.
2026-01-13 21:34:39,963 - [INFO] - 🕵️‍♂️ JOB BAŞLADI: Gerçek veritabanı kontrol ediliyor...
2026-01-13 21:34:39,966 - [INFO] - 💤 Bekleyen talep yok.
2026-01-13 21:34:50,048 - [INFO] - 🕵️‍♂️ JOB BAŞLADI: Gerçek veritabanı kontrol ediliyor...
2026-01-13 21:34:50,050 - [INFO] - 💤 Bekleyen talep yok.
2026-01-13 21:35:00,125 - [INFO] - 🕵️‍♂️ JOB BAŞLADI: Gerçek veritabanı kontrol ediliyor...
2026-01-13 21:35:00,127 - [INFO] - 💤 Bekleyen talep yok.
2026-01-13 21:35:10,198 - [INFO] - 🕵️‍♂️ JOB BAŞLADI: Gerçek veritabanı kontrol ediliyor...
2026-01-13 21:35:10,201 - [INFO] - 💤 Bekleyen talep yok.
2026-01-13 21:35:20,282 - [INFO] - 🕵️‍♂️ JOB BAŞLADI: Gerçek veritabanı kontrol ediliyor...
2026-01-13 21:35:20,284 - [INFO] - 💤 Bekleyen talep yok.
2026-01-13 21:35:30,369 - [INFO] - 🕵️‍♂️ JOB BAŞLADI: Gerçek veritabanı kontrol ediliyor...
2026-01-13 21:35:30,371 - [INFO] - 💤 Bekleyen talep yok.
2026-01-13 21:35:40,457 - [INFO] - 🕵️‍♂️ JOB BAŞLADI: Gerçek veritabanı kontrol ediliyor...
2026-01-13 21:35:40,460 - [INFO] - 💤 Bekleyen talep yok.
2026-01-13 21:35:50,537 - [INFO] - 🕵️‍♂️ JOB BAŞLADI: Gerçek veritabanı kontrol ediliyor...
2026-01-13 21:35:50,539 - [INFO] - 💤 Bekleyen talep yok.
2026-01-13 21:36:00,620 - [INFO] - 🕵️‍♂️ JOB BAŞLADI: Gerçek veritabanı kontrol ediliyor...
2026-01-13 21:36:00,622 - [INFO] - 💤 Bekleyen talep yok.
2026-01-13 21:36:10,698 - [INFO] - 🕵️‍♂️ JOB BAŞLADI: Gerçek veritabanı kontrol ediliyor...
2026-01-13 21:36:10,701 - [INFO] - 💤 Bekleyen talep yok.
2026-01-13 21:36:20,790 - [INFO] - 🕵️‍♂️ JOB BAŞLADI: Gerçek veritabanı kontrol ediliyor...
2026-01-13 21:36:20,792 - [INFO] - 💤 Bekleyen talep yok.
2026-01-13 21:36:30,878 - [INFO] - 🕵️‍♂️ JOB BAŞLADI: Gerçek veritabanı kontrol ediliyor...
2026-01-13 21:36:30,880 - [INFO] - 💤 Bekleyen talep yok.
2026-01-13 21:36:40,973 - [INFO] - 🕵️‍♂️ JOB BAŞLADI: Gerçek veritabanı kontrol ediliyor...
2026-01-13 21:36:40,975 - [INFO] - 💤 Bekleyen talep yok.
2026-01-13 21:36:51,069 - [INFO] - 🕵️‍♂️ JOB BAŞLADI: Gerçek veritabanı kontrol ediliyor...
2026-01-13 21:36:51,071 - [INFO] - 💤 Bekleyen talep yok.
2026-01-13 21:37:01,158 - [INFO] - 🕵️‍♂️ JOB BAŞLADI: Gerçek veritabanı kontrol ediliyor...
2026-01-13 21:37:01,161 - [INFO] - 💤 Bekleyen talep yok.
2026-01-13 21:37:11,244 - [INFO] - 🕵️‍♂️ JOB BAŞLADI: Gerçek veritabanı kontrol ediliyor...
2026-01-13 21:37:11,246 - [INFO] - 💤 Bekleyen talep yok.
2026-01-13 21:37:21,321 - [INFO] - 🕵️‍♂️ JOB BAŞLADI: Gerçek veritabanı kontrol ediliyor...
2026-01-13 21:37:21,323 - [INFO] - 💤 Bekleyen talep yok.
2026-01-13 21:37:31,396 - [INFO] - 🕵️‍♂️ JOB BAŞLADI: Gerçek veritabanı kontrol ediliyor...
2026-01-13 21:37:31,399 - [INFO] - 💤 Bekleyen talep yok.
2026-01-13 21:37:41,460 - [INFO] - 🕵️‍♂️ JOB BAŞLADI: Gerçek veritabanı kontrol ediliyor...
2026-01-13 21:37:41,462 - [INFO] - 💤 Bekleyen talep yok.
2026-01-13 21:37:51,532 - [INFO] - 🕵️‍♂️ JOB BAŞLADI: Gerçek veritabanı kontrol ediliyor...
2026-01-13 21:37:51,534 - [INFO] - 💤 Bekleyen talep yok.
2026-01-13 21:38:01,621 - [INFO] - 🕵️‍♂️ JOB BAŞLADI: Gerçek veritabanı kontrol ediliyor...
2026-01-13 21:38:01,623 - [INFO] - 💤 Bekleyen talep yok.
2026-01-13 21:38:11,711 - [INFO] - 🕵️‍♂️ JOB BAŞLADI: Gerçek veritabanı kontrol ediliyor...
2026-01-13 21:38:11,713 - [INFO] - 💤 Bekleyen talep yok.
2026-01-13 21:38:21,788 - [INFO] - 🕵️‍♂️ JOB BAŞLADI: Gerçek veritabanı kontrol ediliyor...
2026-01-13 21:38:21,790 - [INFO] - 💤 Bekleyen talep yok.
2026-01-13 21:38:31,874 - [INFO] - 🕵️‍♂️ JOB BAŞLADI: Gerçek veritabanı kontrol ediliyor...
2026-01-13 21:38:31,876 - [INFO] - 💤 Bekleyen talep yok.
2026-01-13 21:38:41,959 - [INFO] - 🕵️‍♂️ JOB BAŞLADI: Gerçek veritabanı kontrol ediliyor...
2026-01-13 21:38:41,961 - [INFO] - 💤 Bekleyen talep yok.
2026-01-13 21:38:52,039 - [INFO] - 🕵️‍♂️ JOB BAŞLADI: Gerçek veritabanı kontrol ediliyor...
2026-01-13 21:38:52,041 - [INFO] - 💤 Bekleyen talep yok.
2026-01-13 21:39:02,120 - [INFO] - 🕵️‍♂️ JOB BAŞLADI: Gerçek veritabanı kontrol ediliyor...
2026-01-13 21:39:02,122 - [INFO] - 💤 Bekleyen talep yok.
2026-01-13 21:39:12,204 - [INFO] - 🕵️‍♂️ JOB BAŞLADI: Gerçek veritabanı kontrol ediliyor...
2026-01-13 21:39:12,206 - [INFO] - 💤 Bekleyen talep yok.
2026-01-13 21:39:22,283 - [INFO] - 🕵️‍♂️ JOB BAŞLADI: Gerçek veritabanı kontrol ediliyor...
2026-01-13 21:39:22,286 - [INFO] - 💤 Bekleyen talep yok.
2026-01-13 21:39:32,360 - [INFO] - 🕵️‍♂️ JOB BAŞLADI: Gerçek veritabanı kontrol ediliyor...
2026-01-13 21:39:32,362 - [INFO] - 💤 Bekleyen talep yok.
2026-01-13 21:39:42,440 - [INFO] - 🕵️‍♂️ JOB BAŞLADI: Gerçek veritabanı kontrol ediliyor...
2026-01-13 21:39:42,443 - [INFO] - 💤 Bekleyen talep yok.
2026-01-13 21:39:52,526 - [INFO] - 🕵️‍♂️ JOB BAŞLADI: Gerçek veritabanı kontrol ediliyor...
2026-01-13 21:39:52,528 - [INFO] - 💤 Bekleyen talep yok.
2026-01-13 21:40:02,603 - [INFO] - 🕵️‍♂️ JOB BAŞLADI: Gerçek veritabanı kontrol ediliyor...
2026-01-13 21:40:02,604 - [INFO] - 💤 Bekleyen talep yok.
2026-01-13 21:40:12,696 - [INFO] - 🕵️‍♂️ JOB BAŞLADI: Gerçek veritabanı kontrol ediliyor...
2026-01-13 21:40:12,698 - [INFO] - 💤 Bekleyen talep yok.
2026-01-13 21:40:22,774 - [INFO] - 🕵️‍♂️ JOB BAŞLADI: Gerçek veritabanı kontrol ediliyor...
2026-01-13 21:40:22,777 - [INFO] - 💤 Bekleyen talep yok.
2026-01-13 21:40:32,858 - [INFO] - 🕵️‍♂️ JOB BAŞLADI: Gerçek veritabanı kontrol ediliyor...
2026-01-13 21:40:32,860 - [INFO] - 💤 Bekleyen talep yok.
2026-01-13 21:40:42,957 - [INFO] - 🕵️‍♂️ JOB BAŞLADI: Gerçek veritabanı kontrol ediliyor...
2026-01-13 21:40:42,960 - [INFO] - 💤 Bekleyen talep yok.
2026-01-13 21:40:53,052 - [INFO] - 🕵️‍♂️ JOB BAŞLADI: Gerçek veritabanı kontrol ediliyor...
2026-01-13 21:40:53,054 - [INFO] - 💤 Bekleyen talep yok.
2026-01-13 21:41:03,146 - [INFO] - 🕵️‍♂️ JOB BAŞLADI: Gerçek veritabanı kontrol ediliyor...
2026-01-13 21:41:03,148 - [INFO] - 💤 Bekleyen talep yok.
2026-01-13 21:41:13,232 - [INFO] - 🕵️‍♂️ JOB BAŞLADI: Gerçek veritabanı kontrol ediliyor...
2026-01-13 21:41:13,234 - [INFO] - 💤 Bekleyen talep yok.
2026-01-13 21:41:23,297 - [INFO] - 🕵️‍♂️ JOB BAŞLADI: Gerçek veritabanı kontrol ediliyor...
2026-01-13 21:41:23,300 - [INFO] - 💤 Bekleyen talep yok.
2026-01-13 21:41:33,395 - [INFO] - 🕵️‍♂️ JOB BAŞLADI: Gerçek veritabanı kontrol ediliyor...
2026-01-13 21:41:33,398 - [INFO] - 💤 Bekleyen talep yok.
2026-01-13 21:41:43,475 - [INFO] - 🕵️‍♂️ JOB BAŞLADI: Gerçek veritabanı kontrol ediliyor...
2026-01-13 21:41:43,477 - [INFO] - 💤 Bekleyen talep yok.
2026-01-13 21:41:53,561 - [INFO] - 🕵️‍♂️ JOB BAŞLADI: Gerçek veritabanı kontrol ediliyor...
2026-01-13 21:41:53,563 - [INFO] - 💤 Bekleyen talep yok.
2026-01-13 21:42:03,653 - [INFO] - 🕵️‍♂️ JOB BAŞLADI: Gerçek veritabanı kontrol ediliyor...
2026-01-13 21:42:03,656 - [INFO] - 💤 Bekleyen talep yok.
2026-01-13 21:42:13,739 - [INFO] - 🕵️‍♂️ JOB BAŞLADI: Gerçek veritabanı kontrol ediliyor...
2026-01-13 21:42:13,742 - [INFO] - 💤 Bekleyen talep yok.
2026-01-13 21:42:23,827 - [INFO] - 🕵️‍♂️ JOB BAŞLADI: Gerçek veritabanı kontrol ediliyor...
2026-01-13 21:42:23,829 - [INFO] - 💤 Bekleyen talep yok.
2026-01-13 21:42:33,901 - [INFO] - 🕵️‍♂️ JOB BAŞLADI: Gerçek veritabanı kontrol ediliyor...
2026-01-13 21:42:33,903 - [INFO] - 💤 Bekleyen talep yok.
2026-01-13 21:42:43,998 - [INFO] - 🕵️‍♂️ JOB BAŞLADI: Gerçek veritabanı kontrol ediliyor...
2026-01-13 21:42:44,001 - [INFO] - 💤 Bekleyen talep yok.
2026-01-13 21:42:54,078 - [INFO] - 🕵️‍♂️ JOB BAŞLADI: Gerçek veritabanı kontrol ediliyor...
2026-01-13 21:42:54,080 - [INFO] - 💤 Bekleyen talep yok.
2026-01-13 21:43:04,165 - [INFO] - 🕵️‍♂️ JOB BAŞLADI: Gerçek veritabanı kontrol ediliyor...
2026-01-13 21:43:04,168 - [INFO] - 💤 Bekleyen talep yok.
2026-01-13 21:43:14,244 - [INFO] - 🕵️‍♂️ JOB BAŞLADI: Gerçek veritabanı kontrol ediliyor...
2026-01-13 21:43:14,246 - [INFO] - 💤 Bekleyen talep yok.
2026-01-13 21:43:24,339 - [INFO] - 🕵️‍♂️ JOB BAŞLADI: Gerçek veritabanı kontrol ediliyor...
2026-01-13 21:43:24,341 - [INFO] - 💤 Bekleyen talep yok.
2026-01-13 21:43:34,430 - [INFO] - 🕵️‍♂️ JOB BAŞLADI: Gerçek veritabanı kontrol ediliyor...
2026-01-13 21:43:34,432 - [INFO] - 💤 Bekleyen talep yok.
2026-01-13 21:43:44,523 - [INFO] - 🕵️‍♂️ JOB BAŞLADI: Gerçek veritabanı kontrol ediliyor...
2026-01-13 21:43:44,525 - [INFO] - 💤 Bekleyen talep yok.
2026-01-13 21:43:54,607 - [INFO] - 🕵️‍♂️ JOB BAŞLADI: Gerçek veritabanı kontrol ediliyor...
2026-01-13 21:43:54,610 - [INFO] - 💤 Bekleyen talep yok.
2026-01-13 21:44:04,680 - [INFO] - 🕵️‍♂️ JOB BAŞLADI: Gerçek veritabanı kontrol ediliyor...
2026-01-13 21:44:04,682 - [INFO] - 💤 Bekleyen talep yok.
2026-01-13 21:44:14,780 - [INFO] - 🕵️‍♂️ JOB BAŞLADI: Gerçek veritabanı kontrol ediliyor...
2026-01-13 21:44:14,782 - [INFO] - 💤 Bekleyen talep yok.
2026-01-13 21:44:24,867 - [INFO] - 🕵️‍♂️ JOB BAŞLADI: Gerçek veritabanı kontrol ediliyor...
2026-01-13 21:44:24,869 - [INFO] - 💤 Bekleyen talep yok.
2026-01-13 21:44:34,948 - [INFO] - 🕵️‍♂️ JOB BAŞLADI: Gerçek veritabanı kontrol ediliyor...
2026-01-13 21:44:34,950 - [INFO] - 💤 Bekleyen talep yok.
2026-01-13 21:44:45,047 - [INFO] - 🕵️‍♂️ JOB BAŞLADI: Gerçek veritabanı kontrol ediliyor...
2026-01-13 21:44:45,050 - [INFO] - 💤 Bekleyen talep yok.
2026-01-13 21:44:55,128 - [INFO] - 🕵️‍♂️ JOB BAŞLADI: Gerçek veritabanı kontrol ediliyor...
2026-01-13 21:44:55,130 - [INFO] - 💤 Bekleyen talep yok.
2026-01-13 21:45:05,213 - [INFO] - 🕵️‍♂️ JOB BAŞLADI: Gerçek veritabanı kontrol ediliyor...
2026-01-13 21:45:05,216 - [INFO] - 💤 Bekleyen talep yok.
2026-01-13 21:45:15,307 - [INFO] - 🕵️‍♂️ JOB BAŞLADI: Gerçek veritabanı kontrol ediliyor...
2026-01-13 21:45:15,309 - [INFO] - 💤 Bekleyen talep yok.
2026-01-13 21:45:25,385 - [INFO] - 🕵️‍♂️ JOB BAŞLADI: Gerçek veritabanı kontrol ediliyor...
2026-01-13 21:45:25,387 - [INFO] - 💤 Bekleyen talep yok.
2026-01-13 21:45:35,458 - [INFO] - 🕵️‍♂️ JOB BAŞLADI: Gerçek veritabanı kontrol ediliyor...
2026-01-13 21:45:35,461 - [INFO] - 💤 Bekleyen talep yok.
2026-01-13 21:45:45,535 - [INFO] - 🕵️‍♂️ JOB BAŞLADI: Gerçek veritabanı kontrol ediliyor...
2026-01-13 21:45:45,538 - [INFO] - 💤 Bekleyen talep yok.
2026-01-13 21:45:55,610 - [INFO] - 🕵️‍♂️ JOB BAŞLADI: Gerçek veritabanı kontrol ediliyor...
2026-01-13 21:45:55,613 - [INFO] - 💤 Bekleyen talep yok.
2026-01-13 21:46:05,696 - [INFO] - 🕵️‍♂️ JOB BAŞLADI: Gerçek veritabanı kontrol ediliyor...
2026-01-13 21:46:05,698 - [INFO] - 💤 Bekleyen talep yok.
2026-01-13 21:46:15,778 - [INFO] - 🕵️‍♂️ JOB BAŞLADI: Gerçek veritabanı kontrol ediliyor...
2026-01-13 21:46:15,780 - [INFO] - 💤 Bekleyen talep yok.
2026-01-13 21:46:25,876 - [INFO] - 🕵️‍♂️ JOB BAŞLADI: Gerçek veritabanı kontrol ediliyor...
2026-01-13 21:46:25,879 - [INFO] - 💤 Bekleyen talep yok.
2026-01-13 21:46:35,952 - [INFO] - 🕵️‍♂️ JOB BAŞLADI: Gerçek veritabanı kontrol ediliyor...
2026-01-13 21:46:35,955 - [INFO] - 💤 Bekleyen talep yok.
2026-01-13 21:46:46,043 - [INFO] - 🕵️‍♂️ JOB BAŞLADI: Gerçek veritabanı kontrol ediliyor...
2026-01-13 21:46:46,046 - [INFO] - 💤 Bekleyen talep yok.
2026-01-13 21:46:56,120 - [INFO] - 🕵️‍♂️ JOB BAŞLADI: Gerçek veritabanı kontrol ediliyor...
2026-01-13 21:46:56,123 - [INFO] - 💤 Bekleyen talep yok.
2026-01-13 21:47:06,204 - [INFO] - 🕵️‍♂️ JOB BAŞLADI: Gerçek veritabanı kontrol ediliyor...
2026-01-13 21:47:06,206 - [INFO] - 💤 Bekleyen talep yok.
2026-01-13 21:47:16,296 - [INFO] - 🕵️‍♂️ JOB BAŞLADI: Gerçek veritabanı kontrol ediliyor...
2026-01-13 21:47:16,298 - [INFO] - 💤 Bekleyen talep yok.
2026-01-13 21:47:26,371 - [INFO] - 🕵️‍♂️ JOB BAŞLADI: Gerçek veritabanı kontrol ediliyor...
2026-01-13 21:47:26,373 - [INFO] - 💤 Bekleyen talep yok.
2026-01-13 21:47:36,463 - [INFO] - 🕵️‍♂️ JOB BAŞLADI: Gerçek veritabanı kontrol ediliyor...
2026-01-13 21:47:36,465 - [INFO] - 💤 Bekleyen talep yok.
2026-01-13 21:47:46,551 - [INFO] - 🕵️‍♂️ JOB BAŞLADI: Gerçek veritabanı kontrol ediliyor...
2026-01-13 21:47:46,554 - [INFO] - 💤 Bekleyen talep yok.
2026-01-13 21:47:56,628 - [INFO] - 🕵️‍♂️ JOB BAŞLADI: Gerçek veritabanı kontrol ediliyor...
2026-01-13 21:47:56,631 - [INFO] - 💤 Bekleyen talep yok.
2026-01-13 21:48:06,722 - [INFO] - 🕵️‍♂️ JOB BAŞLADI: Gerçek veritabanı kontrol ediliyor...
2026-01-13 21:48:06,725 - [INFO] - 💤 Bekleyen talep yok.
2026-01-13 21:48:16,808 - [INFO] - 🕵️‍♂️ JOB BAŞLADI: Gerçek veritabanı kontrol ediliyor...
2026-01-13 21:48:16,811 - [INFO] - 💤 Bekleyen talep yok.
2026-01-13 21:48:26,896 - [INFO] - 🕵️‍♂️ JOB BAŞLADI: Gerçek veritabanı kontrol ediliyor...
2026-01-13 21:48:26,898 - [INFO] - 💤 Bekleyen talep yok.
2026-01-13 21:48:36,986 - [INFO] - 🕵️‍♂️ JOB BAŞLADI: Gerçek veritabanı kontrol ediliyor...
2026-01-13 21:48:36,989 - [INFO] - 💤 Bekleyen talep yok.
2026-01-13 21:48:47,069 - [INFO] - 🕵️‍♂️ JOB BAŞLADI: Gerçek veritabanı kontrol ediliyor...
2026-01-13 21:48:47,072 - [INFO] - 💤 Bekleyen talep yok.
2026-01-13 21:48:57,157 - [INFO] - 🕵️‍♂️ JOB BAŞLADI: Gerçek veritabanı kontrol ediliyor...
2026-01-13 21:48:57,159 - [INFO] - 💤 Bekleyen talep yok.
2026-01-13 21:49:07,251 - [INFO] - 🕵️‍♂️ JOB BAŞLADI: Gerçek veritabanı kontrol ediliyor...
2026-01-13 21:49:07,253 - [INFO] - 💤 Bekleyen talep yok.
2026-01-13 21:49:17,338 - [INFO] - 🕵️‍♂️ JOB BAŞLADI: Gerçek veritabanı kontrol ediliyor...
2026-01-13 21:49:17,341 - [INFO] - 💤 Bekleyen talep yok.
2026-01-13 21:49:27,415 - [INFO] - 🕵️‍♂️ JOB BAŞLADI: Gerçek veritabanı kontrol ediliyor...
2026-01-13 21:49:27,418 - [INFO] - 💤 Bekleyen talep yok.
2026-01-13 21:49:37,507 - [INFO] - 🕵️‍♂️ JOB BAŞLADI: Gerçek veritabanı kontrol ediliyor...
2026-01-13 21:49:37,510 - [INFO] - 💤 Bekleyen talep yok.
2026-01-13 21:49:47,574 - [INFO] - 🕵️‍♂️ JOB BAŞLADI: Gerçek veritabanı kontrol ediliyor...
2026-01-13 21:49:47,577 - [INFO] - 💤 Bekleyen talep yok.
2026-01-13 21:49:57,660 - [INFO] - 🕵️‍♂️ JOB BAŞLADI: Gerçek veritabanı kontrol ediliyor...
2026-01-13 21:49:57,662 - [INFO] - 💤 Bekleyen talep yok.
2026-01-13 21:50:07,741 - [INFO] - 🕵️‍♂️ JOB BAŞLADI: Gerçek veritabanı kontrol ediliyor...
2026-01-13 21:50:07,744 - [INFO] - 💤 Bekleyen talep yok.
2026-01-13 21:50:17,837 - [INFO] - 🕵️‍♂️ JOB BAŞLADI: Gerçek veritabanı kontrol ediliyor...
2026-01-13 21:50:17,839 - [INFO] - 💤 Bekleyen talep yok.
2026-01-13 21:50:27,933 - [INFO] - 🕵️‍♂️ JOB BAŞLADI: Gerçek veritabanı kontrol ediliyor...
2026-01-13 21:50:27,936 - [INFO] - 💤 Bekleyen talep yok.
2026-01-13 21:50:38,023 - [INFO] - 🕵️‍♂️ JOB BAŞLADI: Gerçek veritabanı kontrol ediliyor...
2026-01-13 21:50:38,025 - [INFO] - 💤 Bekleyen talep yok.
2026-01-13 21:50:48,080 - [INFO] - 🕵️‍♂️ JOB BAŞLADI: Gerçek veritabanı kontrol ediliyor...
2026-01-13 21:50:48,083 - [INFO] - 💤 Bekleyen talep yok.
2026-01-13 21:50:58,121 - [INFO] - 🕵️‍♂️ JOB BAŞLADI: Gerçek veritabanı kontrol ediliyor...
2026-01-13 21:50:58,123 - [INFO] - 💤 Bekleyen talep yok.
2026-01-13 21:51:08,167 - [INFO] - 🕵️‍♂️ JOB BAŞLADI: Gerçek veritabanı kontrol ediliyor...
2026-01-13 21:51:08,170 - [INFO] - 💤 Bekleyen talep yok.
2026-01-13 21:51:18,213 - [INFO] - 🕵️‍♂️ JOB BAŞLADI: Gerçek veritabanı kontrol ediliyor...
2026-01-13 21:51:18,216 - [INFO] - 💤 Bekleyen talep yok.
2026-01-13 21:51:28,264 - [INFO] - 🕵️‍♂️ JOB BAŞLADI: Gerçek veritabanı kontrol ediliyor...
2026-01-13 21:51:28,266 - [INFO] - 💤 Bekleyen talep yok.
2026-01-13 21:51:38,300 - [INFO] - 🕵️‍♂️ JOB BAŞLADI: Gerçek veritabanı kontrol ediliyor...
2026-01-13 21:51:38,303 - [INFO] - 💤 Bekleyen talep yok.
2026-01-13 21:51:48,333 - [INFO] - 🕵️‍♂️ JOB BAŞLADI: Gerçek veritabanı kontrol ediliyor...
2026-01-13 21:51:48,335 - [INFO] - 💤 Bekleyen talep yok.
2026-01-13 21:51:58,376 - [INFO] - 🕵️‍♂️ JOB BAŞLADI: Gerçek veritabanı kontrol ediliyor...
2026-01-13 21:51:58,378 - [INFO] - 💤 Bekleyen talep yok.
2026-01-13 21:52:08,417 - [INFO] - 🕵️‍♂️ JOB BAŞLADI: Gerçek veritabanı kontrol ediliyor...
2026-01-13 21:52:08,419 - [INFO] - 💤 Bekleyen talep yok.
2026-01-13 21:52:18,456 - [INFO] - 🕵️‍♂️ JOB BAŞLADI: Gerçek veritabanı kontrol ediliyor...
2026-01-13 21:52:18,458 - [INFO] - 💤 Bekleyen talep yok.
2026-01-13 21:52:28,503 - [INFO] - 🕵️‍♂️ JOB BAŞLADI: Gerçek veritabanı kontrol ediliyor...
2026-01-13 21:52:28,506 - [INFO] - 💤 Bekleyen talep yok.
2026-01-13 21:52:38,542 - [INFO] - 🕵️‍♂️ JOB BAŞLADI: Gerçek veritabanı kontrol ediliyor...
2026-01-13 21:52:38,545 - [INFO] - 💤 Bekleyen talep yok.
2026-01-13 21:52:48,587 - [INFO] - 🕵️‍♂️ JOB BAŞLADI: Gerçek veritabanı kontrol ediliyor...
2026-01-13 21:52:48,590 - [INFO] - 💤 Bekleyen talep yok.
